
[VT] Terminal OnCreate
[VT] ESC at 0 next=0x5b (chunk=4)
[VT] ESC at 0 next=0x5b (chunk=19)
[VT] ESC at 3 next=0x5b (chunk=19)
[VT] ESC at 11 next=0x5b (chunk=19)
[VT] ESC at 0 next=0x5b (chunk=6)
[VT] ESC at 0 next=0x5b (chunk=7)
[VT] ESC at 0 next=0x5b (chunk=6)
[VT] ESC at 0 next=0x5b (chunk=8)
[VT] ESC at 0 next=0x5b (chunk=4)
[VT] ESC at 0 next=0x5b (chunk=7)
[VT] ESC at 0 next=0x5b (chunk=6)
[VT] ESC at 0 next=0x5b (chunk=6)
[VT] ESC at 0 next=0x5b (chunk=7)
[VT] ESC at 0 next=0x5b (chunk=7)
[VT] ESC at 0 next=0x5b (chunk=8)
[VT] ESC at 0 next=0x5b (chunk=17)
[VT] ESC at 4 next=0x5b (chunk=17)
[VT] ESC at 11 next=0x5b (chunk=17)
[VT] ESC at 0 next=0x5b (chunk=7)
[VT] ESC at 0 next=0x5b (chunk=4)
[VT] ESC at 0 next=0x5b (chunk=4)
[VT] ESC at 0 next=0x5b (chunk=6)
[VT] ESC at 0 next=0x5b (chunk=7)
[VT] ESC at 0 next=0x5b (chunk=6)
[VT] ESC at 0 next=0x5b (chunk=8)
[VT] ESC at 0 next=0x5b (chunk=4)
[VT] ESC at 0 next=0x5b (chunk=7)
[VT] ESC at 0 next=0x5b (chunk=6)
[VT] ESC at 0 next=0x5b (chunk=6)
[VT] ESC at 0 next=0x5b (chunk=7)
[VT] ESC at 0 next=0x5b (chunk=8)
[VT] ESC at 1 next=0x5b (chunk=5)
[VT] ESC at 0 next=0x5b (chunk=7)
[VT] ESC at 0 next=0x5b (chunk=6)
[VT] ESC at 0 next=0x5b (chunk=6)
[VT] ESC at 0 next=0x5b (chunk=7)
[VT] ESC at 0 next=0x5b (chunk=6)
[VT] ESC at 0 next=0x5b (chunk=8)
[VT] ESC at 0 next=0x5b (chunk=4)
[VT] ESC at 0 next=0x5b (chunk=7)
[VT] ESC at 0 next=0x5b (chunk=6)
[VT] ESC at 0 next=0x5b (chunk=6)
[VT] ESC at 0 next=0x5b (chunk=7)
[VT] ESC at 0 next=0x5b (chunk=7)
[VT] ESC at 0 next=0x5b (chunk=12)
[VT] ESC at 8 next=0x5b (chunk=12)
[VT] ESC at 0 next=0x5b (chunk=7)
[VT] ESC at 0 next=0x5b (chunk=6)
[VT] ESC at 0 next=0x5b (chunk=6)
[VT] ESC at 0 next=0x5b (chunk=7)
[VT] ESC at 0 next=0x5b (chunk=16)
[VT] ESC at 7 next=0x5b (chunk=16)
[VT] ESC at 0 next=0x5b (chunk=8)
[VT] ESC at 0 next=0x5b (chunk=4)
[VT] ESC at 0 next=0x5b (chunk=7)
[VT] ESC at 0 next=0x5b (chunk=6)
[VT] ESC at 0 next=0x5b (chunk=6)
[VT] ESC at 0 next=0x5b (chunk=7)
[VT] ESC at 0 next=0x5b (chunk=7)
[VT] ESC at 0 next=0x5b (chunk=8)
[VT] ESC at 0 next=0x5b (chunk=4)
[VT] ESC at 0 next=0x5b (chunk=7)
[VT] ESC at 0 next=0x5b (chunk=6)
[VT] ESC at 0 next=0x5b (chunk=7)
[VT] ESC at 0 next=0x5b (chunk=4)
[VT] ESC at 0 next=0x5b (chunk=4)
[VT] ESC at 0 next=0x5b (chunk=6)
[VT] ESC at 0 next=0x5b (chunk=7)
[VT] ESC at 0 next=0x5b (chunk=6)
[VT] ESC at 0 next=0x5b (chunk=8)
[VT] ESC at 0 next=0x5b (chunk=4)
[VT] ESC at 0 next=0x5b (chunk=7)
[VT] ESC at 0 next=0x5b (chunk=6)
[VT] ESC at 0 next=0x5b (chunk=6)
[VT] ESC at 0 next=0x5b (chunk=7)
[VT] ESC at 0 next=0x5b (chunk=7)
[VT] ESC at 0 next=0x5b (chunk=8)
[VT] ESC at 0 next=0x5b (chunk=4)
[VT] ESC at 0 next=0x5b (chunk=7)
[VT] ESC at 0 next=0x5b (chunk=6)
[VT] ESC at 0 next=0x5b (chunk=7)
[VT] ESC at 0 next=0x5b (chunk=4)
[VT] ESC at 0 next=0x5b (chunk=4)
[VT] ESC at 0 next=0x5b (chunk=6)
[VT] ESC at 0 next=0x5b (chunk=7)
[VT] ESC at 0 next=0x5b (chunk=6)
[VT] ESC at 0 next=0x5b (chunk=8)
[VT] ESC at 0 next=0x5b (chunk=11)
[VT] ESC at 4 next=0x5b (chunk=11)
[VT] ESC at 0 next=0x5b (chunk=6)
[VT] ESC at 0 next=0x5b (chunk=6)
[VT] ESC at 0 next=0x5b (chunk=7)
[VT] ESC at 0 next=0x5b (chunk=7)
[VT] ESC at 0 next=0x5b (chunk=8)
[VT] ESC at 0 next=0x5b (chunk=4)
[VT] ESC at 0 next=0x5b (chunk=7)
[VT] ESC at 0 next=0x5b (chunk=6)
[VT] ESC at 0 next=0x5b (chunk=6)
[VT] ESC at 0 next=0x5b (chunk=7)
[VT] ESC at 0 next=0x5b (chunk=16)
[VT] ESC at 7 next=0x5b (chunk=16)
[VT] ESC at 0 next=0x5b (chunk=8)
[VT] ESC at 0 next=0x5b (chunk=11)
[VT] ESC at 4 next=0x5b (chunk=11)
[VT] ESC at 0 next=0x5b (chunk=6)
[VT] ESC at 0 next=0x5b (chunk=6)
[VT] ESC at 0 next=0x5b (chunk=7)
[VT] ESC at 0 next=0x5b (chunk=22)
[VT] ESC at 7 next=0x5b (chunk=22)
[VT] ESC at 16 next=0x5b (chunk=22)
[VT] ESC at 0 next=0x5b (chunk=8)
[VT] ESC at 0 next=0x5b (chunk=4)
[VT] ESC at 0 next=0x5b (chunk=7)
[VT] ESC at 0 next=0x5b (chunk=6)
[VT] ESC at 0 next=0x5b (chunk=6)
[VT] ESC at 0 next=0x5b (chunk=7)
[VT] ESC at 0 next=0x5b (chunk=23)
[VT] ESC at 7 next=0x5b (chunk=23)
[VT] ESC at 16 next=0x5b (chunk=23)
[VT] ESC at 0 next=0x5b (chunk=8)
[VT] ESC at 0 next=0x5b (chunk=4)
[VT] ESC at 0 next=0x5b (chunk=7)
[VT] ESC at 0 next=0x5b (chunk=6)
[VT] ESC at 0 next=0x5b (chunk=7)
[VT] ESC at 0 next=0x5b (chunk=4)
[VT] ESC at 0 next=0x5b (chunk=4)
[VT] ESC at 0 next=0x5b (chunk=6)
[VT] ESC at 0 next=0x5b (chunk=8)
[VT] ESC at 0 next=0x5b (chunk=6)
[VT] ESC at 0 next=0x5b (chunk=8)
[VT] ESC at 0 next=0x5b (chunk=4)
[VT] ESC at 0 next=0x5b (chunk=8)
[VT] ESC at 0 next=0x5b (chunk=6)
[VT] ESC at 0 next=0x5b (chunk=6)
[VT] ESC at 0 next=0x5b (chunk=8)
[VT] ESC at 0 next=0x5b (chunk=19)
[VT] ESC at 7 next=0x5b (chunk=19)
[VT] ESC at 15 next=0x5b (chunk=19)
[VT] ESC at 0 next=0x5b (chunk=8)
[VT] ESC at 0 next=0x5b (chunk=6)
[VT] ESC at 0 next=0x5b (chunk=6)
[VT] ESC at 0 next=0x5b (chunk=8)
[VT] ESC at 0 next=0x5b (chunk=16)
[VT] ESC at 7 next=0x5b (chunk=16)
[VT] ESC at 0 next=0x5b (chunk=8)
[VT] ESC at 0 next=0x5b (chunk=4)
[VT] ESC at 0 next=0x5b (chunk=8)
[VT] ESC at 0 next=0x5b (chunk=6)
[VT] ESC at 0 next=0x5b (chunk=6)
[VT] ESC at 0 next=0x5b (chunk=8)
[VT] ESC at 0 next=0x5b (chunk=22)
[VT] ESC at 7 next=0x5b (chunk=22)
[VT] ESC at 16 next=0x5b (chunk=22)
[VT] ESC at 0 next=0x5b (chunk=8)
[VT] ESC at 0 next=0x5b (chunk=4)
[VT] ESC at 0 next=0x5b (chunk=8)
[VT] ESC at 0 next=0x5b (chunk=6)
[VT] ESC at 0 next=0x5b (chunk=6)
[VT] ESC at 0 next=0x5b (chunk=8)
[VT] ESC at 0 next=0x5b (chunk=23)
[VT] ESC at 7 next=0x5b (chunk=23)
[VT] ESC at 16 next=0x5b (chunk=23)
[VT] ESC at 0 next=0x5b (chunk=8)
[VT] ESC at 0 next=0x5b (chunk=4)
[VT] ESC at 0 next=0x5b (chunk=8)
[VT] ESC at 0 next=0x5b (chunk=6)
[VT] ESC at 0 next=0x5b (chunk=8)
[VT] ESC at 0 next=0x5b (chunk=4)
[VT] ESC at 0 next=0x5b (chunk=4)
[VT] ESC at 0 next=0x5b (chunk=6)
[VT] ESC at 0 next=0x5b (chunk=8)
[VT] ESC at 0 next=0x5b (chunk=6)
[VT] ESC at 0 next=0x5b (chunk=8)
[VT] ESC at 0 next=0x5b (chunk=4)
[VT] ESC at 0 next=0x5b (chunk=8)
[VT] ESC at 0 next=0x5b (chunk=6)
[VT] ESC at 0 next=0x5b (chunk=6)
[VT] ESC at 0 next=0x5b (chunk=8)
[VT] ESC at 0 next=0x5b (chunk=7)
[VT] ESC at 0 next=0x5b (chunk=12)
[VT] ESC at 8 next=0x5b (chunk=12)
[VT] ESC at 0 next=0x5b (chunk=8)
[VT] ESC at 0 next=0x5b (chunk=6)
[VT] ESC at 0 next=0x5b (chunk=6)
[VT] ESC at 0 next=0x5b (chunk=8)
[VT] ESC at 0 next=0x5b (chunk=16)
[VT] ESC at 7 next=0x5b (chunk=16)
[VT] ESC at 0 next=0x5b (chunk=8)
[VT] ESC at 0 next=0x5b (chunk=4)
[VT] ESC at 0 next=0x5b (chunk=8)
[VT] ESC at 0 next=0x5b (chunk=6)
[VT] ESC at 0 next=0x5b (chunk=6)
[VT] ESC at 0 next=0x5b (chunk=8)
[VT] ESC at 0 next=0x5b (chunk=22)
[VT] ESC at 7 next=0x5b (chunk=22)
[VT] ESC at 16 next=0x5b (chunk=22)
[VT] ESC at 0 next=0x5b (chunk=12)
[VT] ESC at 8 next=0x5b (chunk=12)
[VT] ESC at 0 next=0x5b (chunk=8)
[VT] ESC at 0 next=0x5b (chunk=6)
[VT] ESC at 0 next=0x5b (chunk=6)
[VT] ESC at 0 next=0x5b (chunk=8)
[VT] ESC at 0 next=0x5b (chunk=23)
[VT] ESC at 7 next=0x5b (chunk=23)
[VT] ESC at 16 next=0x5b (chunk=23)
[VT] ESC at 0 next=0x5b (chunk=12)
[VT] ESC at 8 next=0x5b (chunk=12)
[VT] ESC at 0 next=0x5b (chunk=8)
[VT] ESC at 0 next=0x5b (chunk=6)
[VT] ESC at 0 next=0x5b (chunk=8)
[VT] ESC at 0 next=0x5b (chunk=4)
[VT] ESC at 0 next=0x5b (chunk=4)
[VT] ESC at 0 next=0x5b (chunk=6)
[VT] ESC at 0 next=0x5b (chunk=8)
[VT] ESC at 0 next=0x5b (chunk=6)
[VT] ESC at 0 next=0x5b (chunk=12)
[VT] ESC at 8 next=0x5b (chunk=12)
[VT] ESC at 0 next=0x5b (chunk=8)
[VT] ESC at 0 next=0x5b (chunk=6)
[VT] ESC at 0 next=0x5b (chunk=6)
[VT] ESC at 0 next=0x5b (chunk=8)
[VT] ESC at 0 next=0x5b (chunk=15)
[VT] ESC at 6 next=0x5b (chunk=15)
[VT] ESC at 0 next=0x5b (chunk=8)
[VT] ESC at 0 next=0x5b (chunk=4)
[VT] ESC at 0 next=0x5b (chunk=8)
[VT] ESC at 0 next=0x5b (chunk=6)
[VT] ESC at 0 next=0x5b (chunk=6)
[VT] ESC at 0 next=0x5b (chunk=8)
[VT] ESC at 0 next=0x5b (chunk=21)
[VT] ESC at 6 next=0x5b (chunk=21)
[VT] ESC at 15 next=0x5b (chunk=21)
[VT] ESC at 0 next=0x5b (chunk=8)
[VT] ESC at 0 next=0x5b (chunk=4)
[VT] ESC at 0 next=0x5b (chunk=8)
[VT] ESC at 0 next=0x5b (chunk=6)
[VT] ESC at 0 next=0x5b (chunk=6)
[VT] ESC at 0 next=0x5b (chunk=8)
[VT] ESC at 0 next=0x5b (chunk=22)
[VT] ESC at 6 next=0x5b (chunk=22)
[VT] ESC at 15 next=0x5b (chunk=22)
[VT] ESC at 0 next=0x5b (chunk=8)
[VT] ESC at 0 next=0x5b (chunk=4)
[VT] ESC at 0 next=0x5b (chunk=8)
[VT] ESC at 0 next=0x5b (chunk=6)
[VT] ESC at 0 next=0x5b (chunk=8)
[VT] ESC at 0 next=0x5b (chunk=4)
[VT] ESC at 0 next=0x5b (chunk=4)
[VT] ESC at 0 next=0x5b (chunk=7)
[VT] ESC at 0 next=0x5b (chunk=7)
[VT] ESC at 0 next=0x5b (chunk=4)
[VT] ESC at 0 next=0x5b (chunk=4)
[VT] ESC at 0 next=0x5b (chunk=7)
[VT] ESC at 0 next=0x5b (chunk=7)
[VT] ESC at 0 next=0x5b (chunk=4)
[VT] ESC at 0 next=0x5b (chunk=4)
[VT] ESC at 0 next=0x5b (chunk=7)
[VT] ESC at 0 next=0x5b (chunk=7)
[VT] ESC at 0 next=0x5b (chunk=4)
[VT] ESC at 0 next=0x5b (chunk=4)
[VT] ESC at 0 next=0x5b (chunk=7)
[VT] ESC at 0 next=0x5b (chunk=7)
[VT] ESC at 0 next=0x5b (chunk=4)
[VT] ESC at 0 next=0x5b (chunk=4)
[VT] ESC at 0 next=0x5b (chunk=7)
[VT] ESC at 0 next=0x5b (chunk=7)
[VT] ESC at 0 next=0x5b (chunk=4)
[VT] ESC at 0 next=0x5b (chunk=4)
[VT] ESC at 0 next=0x5b (chunk=7)
[VT] ESC at 0 next=0x5b (chunk=7)
[VT] ESC at 0 next=0x5b (chunk=4)
[VT] ESC at 0 next=0x5b (chunk=4)
[VT] ESC at 0 next=0x5b (chunk=7)
[VT] ESC at 0 next=0x5b (chunk=7)
[VT] ESC at 0 next=0x5b (chunk=4)
[VT] ESC at 0 next=0x5b (chunk=4)
[VT] ESC at 0 next=0x5b (chunk=7)
[VT] ESC at 0 next=0x5b (chunk=7)
[VT] ESC at 0 next=0x5b (chunk=4)
[VT] ESC at 0 next=0x5b (chunk=4)
[VT] ESC at 0 next=0x5b (chunk=7)
[VT] ESC at 0 next=0x5b (chunk=7)
[VT] ESC at 0 next=0x5b (chunk=4)
[VT] ESC at 0 next=0x5b (chunk=4)
[VT] ESC at 0 next=0x5b (chunk=6)
[VT] ESC at 0 next=0x5b (chunk=8)
[VT] ESC at 0 next=0x5b (chunk=6)
[VT] ESC at 0 next=0x5b (chunk=8)
[VT] ESC at 0 next=0x5b (chunk=4)
[VT] ESC at 0 next=0x5b (chunk=8)
[VT] ESC at 0 next=0x5b (chunk=6)
[VT] ESC at 0 next=0x5b (chunk=6)
[VT] ESC at 0 next=0x5b (chunk=8)
[VT] ESC at 0 next=0x5b (chunk=7)
[VT] ESC at 0 next=0x5b (chunk=8)
[VT] ESC at 0 next=0x5b (chunk=4)
[VT] ESC at 0 next=0x5b (chunk=8)
[VT] ESC at 0 next=0x5b (chunk=6)
[VT] ESC at 0 next=0x5b (chunk=6)
[VT] ESC at 0 next=0x5b (chunk=8)
[VT] ESC at 0 next=0x5b (chunk=16)
[VT] ESC at 7 next=0x5b (chunk=16)
[VT] ESC at 0 next=0x5b (chunk=8)
[VT] ESC at 0 next=0x5b (chunk=4)
[VT] ESC at 0 next=0x5b (chunk=8)
[VT] ESC at 0 next=0x5b (chunk=6)
[VT] ESC at 0 next=0x5b (chunk=6)
[VT] ESC at 0 next=0x5b (chunk=8)
[VT] ESC at 0 next=0x5b (chunk=22)
[VT] ESC at 7 next=0x5b (chunk=22)
[VT] ESC at 16 next=0x5b (chunk=22)
[VT] ESC at 0 next=0x5b (chunk=8)
[VT] ESC at 0 next=0x5b (chunk=4)
[VT] ESC at 0 next=0x5b (chunk=8)
[VT] ESC at 0 next=0x5b (chunk=6)
[VT] ESC at 0 next=0x5b (chunk=6)
[VT] ESC at 0 next=0x5b (chunk=8)
[VT] ESC at 0 next=0x5b (chunk=23)
[VT] ESC at 7 next=0x5b (chunk=23)
[VT] ESC at 16 next=0x5b (chunk=23)
[VT] ESC at 0 next=0x5b (chunk=8)
[VT] ESC at 0 next=0x5b (chunk=4)
[VT] ESC at 0 next=0x5b (chunk=8)
[VT] ESC at 0 next=0x5b (chunk=6)
[VT] ESC at 0 next=0x5b (chunk=8)
[VT] ESC at 0 next=0x5b (chunk=4)
[VT] ESC at 0 next=0x5b (chunk=4)
[VT] ESC at 0 next=0x5b (chunk=6)
[VT] ESC at 0 next=0x5b (chunk=8)
[VT] ESC at 0 next=0x5b (chunk=6)
[VT] ESC at 0 next=0x5b (chunk=8)
[VT] ESC at 0 next=0x5b (chunk=4)
[VT] ESC at 0 next=0x5b (chunk=8)
[VT] ESC at 0 next=0x5b (chunk=6)
[VT] ESC at 0 next=0x5b (chunk=6)
[VT] ESC at 0 next=0x5b (chunk=8)
[VT] ESC at 0 next=0x5b (chunk=7)
[VT] ESC at 0 next=0x5b (chunk=8)
[VT] ESC at 0 next=0x5b (chunk=4)
[VT] ESC at 0 next=0x5b (chunk=8)
[VT] ESC at 0 next=0x5b (chunk=6)
[VT] ESC at 0 next=0x5b (chunk=6)
[VT] ESC at 0 next=0x5b (chunk=8)
[VT] ESC at 0 next=0x5b (chunk=16)
[VT] ESC at 7 next=0x5b (chunk=16)
[VT] ESC at 0 next=0x5b (chunk=8)
[VT] ESC at 0 next=0x5b (chunk=4)
[VT] ESC at 0 next=0x5b (chunk=8)
[VT] ESC at 0 next=0x5b (chunk=6)
[VT] ESC at 0 next=0x5b (chunk=6)
[VT] ESC at 0 next=0x5b (chunk=8)
[VT] ESC at 0 next=0x5b (chunk=22)
[VT] ESC at 7 next=0x5b (chunk=22)
[VT] ESC at 16 next=0x5b (chunk=22)
[VT] ESC at 0 next=0x5b (chunk=8)
[VT] ESC at 0 next=0x5b (chunk=4)
[VT] ESC at 0 next=0x5b (chunk=8)
[VT] ESC at 0 next=0x5b (chunk=6)
[VT] ESC at 0 next=0x5b (chunk=6)
[VT] ESC at 0 next=0x5b (chunk=8)
[VT] ESC at 0 next=0x5b (chunk=40)
[VT] ESC at 7 next=0x5b (chunk=40)
[VT] ESC at 16 next=0x5b (chunk=40)
[VT] ESC at 0 next=0x5b (chunk=8)
[VT] ESC at 0 next=0x5b (chunk=4)
[VT] ESC at 0 next=0x5b (chunk=8)
[VT] ESC at 0 next=0x5b (chunk=6)
[VT] ESC at 0 next=0x5b (chunk=6)
[VT] ESC at 0 next=0x5b (chunk=8)
[VT] ESC at 0 next=0x5b (chunk=41)
[VT] ESC at 7 next=0x5b (chunk=41)
[VT] ESC at 16 next=0x5b (chunk=41)
[VT] ESC at 0 next=0x5b (chunk=8)
[VT] ESC at 0 next=0x5b (chunk=4)
[VT] ESC at 0 next=0x5b (chunk=8)
[VT] ESC at 0 next=0x5b (chunk=6)
[VT] ESC at 0 next=0x5b (chunk=6)
[VT] ESC at 0 next=0x5b (chunk=50)
[VT] ESC at 8 next=0x5b (chunk=50)
[VT] ESC at 15 next=0x5b (chunk=50)
[VT] ESC at 24 next=0x5b (chunk=50)
[VT] ESC at 0 next=0x5b (chunk=8)
[VT] ESC at 0 next=0x5b (chunk=4)
[VT] ESC at 0 next=0x5b (chunk=8)
[VT] ESC at 0 next=0x5b (chunk=6)
[VT] ESC at 0 next=0x5b (chunk=6)
[VT] ESC at 0 next=0x5b (chunk=8)
[VT] ESC at 0 next=0x5b (chunk=51)
[VT] ESC at 7 next=0x5b (chunk=51)
[VT] ESC at 16 next=0x5b (chunk=51)
[VT] ESC at 43 next=0x5b (chunk=51)
[VT] ESC at 0 next=0x5b (chunk=4)
[VT] ESC at 0 next=0x5b (chunk=8)
[VT] ESC at 0 next=0x5b (chunk=6)
[VT] ESC at 0 next=0x5b (chunk=6)
[VT] ESC at 0 next=0x5b (chunk=8)
[VT] ESC at 0 next=0x5b (chunk=47)
[VT] ESC at 7 next=0x5b (chunk=47)
[VT] ESC at 16 next=0x5b (chunk=47)
[VT] ESC at 0 next=0x5b (chunk=8)
[VT] ESC at 0 next=0x5b (chunk=4)
[VT] ESC at 0 next=0x5b (chunk=8)
[VT] ESC at 0 next=0x5b (chunk=6)
[VT] ESC at 0 next=0x5b (chunk=8)
[VT] ESC at 0 next=0x5b (chunk=4)
[VT] ESC at 0 next=0x5b (chunk=4)
[VT] ESC at 0 next=0x5b (chunk=6)
[VT] ESC at 0 next=0x5b (chunk=8)
[VT] ESC at 0 next=0x5b (chunk=6)
[VT] ESC at 0 next=0x5b (chunk=8)
[VT] ESC at 0 next=0x5b (chunk=4)
[VT] ESC at 0 next=0x5b (chunk=8)
[VT] ESC at 0 next=0x5b (chunk=6)
[VT] ESC at 0 next=0x5b (chunk=6)
[VT] ESC at 0 next=0x5b (chunk=8)
[VT] ESC at 0 next=0x5b (chunk=7)
[VT] ESC at 0 next=0x5b (chunk=8)
[VT] ESC at 0 next=0x5b (chunk=4)
[VT] ESC at 0 next=0x5b (chunk=8)
[VT] ESC at 0 next=0x5b (chunk=6)
[VT] ESC at 0 next=0x5b (chunk=6)
[VT] ESC at 0 next=0x5b (chunk=8)
[VT] ESC at 0 next=0x5b (chunk=8)
[VT] ESC at 0 next=0x5b (chunk=8)
[VT] ESC at 0 next=0x5b (chunk=4)
[VT] ESC at 0 next=0x5b (chunk=8)
[VT] ESC at 0 next=0x5b (chunk=6)
[VT] ESC at 0 next=0x5b (chunk=6)
[VT] ESC at 0 next=0x5b (chunk=8)
[VT] ESC at 0 next=0x5b (chunk=17)
[VT] ESC at 8 next=0x5b (chunk=17)
[VT] ESC at 0 next=0x5b (chunk=8)
[VT] ESC at 0 next=0x5b (chunk=4)
[VT] ESC at 0 next=0x5b (chunk=8)
[VT] ESC at 0 next=0x5b (chunk=6)
[VT] ESC at 0 next=0x5b (chunk=6)
[VT] ESC at 0 next=0x5b (chunk=8)
[VT] ESC at 0 next=0x5b (chunk=23)
[VT] ESC at 8 next=0x5b (chunk=23)
[VT] ESC at 17 next=0x5b (chunk=23)
[VT] ESC at 0 next=0x5b (chunk=8)
[VT] ESC at 0 next=0x5b (chunk=4)
[VT] ESC at 0 next=0x5b (chunk=8)
[VT] ESC at 0 next=0x5b (chunk=6)
[VT] ESC at 0 next=0x5b (chunk=6)
[VT] ESC at 0 next=0x5b (chunk=8)
[VT] ESC at 0 next=0x5b (chunk=24)
[VT] ESC at 8 next=0x5b (chunk=24)
[VT] ESC at 17 next=0x5b (chunk=24)
[VT] ESC at 0 next=0x5b (chunk=8)
[VT] ESC at 0 next=0x5b (chunk=4)
[VT] ESC at 0 next=0x5b (chunk=8)
[VT] ESC at 0 next=0x5b (chunk=6)
[VT] ESC at 0 next=0x5b (chunk=6)
[VT] ESC at 0 next=0x5b (chunk=8)
[VT] ESC at 0 next=0x5b (chunk=25)
[VT] ESC at 8 next=0x5b (chunk=25)
[VT] ESC at 17 next=0x5b (chunk=25)
[VT] ESC at 0 next=0x5b (chunk=8)
[VT] ESC at 0 next=0x5b (chunk=4)
[VT] ESC at 0 next=0x5b (chunk=8)
[VT] ESC at 0 next=0x5b (chunk=6)
[VT] ESC at 0 next=0x5b (chunk=6)
[VT] ESC at 0 next=0x5b (chunk=8)
[VT] ESC at 0 next=0x5b (chunk=24)
[VT] ESC at 8 next=0x5b (chunk=24)
[VT] ESC at 17 next=0x5b (chunk=24)
[VT] ESC at 0 next=0x5b (chunk=8)
[VT] ESC at 0 next=0x5b (chunk=4)
[VT] ESC at 0 next=0x5b (chunk=8)
[VT] ESC at 0 next=0x5b (chunk=6)
[VT] ESC at 0 next=0x5b (chunk=6)
[VT] ESC at 0 next=0x5b (chunk=33)
[VT] ESC at 8 next=0x5b (chunk=33)
[VT] ESC at 16 next=0x5b (chunk=33)
[VT] ESC at 25 next=0x5b (chunk=33)
[VT] ESC at 0 next=0x5b (chunk=8)
[VT] ESC at 0 next=0x5b (chunk=12)
[VT] ESC at 4 next=0x5b (chunk=12)
[VT] ESC at 0 next=0x5b (chunk=6)
[VT] ESC at 0 next=0x5b (chunk=6)
[VT] ESC at 0 next=0x5b (chunk=34)
[VT] ESC at 8 next=0x5b (chunk=34)
[VT] ESC at 16 next=0x5b (chunk=34)
[VT] ESC at 25 next=0x5b (chunk=34)
[VT] ESC at 0 next=0x5b (chunk=8)
[VT] ESC at 0 next=0x5b (chunk=4)
[VT] ESC at 0 next=0x5b (chunk=8)
[VT] ESC at 0 next=0x5b (chunk=6)
[VT] ESC at 0 next=0x5b (chunk=6)
[VT] ESC at 0 next=0x5b (chunk=8)
[VT] ESC at 0 next=0x5b (chunk=27)
[VT] ESC at 8 next=0x5b (chunk=27)
[VT] ESC at 17 next=0x5b (chunk=27)
[VT] ESC at 0 next=0x5b (chunk=8)
[VT] ESC at 0 next=0x5b (chunk=4)
[VT] ESC at 0 next=0x5b (chunk=8)
[VT] ESC at 0 next=0x5b (chunk=6)
[VT] ESC at 0 next=0x5b (chunk=6)
[VT] ESC at 0 next=0x5b (chunk=8)
[VT] ESC at 0 next=0x5b (chunk=28)
[VT] ESC at 8 next=0x5b (chunk=28)
[VT] ESC at 17 next=0x5b (chunk=28)
[VT] ESC at 0 next=0x5b (chunk=8)
[VT] ESC at 0 next=0x5b (chunk=4)
[VT] ESC at 0 next=0x5b (chunk=8)
[VT] ESC at 0 next=0x5b (chunk=6)
[VT] ESC at 0 next=0x5b (chunk=6)
[VT] ESC at 0 next=0x5b (chunk=8)
[VT] ESC at 0 next=0x5b (chunk=27)
[VT] ESC at 8 next=0x5b (chunk=27)
[VT] ESC at 17 next=0x5b (chunk=27)
[VT] ESC at 0 next=0x5b (chunk=13)
[VT] ESC at 9 next=0x5b (chunk=13)
[VT] ESC at 0 next=0x5b (chunk=8)
[VT] ESC at 0 next=0x5b (chunk=6)
[VT] ESC at 0 next=0x5b (chunk=6)
[VT] ESC at 0 next=0x5b (chunk=8)
[VT] ESC at 0 next=0x5b (chunk=28)
[VT] ESC at 8 next=0x5b (chunk=28)
[VT] ESC at 17 next=0x5b (chunk=28)
[VT] ESC at 0 next=0x5b (chunk=8)
[VT] ESC at 0 next=0x5b (chunk=12)
[VT] ESC at 4 next=0x5b (chunk=12)
[VT] ESC at 0 next=0x5b (chunk=6)
[VT] ESC at 0 next=0x5b (chunk=6)
[VT] ESC at 0 next=0x5b (chunk=8)
[VT] ESC at 0 next=0x5b (chunk=29)
[VT] ESC at 8 next=0x5b (chunk=29)
[VT] ESC at 17 next=0x5b (chunk=29)
[VT] ESC at 0 next=0x5b (chunk=8)
[VT] ESC at 0 next=0x5b (chunk=4)
[VT] ESC at 0 next=0x5b (chunk=8)
[VT] ESC at 0 next=0x5b (chunk=6)
[VT] ESC at 0 next=0x5b (chunk=6)
[VT] ESC at 0 next=0x5b (chunk=8)
[VT] ESC at 0 next=0x5b (chunk=32)
[VT] ESC at 8 next=0x5b (chunk=32)
[VT] ESC at 17 next=0x5b (chunk=32)
[VT] ESC at 0 next=0x5b (chunk=8)
[VT] ESC at 0 next=0x5b (chunk=12)
[VT] ESC at 4 next=0x5b (chunk=12)
[VT] ESC at 0 next=0x5b (chunk=6)
[VT] ESC at 0 next=0x5b (chunk=8)
[VT] ESC at 0 next=0x5b (chunk=4)
[VT] ESC at 0 next=0x5b (chunk=4)
[VT] ESC at 0 next=0x50 (chunk=255)
[VT] ESC at 253 next=0x5c (chunk=255)
[emu] ESC P -> DcsEntry
[emu] handleDcs: 251 bytes
[VT][sixel] OnSixelData: 251 bytes
[VT][sixel] decode: status=0x0 w=93 h=14 ncolors=8
[VT][sixel] placed imageId=1 orig=93x14 cells=12x1
[VT] ESC at 0 next=0x5b (chunk=8)
[VT] ESC at 0 next=0x5b (chunk=4)
[VT] ESC at 0 next=0x5b (chunk=4)
[VT] ESC at 0 next=0x5b (chunk=8)
[VT] ESC at 0 next=0x5b (chunk=4)
[VT] ESC at 0 next=0x5b (chunk=4)
[VT] ESC at 0 next=0x5b (chunk=8)
[VT] ESC at 0 next=0x5b (chunk=4)
[VT] ESC at 0 next=0x5b (chunk=4)
[VT] Terminal OnCreate
[VT] ESC at 0 next=0x5b (chunk=4)
[VT] ESC at 0 next=0x5b (chunk=19)
[VT] ESC at 3 next=0x5b (chunk=19)
[VT] ESC at 11 next=0x5b (chunk=19)
[VT] ESC at 0 next=0x5b (chunk=4)
[VT] ESC at 0 next=0x5b (chunk=7)
[VT] ESC at 0 next=0x5b (chunk=195)
[VT] ESC at 8 next=0x5d (chunk=195)
[VT] ESC at 15 next=0x5d (chunk=195)
[VT] ESC at 22 next=0x5b (chunk=195)
[VT] ESC at 27 next=0x5b (chunk=195)
[VT] ESC at 33 next=0x5b (chunk=195)
[VT] ESC at 36 next=0x5b (chunk=195)
[VT] ESC at 40 next=0x5b (chunk=195)
[VT] ESC at 49 next=0x5b (chunk=195)
[VT] ESC at 58 next=0x5b (chunk=195)
[VT] ESC at 67 next=0x5b (chunk=195)
[VT] ESC at 76 next=0x5b (chunk=195)
[VT] ESC at 85 next=0x5b (chunk=195)
[VT] ESC at 94 next=0x5b (chunk=195)
[VT] ESC at 98 next=0x5d (chunk=195)
[VT] ESC at 131 next=0x5c (chunk=195)
[VT] ESC at 133 next=0x5d (chunk=195)
[VT] ESC at 152 next=0x5c (chunk=195)
[VT] ESC at 154 next=0x5b (chunk=195)
[VT] ESC at 157 next=0x5d (chunk=195)
[VT] ESC at 167 next=0x5c (chunk=195)
[VT] ESC at 169 next=0x5b (chunk=195)
[VT] ESC at 173 next=0x5b (chunk=195)
[VT] ESC at 176 next=0x5d (chunk=195)
[VT] ESC at 186 next=0x5c (chunk=195)
[VT] ESC at 188 next=0x5b (chunk=195)
[VT] ESC at 192 next=0x5b (chunk=195)
[VT] ESC at 0 next=0x5b (chunk=34)
[VT] ESC at 3 next=0x5b (chunk=34)
[VT] ESC at 11 next=0x5b (chunk=34)
[VT] ESC at 18 next=0x5b (chunk=34)
[VT] ESC at 26 next=0x5b (chunk=34)
[VT] ESC at 0 next=0x5b (chunk=32)
[VT] ESC at 8 next=0x5b (chunk=32)
[VT] ESC at 16 next=0x5b (chunk=32)
[VT] ESC at 24 next=0x5b (chunk=32)
[VT] ESC at 0 next=0x5b (chunk=5)
[VT] ESC at 0 next=0x5d (chunk=8)
[VT] ESC at 0 next=0x5b (chunk=4)
[VT] ESC at 0 next=0x5b (chunk=7)
[VT] ESC at 0 next=0x5f (chunk=57)
[VT] ESC at 36 next=0x5c (chunk=57)
[VT] ESC at 38 next=0x5b (chunk=57)
[VT] ESC at 41 next=0x5b (chunk=57)
[VT] ESC at 49 next=0x5b (chunk=57)
[VT] ESC at 0 next=0x5b (chunk=16)
[VT] ESC at 8 next=0x5b (chunk=16)
[VT] ESC at 0 next=0x5b (chunk=16)
[VT] ESC at 8 next=0x5b (chunk=16)
[VT] ESC at 0 next=0x5b (chunk=16)
[VT] ESC at 8 next=0x5b (chunk=16)
[VT] ESC at 0 next=0x5b (chunk=4096)
[VT] ESC at 8 next=0x5b (chunk=4096)
[VT] ESC at 14 next=0x5b (chunk=4096)
[VT] ESC at 20 next=0x5b (chunk=4096)
[VT] ESC at 39 next=0x5b (chunk=4096)
[VT] ESC at 141 next=0x5b (chunk=4096)
[VT] ESC at 147 next=0x5b (chunk=4096)
[VT] ESC at 166 next=0x5b (chunk=4096)
[VT] ESC at 268 next=0x5b (chunk=4096)
[VT] ESC at 274 next=0x5b (chunk=4096)
[VT] ESC at 293 next=0x5b (chunk=4096)
[VT] ESC at 395 next=0x5b (chunk=4096)
[VT] ESC at 401 next=0x5b (chunk=4096)
[VT] ESC at 420 next=0x5b (chunk=4096)
[VT] ESC at 522 next=0x5b (chunk=4096)
[VT] ESC at 528 next=0x5b (chunk=4096)
[VT] ESC at 547 next=0x5b (chunk=4096)
[VT] ESC at 649 next=0x5b (chunk=4096)
[VT] ESC at 655 next=0x5b (chunk=4096)
[VT] ESC at 674 next=0x5b (chunk=4096)
[VT] ESC at 776 next=0x5b (chunk=4096)
[VT] ESC at 782 next=0x5b (chunk=4096)
[VT] ESC at 801 next=0x5b (chunk=4096)
[VT] ESC at 903 next=0x5b (chunk=4096)
[VT] ESC at 909 next=0x5b (chunk=4096)
[VT] ESC at 928 next=0x5b (chunk=4096)
[VT] ESC at 1030 next=0x5b (chunk=4096)
[VT] ESC at 1036 next=0x5b (chunk=4096)
[VT] ESC at 1055 next=0x5b (chunk=4096)
[VT] ESC at 1157 next=0x5b (chunk=4096)
[VT] ESC at 1164 next=0x5b (chunk=4096)
[VT] ESC at 1183 next=0x5b (chunk=4096)
[VT] ESC at 1285 next=0x5b (chunk=4096)
[VT] ESC at 1292 next=0x5b (chunk=4096)
[VT] ESC at 1311 next=0x5b (chunk=4096)
[VT] ESC at 1413 next=0x5b (chunk=4096)
[VT] ESC at 1420 next=0x5b (chunk=4096)
[VT] ESC at 1439 next=0x5b (chunk=4096)
[VT] ESC at 1541 next=0x5b (chunk=4096)
[VT] ESC at 1548 next=0x5b (chunk=4096)
[VT] ESC at 1567 next=0x5b (chunk=4096)
[VT] ESC at 1669 next=0x5b (chunk=4096)
[VT] ESC at 1676 next=0x5b (chunk=4096)
[VT] ESC at 1695 next=0x5b (chunk=4096)
[VT] ESC at 1797 next=0x5b (chunk=4096)
[VT] ESC at 1804 next=0x5b (chunk=4096)
[VT] ESC at 1823 next=0x5b (chunk=4096)
[VT] ESC at 1925 next=0x5b (chunk=4096)
[VT] ESC at 1932 next=0x5b (chunk=4096)
[VT] ESC at 1951 next=0x5b (chunk=4096)
[VT] ESC at 2053 next=0x5b (chunk=4096)
[VT] ESC at 2060 next=0x5b (chunk=4096)
[VT] ESC at 2079 next=0x5b (chunk=4096)
[VT] ESC at 2181 next=0x5b (chunk=4096)
[VT] ESC at 2188 next=0x5b (chunk=4096)
[VT] ESC at 2207 next=0x5b (chunk=4096)
[VT] ESC at 2309 next=0x5b (chunk=4096)
[VT] ESC at 2316 next=0x5b (chunk=4096)
[VT] ESC at 2335 next=0x5b (chunk=4096)
[VT] ESC at 2437 next=0x5b (chunk=4096)
[VT] ESC at 2444 next=0x5b (chunk=4096)
[VT] ESC at 2463 next=0x5b (chunk=4096)
[VT] ESC at 2565 next=0x5b (chunk=4096)
[VT] ESC at 2572 next=0x5b (chunk=4096)
[VT] ESC at 2591 next=0x5b (chunk=4096)
[VT] ESC at 2693 next=0x5b (chunk=4096)
[VT] ESC at 2700 next=0x5b (chunk=4096)
[VT] ESC at 2719 next=0x5b (chunk=4096)
[VT] ESC at 2821 next=0x5b (chunk=4096)
[VT] ESC at 2828 next=0x5b (chunk=4096)
[VT] ESC at 2847 next=0x5b (chunk=4096)
[VT] ESC at 2949 next=0x5b (chunk=4096)
[VT] ESC at 2956 next=0x5b (chunk=4096)
[VT] ESC at 2975 next=0x5b (chunk=4096)
[VT] ESC at 3077 next=0x5b (chunk=4096)
[VT] ESC at 3084 next=0x5b (chunk=4096)
[VT] ESC at 3103 next=0x5b (chunk=4096)
[VT] ESC at 3205 next=0x5b (chunk=4096)
[VT] ESC at 3212 next=0x5b (chunk=4096)
[VT] ESC at 3231 next=0x5b (chunk=4096)
[VT] ESC at 3333 next=0x5b (chunk=4096)
[VT] ESC at 3340 next=0x5b (chunk=4096)
[VT] ESC at 3359 next=0x5b (chunk=4096)
[VT] ESC at 3461 next=0x5b (chunk=4096)
[VT] ESC at 3468 next=0x5b (chunk=4096)
[VT] ESC at 3487 next=0x5b (chunk=4096)
[VT] ESC at 3589 next=0x5b (chunk=4096)
[VT] ESC at 3596 next=0x5b (chunk=4096)
[VT] ESC at 3615 next=0x5b (chunk=4096)
[VT] ESC at 3717 next=0x5b (chunk=4096)
[VT] ESC at 3724 next=0x5b (chunk=4096)
[VT] ESC at 3743 next=0x5b (chunk=4096)
[VT] ESC at 3845 next=0x5b (chunk=4096)
[VT] ESC at 3852 next=0x5b (chunk=4096)
[VT] ESC at 3871 next=0x5b (chunk=4096)
[VT] ESC at 3973 next=0x5b (chunk=4096)
[VT] ESC at 3980 next=0x5b (chunk=4096)
[VT] ESC at 3999 next=0x5b (chunk=4096)
[VT] ESC at 5 next=0x5b (chunk=2577)
[VT] ESC at 12 next=0x5b (chunk=2577)
[VT] ESC at 31 next=0x5b (chunk=2577)
[VT] ESC at 133 next=0x5b (chunk=2577)
[VT] ESC at 140 next=0x5b (chunk=2577)
[VT] ESC at 159 next=0x5b (chunk=2577)
[VT] ESC at 261 next=0x5b (chunk=2577)
[VT] ESC at 268 next=0x5b (chunk=2577)
[VT] ESC at 287 next=0x5b (chunk=2577)
[VT] ESC at 389 next=0x5b (chunk=2577)
[VT] ESC at 396 next=0x5b (chunk=2577)
[VT] ESC at 415 next=0x5b (chunk=2577)
[VT] ESC at 517 next=0x5b (chunk=2577)
[VT] ESC at 524 next=0x5b (chunk=2577)
[VT] ESC at 543 next=0x5b (chunk=2577)
[VT] ESC at 645 next=0x5b (chunk=2577)
[VT] ESC at 652 next=0x5b (chunk=2577)
[VT] ESC at 671 next=0x5b (chunk=2577)
[VT] ESC at 773 next=0x5b (chunk=2577)
[VT] ESC at 780 next=0x5b (chunk=2577)
[VT] ESC at 799 next=0x5b (chunk=2577)
[VT] ESC at 901 next=0x5b (chunk=2577)
[VT] ESC at 908 next=0x5b (chunk=2577)
[VT] ESC at 927 next=0x5b (chunk=2577)
[VT] ESC at 1029 next=0x5b (chunk=2577)
[VT] ESC at 1036 next=0x5b (chunk=2577)
[VT] ESC at 1055 next=0x5b (chunk=2577)
[VT] ESC at 1157 next=0x5b (chunk=2577)
[VT] ESC at 1164 next=0x5b (chunk=2577)
[VT] ESC at 1183 next=0x5b (chunk=2577)
[VT] ESC at 1285 next=0x5b (chunk=2577)
[VT] ESC at 1292 next=0x5b (chunk=2577)
[VT] ESC at 1311 next=0x5b (chunk=2577)
[VT] ESC at 1413 next=0x5b (chunk=2577)
[VT] ESC at 1420 next=0x5b (chunk=2577)
[VT] ESC at 1439 next=0x5b (chunk=2577)
[VT] ESC at 1541 next=0x5b (chunk=2577)
[VT] ESC at 1548 next=0x5b (chunk=2577)
[VT] ESC at 1567 next=0x5b (chunk=2577)
[VT] ESC at 1669 next=0x5b (chunk=2577)
[VT] ESC at 1676 next=0x5b (chunk=2577)
[VT] ESC at 1695 next=0x5b (chunk=2577)
[VT] ESC at 1797 next=0x5b (chunk=2577)
[VT] ESC at 1804 next=0x5b (chunk=2577)
[VT] ESC at 1823 next=0x5b (chunk=2577)
[VT] ESC at 1925 next=0x5b (chunk=2577)
[VT] ESC at 1932 next=0x5b (chunk=2577)
[VT] ESC at 1951 next=0x5b (chunk=2577)
[VT] ESC at 2053 next=0x5b (chunk=2577)
[VT] ESC at 2060 next=0x5b (chunk=2577)
[VT] ESC at 2079 next=0x5b (chunk=2577)
[VT] ESC at 2181 next=0x5b (chunk=2577)
[VT] ESC at 2188 next=0x5b (chunk=2577)
[VT] ESC at 2207 next=0x5b (chunk=2577)
[VT] ESC at 2309 next=0x5b (chunk=2577)
[VT] ESC at 2316 next=0x5b (chunk=2577)
[VT] ESC at 2335 next=0x5b (chunk=2577)
[VT] ESC at 2437 next=0x5b (chunk=2577)
[VT] ESC at 2444 next=0x5b (chunk=2577)
[VT] ESC at 2463 next=0x5b (chunk=2577)
[VT] ESC at 2565 next=0x5b (chunk=2577)
[VT] ESC at 2569 next=0x5b (chunk=2577)
[VT] ESC at 0 next=0x5b (chunk=4096)
[VT] ESC at 8 next=0x5b (chunk=4096)
[VT] ESC at 14 next=0x5b (chunk=4096)
[VT] ESC at 20 next=0x5b (chunk=4096)
[VT] ESC at 39 next=0x5b (chunk=4096)
[VT] ESC at 152 next=0x5b (chunk=4096)
[VT] ESC at 158 next=0x5b (chunk=4096)
[VT] ESC at 177 next=0x5b (chunk=4096)
[VT] ESC at 290 next=0x5b (chunk=4096)
[VT] ESC at 296 next=0x5b (chunk=4096)
[VT] ESC at 315 next=0x5b (chunk=4096)
[VT] ESC at 428 next=0x5b (chunk=4096)
[VT] ESC at 434 next=0x5b (chunk=4096)
[VT] ESC at 453 next=0x5b (chunk=4096)
[VT] ESC at 566 next=0x5b (chunk=4096)
[VT] ESC at 572 next=0x5b (chunk=4096)
[VT] ESC at 591 next=0x5b (chunk=4096)
[VT] ESC at 704 next=0x5b (chunk=4096)
[VT] ESC at 710 next=0x5b (chunk=4096)
[VT] ESC at 729 next=0x5b (chunk=4096)
[VT] ESC at 842 next=0x5b (chunk=4096)
[VT] ESC at 848 next=0x5b (chunk=4096)
[VT] ESC at 867 next=0x5b (chunk=4096)
[VT] ESC at 980 next=0x5b (chunk=4096)
[VT] ESC at 986 next=0x5b (chunk=4096)
[VT] ESC at 1005 next=0x5b (chunk=4096)
[VT] ESC at 1118 next=0x5b (chunk=4096)
[VT] ESC at 1124 next=0x5b (chunk=4096)
[VT] ESC at 1143 next=0x5b (chunk=4096)
[VT] ESC at 1256 next=0x5b (chunk=4096)
[VT] ESC at 1263 next=0x5b (chunk=4096)
[VT] ESC at 1282 next=0x5b (chunk=4096)
[VT] ESC at 1395 next=0x5b (chunk=4096)
[VT] ESC at 1402 next=0x5b (chunk=4096)
[VT] ESC at 1421 next=0x5b (chunk=4096)
[VT] ESC at 1534 next=0x5b (chunk=4096)
[VT] ESC at 1541 next=0x5b (chunk=4096)
[VT] ESC at 1560 next=0x5b (chunk=4096)
[VT] ESC at 1673 next=0x5b (chunk=4096)
[VT] ESC at 1680 next=0x5b (chunk=4096)
[VT] ESC at 1699 next=0x5b (chunk=4096)
[VT] ESC at 1812 next=0x5b (chunk=4096)
[VT] ESC at 1819 next=0x5b (chunk=4096)
[VT] ESC at 1838 next=0x5b (chunk=4096)
[VT] ESC at 1951 next=0x5b (chunk=4096)
[VT] ESC at 1958 next=0x5b (chunk=4096)
[VT] ESC at 1977 next=0x5b (chunk=4096)
[VT] ESC at 2090 next=0x5b (chunk=4096)
[VT] ESC at 2097 next=0x5b (chunk=4096)
[VT] ESC at 2116 next=0x5b (chunk=4096)
[VT] ESC at 2229 next=0x5b (chunk=4096)
[VT] ESC at 2236 next=0x5b (chunk=4096)
[VT] ESC at 2255 next=0x5b (chunk=4096)
[VT] ESC at 2368 next=0x5b (chunk=4096)
[VT] ESC at 2375 next=0x5b (chunk=4096)
[VT] ESC at 2394 next=0x5b (chunk=4096)
[VT] ESC at 2507 next=0x5b (chunk=4096)
[VT] ESC at 2514 next=0x5b (chunk=4096)
[VT] ESC at 2533 next=0x5b (chunk=4096)
[VT] ESC at 2646 next=0x5b (chunk=4096)
[VT] ESC at 2653 next=0x5b (chunk=4096)
[VT] ESC at 2672 next=0x5b (chunk=4096)
[VT] ESC at 2785 next=0x5b (chunk=4096)
[VT] ESC at 2792 next=0x5b (chunk=4096)
[VT] ESC at 2811 next=0x5b (chunk=4096)
[VT] ESC at 2924 next=0x5b (chunk=4096)
[VT] ESC at 2931 next=0x5b (chunk=4096)
[VT] ESC at 2950 next=0x5b (chunk=4096)
[VT] ESC at 3063 next=0x5b (chunk=4096)
[VT] ESC at 3070 next=0x5b (chunk=4096)
[VT] ESC at 3089 next=0x5b (chunk=4096)
[VT] ESC at 3202 next=0x5b (chunk=4096)
[VT] ESC at 3209 next=0x5b (chunk=4096)
[VT] ESC at 3228 next=0x5b (chunk=4096)
[VT] ESC at 3341 next=0x5b (chunk=4096)
[VT] ESC at 3348 next=0x5b (chunk=4096)
[VT] ESC at 3367 next=0x5b (chunk=4096)
[VT] ESC at 3480 next=0x5b (chunk=4096)
[VT] ESC at 3487 next=0x5b (chunk=4096)
[VT] ESC at 3506 next=0x5b (chunk=4096)
[VT] ESC at 3619 next=0x5b (chunk=4096)
[VT] ESC at 3626 next=0x5b (chunk=4096)
[VT] ESC at 3645 next=0x5b (chunk=4096)
[VT] ESC at 3758 next=0x5b (chunk=4096)
[VT] ESC at 3765 next=0x5b (chunk=4096)
[VT] ESC at 3784 next=0x5b (chunk=4096)
[VT] ESC at 3897 next=0x5b (chunk=4096)
[VT] ESC at 3904 next=0x5b (chunk=4096)
[VT] ESC at 3923 next=0x5b (chunk=4096)
[VT] ESC at 4036 next=0x5b (chunk=4096)
[VT] ESC at 4043 next=0x5b (chunk=4096)
[VT] ESC at 4062 next=0x5b (chunk=4096)
[VT] ESC at 79 next=0x5b (chunk=3149)
[VT] ESC at 86 next=0x5b (chunk=3149)
[VT] ESC at 105 next=0x5b (chunk=3149)
[VT] ESC at 218 next=0x5b (chunk=3149)
[VT] ESC at 225 next=0x5b (chunk=3149)
[VT] ESC at 244 next=0x5b (chunk=3149)
[VT] ESC at 357 next=0x5b (chunk=3149)
[VT] ESC at 364 next=0x5b (chunk=3149)
[VT] ESC at 383 next=0x5b (chunk=3149)
[VT] ESC at 496 next=0x5b (chunk=3149)
[VT] ESC at 503 next=0x5b (chunk=3149)
[VT] ESC at 522 next=0x5b (chunk=3149)
[VT] ESC at 635 next=0x5b (chunk=3149)
[VT] ESC at 642 next=0x5b (chunk=3149)
[VT] ESC at 661 next=0x5b (chunk=3149)
[VT] ESC at 774 next=0x5b (chunk=3149)
[VT] ESC at 781 next=0x5b (chunk=3149)
[VT] ESC at 800 next=0x5b (chunk=3149)
[VT] ESC at 913 next=0x5b (chunk=3149)
[VT] ESC at 920 next=0x5b (chunk=3149)
[VT] ESC at 939 next=0x5b (chunk=3149)
[VT] ESC at 1052 next=0x5b (chunk=3149)
[VT] ESC at 1059 next=0x5b (chunk=3149)
[VT] ESC at 1078 next=0x5b (chunk=3149)
[VT] ESC at 1191 next=0x5b (chunk=3149)
[VT] ESC at 1198 next=0x5b (chunk=3149)
[VT] ESC at 1217 next=0x5b (chunk=3149)
[VT] ESC at 1330 next=0x5b (chunk=3149)
[VT] ESC at 1337 next=0x5b (chunk=3149)
[VT] ESC at 1356 next=0x5b (chunk=3149)
[VT] ESC at 1469 next=0x5b (chunk=3149)
[VT] ESC at 1476 next=0x5b (chunk=3149)
[VT] ESC at 1495 next=0x5b (chunk=3149)
[VT] ESC at 1608 next=0x5b (chunk=3149)
[VT] ESC at 1615 next=0x5b (chunk=3149)
[VT] ESC at 1634 next=0x5b (chunk=3149)
[VT] ESC at 1747 next=0x5b (chunk=3149)
[VT] ESC at 1754 next=0x5b (chunk=3149)
[VT] ESC at 1773 next=0x5b (chunk=3149)
[VT] ESC at 1886 next=0x5b (chunk=3149)
[VT] ESC at 1893 next=0x5b (chunk=3149)
[VT] ESC at 1912 next=0x5b (chunk=3149)
[VT] ESC at 2025 next=0x5b (chunk=3149)
[VT] ESC at 2032 next=0x5b (chunk=3149)
[VT] ESC at 2051 next=0x5b (chunk=3149)
[VT] ESC at 2164 next=0x5b (chunk=3149)
[VT] ESC at 2171 next=0x5b (chunk=3149)
[VT] ESC at 2190 next=0x5b (chunk=3149)
[VT] ESC at 2303 next=0x5b (chunk=3149)
[VT] ESC at 2310 next=0x5b (chunk=3149)
[VT] ESC at 2329 next=0x5b (chunk=3149)
[VT] ESC at 2442 next=0x5b (chunk=3149)
[VT] ESC at 2449 next=0x5b (chunk=3149)
[VT] ESC at 2468 next=0x5b (chunk=3149)
[VT] ESC at 2581 next=0x5b (chunk=3149)
[VT] ESC at 2588 next=0x5b (chunk=3149)
[VT] ESC at 2607 next=0x5b (chunk=3149)
[VT] ESC at 2720 next=0x5b (chunk=3149)
[VT] ESC at 2727 next=0x5b (chunk=3149)
[VT] ESC at 2746 next=0x5b (chunk=3149)
[VT] ESC at 2859 next=0x5b (chunk=3149)
[VT] ESC at 2866 next=0x5b (chunk=3149)
[VT] ESC at 2885 next=0x5b (chunk=3149)
[VT] ESC at 2998 next=0x5b (chunk=3149)
[VT] ESC at 3005 next=0x5b (chunk=3149)
[VT] ESC at 3024 next=0x5b (chunk=3149)
[VT] ESC at 3137 next=0x5b (chunk=3149)
[VT] ESC at 3141 next=0x5b (chunk=3149)
[VT] ESC at 0 next=0x5d (chunk=13)
[VT] ESC at 0 next=0x5b (chunk=4096)
[VT] ESC at 8 next=0x5b (chunk=4096)
[VT] ESC at 14 next=0x5b (chunk=4096)
[VT] ESC at 22 next=0x5b (chunk=4096)
[VT] ESC at 41 next=0x5b (chunk=4096)
[VT] ESC at 59 next=0x5b (chunk=4096)
[VT] ESC at 63 next=0x5b (chunk=4096)
[VT] ESC at 71 next=0x5b (chunk=4096)
[VT] ESC at 90 next=0x5b (chunk=4096)
[VT] ESC at 107 next=0x5b (chunk=4096)
[VT] ESC at 111 next=0x5b (chunk=4096)
[VT] ESC at 119 next=0x5b (chunk=4096)
[VT] ESC at 138 next=0x5b (chunk=4096)
[VT] ESC at 155 next=0x5b (chunk=4096)
[VT] ESC at 159 next=0x5b (chunk=4096)
[VT] ESC at 167 next=0x5b (chunk=4096)
[VT] ESC at 186 next=0x5b (chunk=4096)
[VT] ESC at 203 next=0x5b (chunk=4096)
[VT] ESC at 207 next=0x5b (chunk=4096)
[VT] ESC at 215 next=0x5b (chunk=4096)
[VT] ESC at 234 next=0x5b (chunk=4096)
[VT] ESC at 251 next=0x5b (chunk=4096)
[VT] ESC at 255 next=0x5b (chunk=4096)
[VT] ESC at 263 next=0x5b (chunk=4096)
[VT] ESC at 282 next=0x5b (chunk=4096)
[VT] ESC at 299 next=0x5b (chunk=4096)
[VT] ESC at 303 next=0x5b (chunk=4096)
[VT] ESC at 311 next=0x5b (chunk=4096)
[VT] ESC at 330 next=0x5b (chunk=4096)
[VT] ESC at 347 next=0x5b (chunk=4096)
[VT] ESC at 351 next=0x5b (chunk=4096)
[VT] ESC at 359 next=0x5b (chunk=4096)
[VT] ESC at 378 next=0x5b (chunk=4096)
[VT] ESC at 396 next=0x5b (chunk=4096)
[VT] ESC at 400 next=0x5b (chunk=4096)
[VT] ESC at 408 next=0x5b (chunk=4096)
[VT] ESC at 427 next=0x5b (chunk=4096)
[VT] ESC at 444 next=0x5b (chunk=4096)
[VT] ESC at 448 next=0x5b (chunk=4096)
[VT] ESC at 456 next=0x5b (chunk=4096)
[VT] ESC at 475 next=0x5b (chunk=4096)
[VT] ESC at 493 next=0x5b (chunk=4096)
[VT] ESC at 497 next=0x5b (chunk=4096)
[VT] ESC at 505 next=0x5b (chunk=4096)
[VT] ESC at 524 next=0x5b (chunk=4096)
[VT] ESC at 541 next=0x5b (chunk=4096)
[VT] ESC at 545 next=0x5b (chunk=4096)
[VT] ESC at 553 next=0x5b (chunk=4096)
[VT] ESC at 572 next=0x5b (chunk=4096)
[VT] ESC at 589 next=0x5b (chunk=4096)
[VT] ESC at 593 next=0x5b (chunk=4096)
[VT] ESC at 601 next=0x5b (chunk=4096)
[VT] ESC at 620 next=0x5b (chunk=4096)
[VT] ESC at 637 next=0x5b (chunk=4096)
[VT] ESC at 641 next=0x5b (chunk=4096)
[VT] ESC at 649 next=0x5b (chunk=4096)
[VT] ESC at 668 next=0x5b (chunk=4096)
[VT] ESC at 685 next=0x5b (chunk=4096)
[VT] ESC at 689 next=0x5b (chunk=4096)
[VT] ESC at 697 next=0x5b (chunk=4096)
[VT] ESC at 716 next=0x5b (chunk=4096)
[VT] ESC at 733 next=0x5b (chunk=4096)
[VT] ESC at 737 next=0x5b (chunk=4096)
[VT] ESC at 745 next=0x5b (chunk=4096)
[VT] ESC at 764 next=0x5b (chunk=4096)
[VT] ESC at 781 next=0x5b (chunk=4096)
[VT] ESC at 785 next=0x5b (chunk=4096)
[VT] ESC at 793 next=0x5b (chunk=4096)
[VT] ESC at 812 next=0x5b (chunk=4096)
[VT] ESC at 828 next=0x5b (chunk=4096)
[VT] ESC at 833 next=0x5b (chunk=4096)
[VT] ESC at 837 next=0x5b (chunk=4096)
[VT] ESC at 845 next=0x5b (chunk=4096)
[VT] ESC at 864 next=0x5b (chunk=4096)
[VT] ESC at 880 next=0x5b (chunk=4096)
[VT] ESC at 886 next=0x5b (chunk=4096)
[VT] ESC at 890 next=0x5b (chunk=4096)
[VT] ESC at 898 next=0x5b (chunk=4096)
[VT] ESC at 917 next=0x5b (chunk=4096)
[VT] ESC at 933 next=0x5b (chunk=4096)
[VT] ESC at 938 next=0x5b (chunk=4096)
[VT] ESC at 942 next=0x5b (chunk=4096)
[VT] ESC at 950 next=0x5b (chunk=4096)
[VT] ESC at 969 next=0x5b (chunk=4096)
[VT] ESC at 985 next=0x5b (chunk=4096)
[VT] ESC at 990 next=0x5b (chunk=4096)
[VT] ESC at 994 next=0x5b (chunk=4096)
[VT] ESC at 1002 next=0x5b (chunk=4096)
[VT] ESC at 1021 next=0x5b (chunk=4096)
[VT] ESC at 1037 next=0x5b (chunk=4096)
[VT] ESC at 1042 next=0x5b (chunk=4096)
[VT] ESC at 1046 next=0x5b (chunk=4096)
[VT] ESC at 1054 next=0x5b (chunk=4096)
[VT] ESC at 1073 next=0x5b (chunk=4096)
[VT] ESC at 1089 next=0x5b (chunk=4096)
[VT] ESC at 1096 next=0x5b (chunk=4096)
[VT] ESC at 1100 next=0x5b (chunk=4096)
[VT] ESC at 1108 next=0x5b (chunk=4096)
[VT] ESC at 1127 next=0x5b (chunk=4096)
[VT] ESC at 1143 next=0x5b (chunk=4096)
[VT] ESC at 1148 next=0x5b (chunk=4096)
[VT] ESC at 1152 next=0x5b (chunk=4096)
[VT] ESC at 1160 next=0x5b (chunk=4096)
[VT] ESC at 1179 next=0x5b (chunk=4096)
[VT] ESC at 1195 next=0x5b (chunk=4096)
[VT] ESC at 1200 next=0x5b (chunk=4096)
[VT] ESC at 1204 next=0x5b (chunk=4096)
[VT] ESC at 1212 next=0x5b (chunk=4096)
[VT] ESC at 1231 next=0x5b (chunk=4096)
[VT] ESC at 1247 next=0x5b (chunk=4096)
[VT] ESC at 1252 next=0x5b (chunk=4096)
[VT] ESC at 1256 next=0x5b (chunk=4096)
[VT] ESC at 1264 next=0x5b (chunk=4096)
[VT] ESC at 1283 next=0x5b (chunk=4096)
[VT] ESC at 1299 next=0x5b (chunk=4096)
[VT] ESC at 1304 next=0x5b (chunk=4096)
[VT] ESC at 1308 next=0x5b (chunk=4096)
[VT] ESC at 1316 next=0x5b (chunk=4096)
[VT] ESC at 1335 next=0x5b (chunk=4096)
[VT] ESC at 1351 next=0x5b (chunk=4096)
[VT] ESC at 1358 next=0x5b (chunk=4096)
[VT] ESC at 1362 next=0x5b (chunk=4096)
[VT] ESC at 1370 next=0x5b (chunk=4096)
[VT] ESC at 1389 next=0x5b (chunk=4096)
[VT] ESC at 1405 next=0x5b (chunk=4096)
[VT] ESC at 1410 next=0x5b (chunk=4096)
[VT] ESC at 1414 next=0x5b (chunk=4096)
[VT] ESC at 1422 next=0x5b (chunk=4096)
[VT] ESC at 1441 next=0x5b (chunk=4096)
[VT] ESC at 1457 next=0x5b (chunk=4096)
[VT] ESC at 1462 next=0x5b (chunk=4096)
[VT] ESC at 1466 next=0x5b (chunk=4096)
[VT] ESC at 1474 next=0x5b (chunk=4096)
[VT] ESC at 1493 next=0x5b (chunk=4096)
[VT] ESC at 1509 next=0x5b (chunk=4096)
[VT] ESC at 1514 next=0x5b (chunk=4096)
[VT] ESC at 1518 next=0x5b (chunk=4096)
[VT] ESC at 1526 next=0x5b (chunk=4096)
[VT] ESC at 1545 next=0x5b (chunk=4096)
[VT] ESC at 1561 next=0x5b (chunk=4096)
[VT] ESC at 1566 next=0x5b (chunk=4096)
[VT] ESC at 1570 next=0x5b (chunk=4096)
[VT] ESC at 1578 next=0x5b (chunk=4096)
[VT] ESC at 1597 next=0x5b (chunk=4096)
[VT] ESC at 1613 next=0x5b (chunk=4096)
[VT] ESC at 1618 next=0x5b (chunk=4096)
[VT] ESC at 1622 next=0x5b (chunk=4096)
[VT] ESC at 1630 next=0x5b (chunk=4096)
[VT] ESC at 1649 next=0x5b (chunk=4096)
[VT] ESC at 1671 next=0x5b (chunk=4096)
[VT] ESC at 1675 next=0x5b (chunk=4096)
[VT] ESC at 1683 next=0x5b (chunk=4096)
[VT] ESC at 1702 next=0x5b (chunk=4096)
[VT] ESC at 1724 next=0x5b (chunk=4096)
[VT] ESC at 1728 next=0x5b (chunk=4096)
[VT] ESC at 1736 next=0x5b (chunk=4096)
[VT] ESC at 1755 next=0x5b (chunk=4096)
[VT] ESC at 1777 next=0x5b (chunk=4096)
[VT] ESC at 1781 next=0x5b (chunk=4096)
[VT] ESC at 1789 next=0x5b (chunk=4096)
[VT] ESC at 1808 next=0x5b (chunk=4096)
[VT] ESC at 1825 next=0x5b (chunk=4096)
[VT] ESC at 1829 next=0x5b (chunk=4096)
[VT] ESC at 1837 next=0x5b (chunk=4096)
[VT] ESC at 1856 next=0x5b (chunk=4096)
[VT] ESC at 1878 next=0x5b (chunk=4096)
[VT] ESC at 1882 next=0x5b (chunk=4096)
[VT] ESC at 1890 next=0x5b (chunk=4096)
[VT] ESC at 1909 next=0x5b (chunk=4096)
[VT] ESC at 1928 next=0x5b (chunk=4096)
[VT] ESC at 1932 next=0x5b (chunk=4096)
[VT] ESC at 1940 next=0x5b (chunk=4096)
[VT] ESC at 1959 next=0x5b (chunk=4096)
[VT] ESC at 1978 next=0x5b (chunk=4096)
[VT] ESC at 1982 next=0x5b (chunk=4096)
[VT] ESC at 1990 next=0x5b (chunk=4096)
[VT] ESC at 2009 next=0x5b (chunk=4096)
[VT] ESC at 2031 next=0x5b (chunk=4096)
[VT] ESC at 2035 next=0x5b (chunk=4096)
[VT] ESC at 2043 next=0x5b (chunk=4096)
[VT] ESC at 2062 next=0x5b (chunk=4096)
[VT] ESC at 2079 next=0x5b (chunk=4096)
[VT] ESC at 2083 next=0x5b (chunk=4096)
[VT] ESC at 2091 next=0x5b (chunk=4096)
[VT] ESC at 2110 next=0x5b (chunk=4096)
[VT] ESC at 2132 next=0x5b (chunk=4096)
[VT] ESC at 2136 next=0x5b (chunk=4096)
[VT] ESC at 2144 next=0x5b (chunk=4096)
[VT] ESC at 2163 next=0x5b (chunk=4096)
[VT] ESC at 2182 next=0x5b (chunk=4096)
[VT] ESC at 2186 next=0x5b (chunk=4096)
[VT] ESC at 2194 next=0x5b (chunk=4096)
[VT] ESC at 2213 next=0x5b (chunk=4096)
[VT] ESC at 2232 next=0x5b (chunk=4096)
[VT] ESC at 2236 next=0x5b (chunk=4096)
[VT] ESC at 2244 next=0x5b (chunk=4096)
[VT] ESC at 2263 next=0x5b (chunk=4096)
[VT] ESC at 2285 next=0x5b (chunk=4096)
[VT] ESC at 2289 next=0x5b (chunk=4096)
[VT] ESC at 2297 next=0x5b (chunk=4096)
[VT] ESC at 2316 next=0x5b (chunk=4096)
[VT] ESC at 2333 next=0x5b (chunk=4096)
[VT] ESC at 2337 next=0x5b (chunk=4096)
[VT] ESC at 2345 next=0x5b (chunk=4096)
[VT] ESC at 2364 next=0x5b (chunk=4096)
[VT] ESC at 2386 next=0x5b (chunk=4096)
[VT] ESC at 2390 next=0x5b (chunk=4096)
[VT] ESC at 2398 next=0x5b (chunk=4096)
[VT] ESC at 2417 next=0x5b (chunk=4096)
[VT] ESC at 2436 next=0x5b (chunk=4096)
[VT] ESC at 2440 next=0x5b (chunk=4096)
[VT] ESC at 2448 next=0x5b (chunk=4096)
[VT] ESC at 2467 next=0x5b (chunk=4096)
[VT] ESC at 2486 next=0x5b (chunk=4096)
[VT] ESC at 2490 next=0x5b (chunk=4096)
[VT] ESC at 2498 next=0x5b (chunk=4096)
[VT] ESC at 2517 next=0x5b (chunk=4096)
[VT] ESC at 2536 next=0x5b (chunk=4096)
[VT] ESC at 2540 next=0x5b (chunk=4096)
[VT] ESC at 2548 next=0x5b (chunk=4096)
[VT] ESC at 2567 next=0x5b (chunk=4096)
[VT] ESC at 2586 next=0x5b (chunk=4096)
[VT] ESC at 2593 next=0x5b (chunk=4096)
[VT] ESC at 2597 next=0x5b (chunk=4096)
[VT] ESC at 2605 next=0x5b (chunk=4096)
[VT] ESC at 2624 next=0x5b (chunk=4096)
[VT] ESC at 2640 next=0x5b (chunk=4096)
[VT] ESC at 2647 next=0x5b (chunk=4096)
[VT] ESC at 2651 next=0x5b (chunk=4096)
[VT] ESC at 2659 next=0x5b (chunk=4096)
[VT] ESC at 2678 next=0x5b (chunk=4096)
[VT] ESC at 2694 next=0x5b (chunk=4096)
[VT] ESC at 2701 next=0x5b (chunk=4096)
[VT] ESC at 2705 next=0x5b (chunk=4096)
[VT] ESC at 2713 next=0x5b (chunk=4096)
[VT] ESC at 2732 next=0x5b (chunk=4096)
[VT] ESC at 2748 next=0x5b (chunk=4096)
[VT] ESC at 2755 next=0x5b (chunk=4096)
[VT] ESC at 2759 next=0x5b (chunk=4096)
[VT] ESC at 2767 next=0x5b (chunk=4096)
[VT] ESC at 2786 next=0x5b (chunk=4096)
[VT] ESC at 2802 next=0x5b (chunk=4096)
[VT] ESC at 2807 next=0x5b (chunk=4096)
[VT] ESC at 2811 next=0x5b (chunk=4096)
[VT] ESC at 2819 next=0x5b (chunk=4096)
[VT] ESC at 2838 next=0x5b (chunk=4096)
[VT] ESC at 2857 next=0x5b (chunk=4096)
[VT] ESC at 2864 next=0x5b (chunk=4096)
[VT] ESC at 2868 next=0x5b (chunk=4096)
[VT] ESC at 2876 next=0x5b (chunk=4096)
[VT] ESC at 2895 next=0x5b (chunk=4096)
[VT] ESC at 2911 next=0x5b (chunk=4096)
[VT] ESC at 2918 next=0x5b (chunk=4096)
[VT] ESC at 2922 next=0x5b (chunk=4096)
[VT] ESC at 2930 next=0x5b (chunk=4096)
[VT] ESC at 2949 next=0x5b (chunk=4096)
[VT] ESC at 2965 next=0x5b (chunk=4096)
[VT] ESC at 2972 next=0x5b (chunk=4096)
[VT] ESC at 2976 next=0x5b (chunk=4096)
[VT] ESC at 2984 next=0x5b (chunk=4096)
[VT] ESC at 3003 next=0x5b (chunk=4096)
[VT] ESC at 3022 next=0x5b (chunk=4096)
[VT] ESC at 3029 next=0x5b (chunk=4096)
[VT] ESC at 3033 next=0x5b (chunk=4096)
[VT] ESC at 3041 next=0x5b (chunk=4096)
[VT] ESC at 3060 next=0x5b (chunk=4096)
[VT] ESC at 3076 next=0x5b (chunk=4096)
[VT] ESC at 3081 next=0x5b (chunk=4096)
[VT] ESC at 3085 next=0x5b (chunk=4096)
[VT] ESC at 3093 next=0x5b (chunk=4096)
[VT] ESC at 3112 next=0x5b (chunk=4096)
[VT] ESC at 3131 next=0x5b (chunk=4096)
[VT] ESC at 3138 next=0x5b (chunk=4096)
[VT] ESC at 3142 next=0x5b (chunk=4096)
[VT] ESC at 3150 next=0x5b (chunk=4096)
[VT] ESC at 3169 next=0x5b (chunk=4096)
[VT] ESC at 3185 next=0x5b (chunk=4096)
[VT] ESC at 3195 next=0x5b (chunk=4096)
[VT] ESC at 3199 next=0x5b (chunk=4096)
[VT] ESC at 3207 next=0x5b (chunk=4096)
[VT] ESC at 3226 next=0x5b (chunk=4096)
[VT] ESC at 3245 next=0x5b (chunk=4096)
[VT] ESC at 3252 next=0x5b (chunk=4096)
[VT] ESC at 3256 next=0x5b (chunk=4096)
[VT] ESC at 3264 next=0x5b (chunk=4096)
[VT] ESC at 3283 next=0x5b (chunk=4096)
[VT] ESC at 3299 next=0x5b (chunk=4096)
[VT] ESC at 3304 next=0x5b (chunk=4096)
[VT] ESC at 3308 next=0x5b (chunk=4096)
[VT] ESC at 3316 next=0x5b (chunk=4096)
[VT] ESC at 3335 next=0x5b (chunk=4096)
[VT] ESC at 3354 next=0x5b (chunk=4096)
[VT] ESC at 3361 next=0x5b (chunk=4096)
[VT] ESC at 3365 next=0x5b (chunk=4096)
[VT] ESC at 3373 next=0x5b (chunk=4096)
[VT] ESC at 3392 next=0x5b (chunk=4096)
[VT] ESC at 3408 next=0x5b (chunk=4096)
[VT] ESC at 3415 next=0x5b (chunk=4096)
[VT] ESC at 3419 next=0x5b (chunk=4096)
[VT] ESC at 3427 next=0x5b (chunk=4096)
[VT] ESC at 3446 next=0x5b (chunk=4096)
[VT] ESC at 3462 next=0x5b (chunk=4096)
[VT] ESC at 3469 next=0x5b (chunk=4096)
[VT] ESC at 3473 next=0x5b (chunk=4096)
[VT] ESC at 3481 next=0x5b (chunk=4096)
[VT] ESC at 3500 next=0x5b (chunk=4096)
[VT] ESC at 3519 next=0x5b (chunk=4096)
[VT] ESC at 3526 next=0x5b (chunk=4096)
[VT] ESC at 3530 next=0x5b (chunk=4096)
[VT] ESC at 3538 next=0x5b (chunk=4096)
[VT] ESC at 3557 next=0x5b (chunk=4096)
[VT] ESC at 3579 next=0x5b (chunk=4096)
[VT] ESC at 3583 next=0x5b (chunk=4096)
[VT] ESC at 3591 next=0x5b (chunk=4096)
[VT] ESC at 3610 next=0x5b (chunk=4096)
[VT] ESC at 3627 next=0x5b (chunk=4096)
[VT] ESC at 3631 next=0x5b (chunk=4096)
[VT] ESC at 3639 next=0x5b (chunk=4096)
[VT] ESC at 3658 next=0x5b (chunk=4096)
[VT] ESC at 3675 next=0x5b (chunk=4096)
[VT] ESC at 3679 next=0x5b (chunk=4096)
[VT] ESC at 3687 next=0x5b (chunk=4096)
[VT] ESC at 3706 next=0x5b (chunk=4096)
[VT] ESC at 3728 next=0x5b (chunk=4096)
[VT] ESC at 3732 next=0x5b (chunk=4096)
[VT] ESC at 3740 next=0x5b (chunk=4096)
[VT] ESC at 3759 next=0x5b (chunk=4096)
[VT] ESC at 3776 next=0x5b (chunk=4096)
[VT] ESC at 3780 next=0x5b (chunk=4096)
[VT] ESC at 3788 next=0x5b (chunk=4096)
[VT] ESC at 3807 next=0x5b (chunk=4096)
[VT] ESC at 3829 next=0x5b (chunk=4096)
[VT] ESC at 3833 next=0x5b (chunk=4096)
[VT] ESC at 3841 next=0x5b (chunk=4096)
[VT] ESC at 3860 next=0x5b (chunk=4096)
[VT] ESC at 3878 next=0x5b (chunk=4096)
[VT] ESC at 3882 next=0x5b (chunk=4096)
[VT] ESC at 3890 next=0x5b (chunk=4096)
[VT] ESC at 3909 next=0x5b (chunk=4096)
[VT] ESC at 3931 next=0x5b (chunk=4096)
[VT] ESC at 3935 next=0x5b (chunk=4096)
[VT] ESC at 3943 next=0x5b (chunk=4096)
[VT] ESC at 3962 next=0x5b (chunk=4096)
[VT] ESC at 3979 next=0x5b (chunk=4096)
[VT] ESC at 3983 next=0x5b (chunk=4096)
[VT] ESC at 3991 next=0x5b (chunk=4096)
[VT] ESC at 4010 next=0x5b (chunk=4096)
[VT] ESC at 4032 next=0x5b (chunk=4096)
[VT] ESC at 4036 next=0x5b (chunk=4096)
[VT] ESC at 4044 next=0x5b (chunk=4096)
[VT] ESC at 4063 next=0x5b (chunk=4096)
[VT] ESC at 4088 next=0x5b (chunk=4096)
[VT] ESC at 4092 next=0x5b (chunk=4096)
[VT] ESC at 4 next=0x5b (chunk=3850)
[VT] ESC at 23 next=0x5b (chunk=3850)
[VT] ESC at 40 next=0x5b (chunk=3850)
[VT] ESC at 44 next=0x5b (chunk=3850)
[VT] ESC at 52 next=0x5b (chunk=3850)
[VT] ESC at 71 next=0x5b (chunk=3850)
[VT] ESC at 93 next=0x5b (chunk=3850)
[VT] ESC at 97 next=0x5b (chunk=3850)
[VT] ESC at 105 next=0x5b (chunk=3850)
[VT] ESC at 124 next=0x5b (chunk=3850)
[VT] ESC at 142 next=0x5b (chunk=3850)
[VT] ESC at 146 next=0x5b (chunk=3850)
[VT] ESC at 154 next=0x5b (chunk=3850)
[VT] ESC at 173 next=0x5b (chunk=3850)
[VT] ESC at 195 next=0x5b (chunk=3850)
[VT] ESC at 199 next=0x5b (chunk=3850)
[VT] ESC at 207 next=0x5b (chunk=3850)
[VT] ESC at 226 next=0x5b (chunk=3850)
[VT] ESC at 245 next=0x5b (chunk=3850)
[VT] ESC at 252 next=0x5b (chunk=3850)
[VT] ESC at 256 next=0x5b (chunk=3850)
[VT] ESC at 264 next=0x5b (chunk=3850)
[VT] ESC at 283 next=0x5b (chunk=3850)
[VT] ESC at 299 next=0x5b (chunk=3850)
[VT] ESC at 306 next=0x5b (chunk=3850)
[VT] ESC at 310 next=0x5b (chunk=3850)
[VT] ESC at 318 next=0x5b (chunk=3850)
[VT] ESC at 337 next=0x5b (chunk=3850)
[VT] ESC at 353 next=0x5b (chunk=3850)
[VT] ESC at 358 next=0x5b (chunk=3850)
[VT] ESC at 362 next=0x5b (chunk=3850)
[VT] ESC at 370 next=0x5b (chunk=3850)
[VT] ESC at 389 next=0x5b (chunk=3850)
[VT] ESC at 408 next=0x5b (chunk=3850)
[VT] ESC at 415 next=0x5b (chunk=3850)
[VT] ESC at 419 next=0x5b (chunk=3850)
[VT] ESC at 427 next=0x5b (chunk=3850)
[VT] ESC at 446 next=0x5b (chunk=3850)
[VT] ESC at 462 next=0x5b (chunk=3850)
[VT] ESC at 468 next=0x5b (chunk=3850)
[VT] ESC at 472 next=0x5b (chunk=3850)
[VT] ESC at 480 next=0x5b (chunk=3850)
[VT] ESC at 499 next=0x5b (chunk=3850)
[VT] ESC at 518 next=0x5b (chunk=3850)
[VT] ESC at 525 next=0x5b (chunk=3850)
[VT] ESC at 529 next=0x5b (chunk=3850)
[VT] ESC at 537 next=0x5b (chunk=3850)
[VT] ESC at 556 next=0x5b (chunk=3850)
[VT] ESC at 572 next=0x5b (chunk=3850)
[VT] ESC at 577 next=0x5b (chunk=3850)
[VT] ESC at 581 next=0x5b (chunk=3850)
[VT] ESC at 589 next=0x5b (chunk=3850)
[VT] ESC at 608 next=0x5b (chunk=3850)
[VT] ESC at 627 next=0x5b (chunk=3850)
[VT] ESC at 634 next=0x5b (chunk=3850)
[VT] ESC at 638 next=0x5b (chunk=3850)
[VT] ESC at 646 next=0x5b (chunk=3850)
[VT] ESC at 665 next=0x5b (chunk=3850)
[VT] ESC at 681 next=0x5b (chunk=3850)
[VT] ESC at 687 next=0x5b (chunk=3850)
[VT] ESC at 691 next=0x5b (chunk=3850)
[VT] ESC at 699 next=0x5b (chunk=3850)
[VT] ESC at 718 next=0x5b (chunk=3850)
[VT] ESC at 737 next=0x5b (chunk=3850)
[VT] ESC at 744 next=0x5b (chunk=3850)
[VT] ESC at 748 next=0x5b (chunk=3850)
[VT] ESC at 756 next=0x5b (chunk=3850)
[VT] ESC at 775 next=0x5b (chunk=3850)
[VT] ESC at 791 next=0x5b (chunk=3850)
[VT] ESC at 796 next=0x5b (chunk=3850)
[VT] ESC at 800 next=0x5b (chunk=3850)
[VT] ESC at 808 next=0x5b (chunk=3850)
[VT] ESC at 827 next=0x5b (chunk=3850)
[VT] ESC at 846 next=0x5b (chunk=3850)
[VT] ESC at 853 next=0x5b (chunk=3850)
[VT] ESC at 857 next=0x5b (chunk=3850)
[VT] ESC at 865 next=0x5b (chunk=3850)
[VT] ESC at 884 next=0x5b (chunk=3850)
[VT] ESC at 900 next=0x5b (chunk=3850)
[VT] ESC at 913 next=0x5b (chunk=3850)
[VT] ESC at 917 next=0x5b (chunk=3850)
[VT] ESC at 925 next=0x5b (chunk=3850)
[VT] ESC at 944 next=0x5b (chunk=3850)
[VT] ESC at 973 next=0x5b (chunk=3850)
[VT] ESC at 977 next=0x5b (chunk=3850)
[VT] ESC at 985 next=0x5b (chunk=3850)
[VT] ESC at 1004 next=0x5b (chunk=3850)
[VT] ESC at 1026 next=0x5b (chunk=3850)
[VT] ESC at 1030 next=0x5b (chunk=3850)
[VT] ESC at 1038 next=0x5b (chunk=3850)
[VT] ESC at 1057 next=0x5b (chunk=3850)
[VT] ESC at 1099 next=0x5b (chunk=3850)
[VT] ESC at 1103 next=0x5b (chunk=3850)
[VT] ESC at 1111 next=0x5b (chunk=3850)
[VT] ESC at 1127 next=0x5b (chunk=3850)
[VT] ESC at 1149 next=0x5b (chunk=3850)
[VT] ESC at 1153 next=0x5b (chunk=3850)
[VT] ESC at 1161 next=0x5b (chunk=3850)
[VT] ESC at 1180 next=0x5b (chunk=3850)
[VT] ESC at 1199 next=0x5b (chunk=3850)
[VT] ESC at 1203 next=0x5b (chunk=3850)
[VT] ESC at 1211 next=0x5b (chunk=3850)
[VT] ESC at 1230 next=0x5b (chunk=3850)
[VT] ESC at 1246 next=0x5b (chunk=3850)
[VT] ESC at 1275 next=0x5b (chunk=3850)
[VT] ESC at 1279 next=0x5b (chunk=3850)
[VT] ESC at 1287 next=0x5b (chunk=3850)
[VT] ESC at 1306 next=0x5b (chunk=3850)
[VT] ESC at 1322 next=0x5b (chunk=3850)
[VT] ESC at 1327 next=0x5b (chunk=3850)
[VT] ESC at 1331 next=0x5b (chunk=3850)
[VT] ESC at 1339 next=0x5b (chunk=3850)
[VT] ESC at 1358 next=0x5b (chunk=3850)
[VT] ESC at 1374 next=0x5b (chunk=3850)
[VT] ESC at 1384 next=0x5b (chunk=3850)
[VT] ESC at 1388 next=0x5b (chunk=3850)
[VT] ESC at 1396 next=0x5b (chunk=3850)
[VT] ESC at 1415 next=0x5b (chunk=3850)
[VT] ESC at 1431 next=0x5b (chunk=3850)
[VT] ESC at 1438 next=0x5b (chunk=3850)
[VT] ESC at 1442 next=0x5b (chunk=3850)
[VT] ESC at 1450 next=0x5b (chunk=3850)
[VT] ESC at 1469 next=0x5b (chunk=3850)
[VT] ESC at 1485 next=0x5b (chunk=3850)
[VT] ESC at 1493 next=0x5b (chunk=3850)
[VT] ESC at 1497 next=0x5b (chunk=3850)
[VT] ESC at 1505 next=0x5b (chunk=3850)
[VT] ESC at 1524 next=0x5b (chunk=3850)
[VT] ESC at 1540 next=0x5b (chunk=3850)
[VT] ESC at 1547 next=0x5b (chunk=3850)
[VT] ESC at 1551 next=0x5b (chunk=3850)
[VT] ESC at 1559 next=0x5b (chunk=3850)
[VT] ESC at 1578 next=0x5b (chunk=3850)
[VT] ESC at 1594 next=0x5b (chunk=3850)
[VT] ESC at 1607 next=0x5b (chunk=3850)
[VT] ESC at 1611 next=0x5b (chunk=3850)
[VT] ESC at 1619 next=0x5b (chunk=3850)
[VT] ESC at 1637 next=0x5b (chunk=3850)
[VT] ESC at 1656 next=0x5b (chunk=3850)
[VT] ESC at 1660 next=0x5b (chunk=3850)
[VT] ESC at 1668 next=0x5b (chunk=3850)
[VT] ESC at 1687 next=0x5b (chunk=3850)
[VT] ESC at 1777 next=0x5b (chunk=3850)
[VT] ESC at 1781 next=0x5b (chunk=3850)
[VT] ESC at 1789 next=0x5b (chunk=3850)
[VT] ESC at 1807 next=0x5b (chunk=3850)
[VT] ESC at 1826 next=0x5b (chunk=3850)
[VT] ESC at 1830 next=0x5b (chunk=3850)
[VT] ESC at 1838 next=0x5b (chunk=3850)
[VT] ESC at 1857 next=0x5b (chunk=3850)
[VT] ESC at 1875 next=0x5b (chunk=3850)
[VT] ESC at 1879 next=0x5b (chunk=3850)
[VT] ESC at 1887 next=0x5b (chunk=3850)
[VT] ESC at 1906 next=0x5b (chunk=3850)
[VT] ESC at 1956 next=0x5b (chunk=3850)
[VT] ESC at 1960 next=0x5b (chunk=3850)
[VT] ESC at 1968 next=0x5b (chunk=3850)
[VT] ESC at 1987 next=0x5b (chunk=3850)
[VT] ESC at 2041 next=0x5b (chunk=3850)
[VT] ESC at 2045 next=0x5b (chunk=3850)
[VT] ESC at 2053 next=0x5b (chunk=3850)
[VT] ESC at 2071 next=0x5b (chunk=3850)
[VT] ESC at 2090 next=0x5b (chunk=3850)
[VT] ESC at 2094 next=0x5b (chunk=3850)
[VT] ESC at 2102 next=0x5b (chunk=3850)
[VT] ESC at 2121 next=0x5b (chunk=3850)
[VT] ESC at 2211 next=0x5b (chunk=3850)
[VT] ESC at 2215 next=0x5b (chunk=3850)
[VT] ESC at 2223 next=0x5b (chunk=3850)
[VT] ESC at 2241 next=0x5b (chunk=3850)
[VT] ESC at 2260 next=0x5b (chunk=3850)
[VT] ESC at 2264 next=0x5b (chunk=3850)
[VT] ESC at 2272 next=0x5b (chunk=3850)
[VT] ESC at 2291 next=0x5b (chunk=3850)
[VT] ESC at 2309 next=0x5b (chunk=3850)
[VT] ESC at 2313 next=0x5b (chunk=3850)
[VT] ESC at 2321 next=0x5b (chunk=3850)
[VT] ESC at 2339 next=0x5b (chunk=3850)
[VT] ESC at 2360 next=0x5b (chunk=3850)
[VT] ESC at 2364 next=0x5b (chunk=3850)
[VT] ESC at 2372 next=0x5b (chunk=3850)
[VT] ESC at 2391 next=0x5b (chunk=3850)
[VT] ESC at 2408 next=0x5b (chunk=3850)
[VT] ESC at 2412 next=0x5b (chunk=3850)
[VT] ESC at 2420 next=0x5b (chunk=3850)
[VT] ESC at 2439 next=0x5b (chunk=3850)
[VT] ESC at 2457 next=0x5b (chunk=3850)
[VT] ESC at 2461 next=0x5b (chunk=3850)
[VT] ESC at 2469 next=0x5b (chunk=3850)
[VT] ESC at 2488 next=0x5b (chunk=3850)
[VT] ESC at 2505 next=0x5b (chunk=3850)
[VT] ESC at 2509 next=0x5b (chunk=3850)
[VT] ESC at 2517 next=0x5b (chunk=3850)
[VT] ESC at 2536 next=0x5b (chunk=3850)
[VT] ESC at 2559 next=0x5b (chunk=3850)
[VT] ESC at 2563 next=0x5b (chunk=3850)
[VT] ESC at 2571 next=0x5b (chunk=3850)
[VT] ESC at 2590 next=0x5b (chunk=3850)
[VT] ESC at 2607 next=0x5b (chunk=3850)
[VT] ESC at 2611 next=0x5b (chunk=3850)
[VT] ESC at 2619 next=0x5b (chunk=3850)
[VT] ESC at 2638 next=0x5b (chunk=3850)
[VT] ESC at 2660 next=0x5b (chunk=3850)
[VT] ESC at 2664 next=0x5b (chunk=3850)
[VT] ESC at 2672 next=0x5b (chunk=3850)
[VT] ESC at 2691 next=0x5b (chunk=3850)
[VT] ESC at 2757 next=0x5b (chunk=3850)
[VT] ESC at 2761 next=0x5b (chunk=3850)
[VT] ESC at 2769 next=0x5b (chunk=3850)
[VT] ESC at 2787 next=0x5b (chunk=3850)
[VT] ESC at 2806 next=0x5b (chunk=3850)
[VT] ESC at 2810 next=0x5b (chunk=3850)
[VT] ESC at 2818 next=0x5b (chunk=3850)
[VT] ESC at 2834 next=0x5b (chunk=3850)
[VT] ESC at 3072 next=0x5b (chunk=3850)
[VT] ESC at 3076 next=0x5b (chunk=3850)
[VT] ESC at 3084 next=0x5b (chunk=3850)
[VT] ESC at 3103 next=0x5b (chunk=3850)
[VT] ESC at 3123 next=0x5b (chunk=3850)
[VT] ESC at 3127 next=0x5b (chunk=3850)
[VT] ESC at 3135 next=0x5b (chunk=3850)
[VT] ESC at 3154 next=0x5b (chunk=3850)
[VT] ESC at 3176 next=0x5b (chunk=3850)
[VT] ESC at 3180 next=0x5b (chunk=3850)
[VT] ESC at 3188 next=0x5b (chunk=3850)
[VT] ESC at 3207 next=0x5b (chunk=3850)
[VT] ESC at 3230 next=0x5b (chunk=3850)
[VT] ESC at 3234 next=0x5b (chunk=3850)
[VT] ESC at 3242 next=0x5b (chunk=3850)
[VT] ESC at 3261 next=0x5b (chunk=3850)
[VT] ESC at 3285 next=0x5b (chunk=3850)
[VT] ESC at 3289 next=0x5b (chunk=3850)
[VT] ESC at 3297 next=0x5b (chunk=3850)
[VT] ESC at 3315 next=0x5b (chunk=3850)
[VT] ESC at 3339 next=0x5b (chunk=3850)
[VT] ESC at 3343 next=0x5b (chunk=3850)
[VT] ESC at 3351 next=0x5b (chunk=3850)
[VT] ESC at 3370 next=0x5b (chunk=3850)
[VT] ESC at 3390 next=0x5b (chunk=3850)
[VT] ESC at 3394 next=0x5b (chunk=3850)
[VT] ESC at 3402 next=0x5b (chunk=3850)
[VT] ESC at 3421 next=0x5b (chunk=3850)
[VT] ESC at 3440 next=0x5b (chunk=3850)
[VT] ESC at 3444 next=0x5b (chunk=3850)
[VT] ESC at 3452 next=0x5b (chunk=3850)
[VT] ESC at 3471 next=0x5b (chunk=3850)
[VT] ESC at 3497 next=0x5b (chunk=3850)
[VT] ESC at 3501 next=0x5b (chunk=3850)
[VT] ESC at 3509 next=0x5b (chunk=3850)
[VT] ESC at 3528 next=0x5b (chunk=3850)
[VT] ESC at 3563 next=0x5b (chunk=3850)
[VT] ESC at 3567 next=0x5b (chunk=3850)
[VT] ESC at 3575 next=0x5b (chunk=3850)
[VT] ESC at 3594 next=0x5b (chunk=3850)
[VT] ESC at 3637 next=0x5b (chunk=3850)
[VT] ESC at 3641 next=0x5b (chunk=3850)
[VT] ESC at 3649 next=0x5b (chunk=3850)
[VT] ESC at 3668 next=0x5b (chunk=3850)
[VT] ESC at 3691 next=0x5b (chunk=3850)
[VT] ESC at 3695 next=0x5b (chunk=3850)
[VT] ESC at 3702 next=0x5b (chunk=3850)
[VT] ESC at 3721 next=0x5b (chunk=3850)
[VT] ESC at 3748 next=0x5b (chunk=3850)
[VT] ESC at 3752 next=0x5b (chunk=3850)
[VT] ESC at 3760 next=0x5b (chunk=3850)
[VT] ESC at 3779 next=0x5b (chunk=3850)
[VT] ESC at 3802 next=0x5b (chunk=3850)
[VT] ESC at 3806 next=0x5b (chunk=3850)
[VT] ESC at 3810 next=0x5d (chunk=3850)
[VT] ESC at 3823 next=0x5b (chunk=3850)
[VT] ESC at 3828 next=0x5b (chunk=3850)
[VT] ESC at 3836 next=0x5b (chunk=3850)
[VT] ESC at 3842 next=0x5b (chunk=3850)
[VT] ESC at 0 next=0x5b (chunk=226)
[VT] ESC at 8 next=0x5b (chunk=226)
[VT] ESC at 14 next=0x5b (chunk=226)
[VT] ESC at 22 next=0x5b (chunk=226)
[VT] ESC at 41 next=0x5b (chunk=226)
[VT] ESC at 74 next=0x5b (chunk=226)
[VT] ESC at 78 next=0x5b (chunk=226)
[VT] ESC at 86 next=0x5b (chunk=226)
[VT] ESC at 105 next=0x5b (chunk=226)
[VT] ESC at 132 next=0x5b (chunk=226)
[VT] ESC at 136 next=0x5b (chunk=226)
[VT] ESC at 144 next=0x5b (chunk=226)
[VT] ESC at 163 next=0x5b (chunk=226)
[VT] ESC at 196 next=0x5b (chunk=226)
[VT] ESC at 200 next=0x5b (chunk=226)
[VT] ESC at 204 next=0x5b (chunk=226)
[VT] ESC at 212 next=0x5b (chunk=226)
[VT] ESC at 218 next=0x5b (chunk=226)
[VT] Terminal OnCreate
[VT] ESC at 0 next=0x5b (chunk=4)
[VT] ESC at 0 next=0x5b (chunk=19)
[VT] ESC at 3 next=0x5b (chunk=19)
[VT] ESC at 11 next=0x5b (chunk=19)
[VT] ESC at 0 next=0x5b (chunk=4)
[VT] ESC at 0 next=0x5b (chunk=7)
[VT] ESC at 0 next=0x5d (chunk=12)
[VT] ESC at 10 next=0x5c (chunk=12)
[VT] ESC at 0 next=0x37 (chunk=13)
[VT] ESC at 2 next=0x5b (chunk=13)
[VT] ESC at 5 next=0x38 (chunk=13)
[VT] ESC at 7 next=0x5b (chunk=13)
[VT] ESC at 0 next=0x5b (chunk=6)
[VT] ESC at 0 next=0x5b (chunk=8)
[VT] ESC at 0 next=0x5b (chunk=8)
[VT] ESC at 0 next=0x5b (chunk=8)
[VT] ESC at 2 next=0x5b (chunk=1199)
[VT] ESC at 310 next=0x5b (chunk=1199)
[VT] ESC at 317 next=0x5b (chunk=1199)
[VT] ESC at 321 next=0x5b (chunk=1199)
[VT] ESC at 338 next=0x5b (chunk=1199)
[VT] ESC at 351 next=0x5b (chunk=1199)
[VT] ESC at 366 next=0x5b (chunk=1199)
[VT] ESC at 371 next=0x5b (chunk=1199)
[VT] ESC at 380 next=0x5b (chunk=1199)
[VT] ESC at 384 next=0x5b (chunk=1199)
[VT] ESC at 399 next=0x5b (chunk=1199)
[VT] ESC at 408 next=0x5b (chunk=1199)
[VT] ESC at 417 next=0x5b (chunk=1199)
[VT] ESC at 427 next=0x5b (chunk=1199)
[VT] ESC at 438 next=0x5b (chunk=1199)
[VT] ESC at 445 next=0x5b (chunk=1199)
[VT] ESC at 454 next=0x5b (chunk=1199)
[VT] ESC at 460 next=0x5b (chunk=1199)
[VT] ESC at 472 next=0x5b (chunk=1199)
[VT] ESC at 480 next=0x5b (chunk=1199)
[VT] ESC at 492 next=0x5b (chunk=1199)
[VT] ESC at 499 next=0x5b (chunk=1199)
[VT] ESC at 507 next=0x5b (chunk=1199)
[VT] ESC at 515 next=0x5b (chunk=1199)
[VT] ESC at 526 next=0x5b (chunk=1199)
[VT] ESC at 536 next=0x5b (chunk=1199)
[VT] ESC at 545 next=0x5b (chunk=1199)
[VT] ESC at 553 next=0x5b (chunk=1199)
[VT] ESC at 563 next=0x5b (chunk=1199)
[VT] ESC at 571 next=0x5b (chunk=1199)
[VT] ESC at 585 next=0x5b (chunk=1199)
[VT] ESC at 594 next=0x5b (chunk=1199)
[VT] ESC at 605 next=0x5b (chunk=1199)
[VT] ESC at 618 next=0x5b (chunk=1199)
[VT] ESC at 625 next=0x5b (chunk=1199)
[VT] ESC at 634 next=0x5b (chunk=1199)
[VT] ESC at 643 next=0x5b (chunk=1199)
[VT] ESC at 652 next=0x5b (chunk=1199)
[VT] ESC at 663 next=0x5b (chunk=1199)
[VT] ESC at 670 next=0x5b (chunk=1199)
[VT] ESC at 679 next=0x5b (chunk=1199)
[VT] ESC at 688 next=0x5b (chunk=1199)
[VT] ESC at 694 next=0x5b (chunk=1199)
[VT] ESC at 705 next=0x5b (chunk=1199)
[VT] ESC at 712 next=0x5b (chunk=1199)
[VT] ESC at 723 next=0x5b (chunk=1199)
[VT] ESC at 736 next=0x5b (chunk=1199)
[VT] ESC at 742 next=0x5b (chunk=1199)
[VT] ESC at 750 next=0x5b (chunk=1199)
[VT] ESC at 761 next=0x5b (chunk=1199)
[VT] ESC at 776 next=0x5b (chunk=1199)
[VT] ESC at 786 next=0x5b (chunk=1199)
[VT] ESC at 797 next=0x5b (chunk=1199)
[VT] ESC at 804 next=0x5b (chunk=1199)
[VT] ESC at 813 next=0x5b (chunk=1199)
[VT] ESC at 820 next=0x5b (chunk=1199)
[VT] ESC at 830 next=0x5b (chunk=1199)
[VT] ESC at 840 next=0x5b (chunk=1199)
[VT] ESC at 848 next=0x5b (chunk=1199)
[VT] ESC at 860 next=0x5b (chunk=1199)
[VT] ESC at 870 next=0x5b (chunk=1199)
[VT] ESC at 884 next=0x5b (chunk=1199)
[VT] ESC at 888 next=0x5b (chunk=1199)
[VT] ESC at 915 next=0x5b (chunk=1199)
[VT] ESC at 925 next=0x5b (chunk=1199)
[VT] ESC at 934 next=0x5b (chunk=1199)
[VT] ESC at 938 next=0x5b (chunk=1199)
[VT] ESC at 960 next=0x5b (chunk=1199)
[VT] ESC at 964 next=0x5b (chunk=1199)
[VT] ESC at 985 next=0x5b (chunk=1199)
[VT] ESC at 989 next=0x5b (chunk=1199)
[VT] ESC at 1012 next=0x5b (chunk=1199)
[VT] ESC at 1018 next=0x5b (chunk=1199)
[VT] ESC at 1028 next=0x5b (chunk=1199)
[VT] ESC at 1037 next=0x5b (chunk=1199)
[VT] ESC at 1048 next=0x5b (chunk=1199)
[VT] ESC at 1055 next=0x5b (chunk=1199)
[VT] ESC at 1059 next=0x5b (chunk=1199)
[VT] ESC at 1080 next=0x5b (chunk=1199)
[VT] ESC at 1084 next=0x5b (chunk=1199)
[VT] ESC at 1092 next=0x5b (chunk=1199)
[VT] ESC at 1105 next=0x5b (chunk=1199)
[VT] ESC at 1109 next=0x5b (chunk=1199)
[VT] ESC at 1133 next=0x5b (chunk=1199)
[VT] ESC at 1139 next=0x5b (chunk=1199)
[VT] ESC at 1151 next=0x5b (chunk=1199)
[VT] ESC at 1158 next=0x5b (chunk=1199)
[VT] ESC at 1166 next=0x5b (chunk=1199)
[VT] ESC at 1173 next=0x5b (chunk=1199)
[VT] ESC at 1184 next=0x5b (chunk=1199)
[VT] ESC at 1191 next=0x5b (chunk=1199)
[VT] ESC at 1195 next=0x5b (chunk=1199)
[VT] ESC at 0 next=0x5b (chunk=5)
[VT] ESC at 0 next=0x5b (chunk=3)
[VT] ESC at 0 next=0x5b (chunk=85)
[VT] ESC at 4 next=0x5b (chunk=85)
[VT] ESC at 9 next=0x5b (chunk=85)
[VT] ESC at 13 next=0x5b (chunk=85)
[VT] ESC at 17 next=0x5b (chunk=85)
[VT] ESC at 59 next=0x5b (chunk=85)
[VT] ESC at 67 next=0x5b (chunk=85)
[VT] ESC at 77 next=0x5b (chunk=85)
[VT] ESC at 81 next=0x5b (chunk=85)
[VT] ESC at 0 next=0x5b (chunk=47)
[VT] ESC at 8 next=0x5b (chunk=47)
[VT] ESC at 12 next=0x5b (chunk=47)
[VT] ESC at 15 next=0x5b (chunk=47)
[VT] ESC at 23 next=0x5b (chunk=47)
[VT] ESC at 31 next=0x5b (chunk=47)
[VT] ESC at 39 next=0x5b (chunk=47)
[VT] ESC at 0 next=0x5d (chunk=21)
[VT] ESC at 19 next=0x5c (chunk=21)
[VT] ESC at 0 next=0x5b (chunk=1120)
[VT] ESC at 4 next=0x5b (chunk=1120)
[VT] ESC at 8 next=0x5b (chunk=1120)
[VT] ESC at 30 next=0x5b (chunk=1120)
[VT] ESC at 58 next=0x5b (chunk=1120)
[VT] ESC at 66 next=0x5b (chunk=1120)
[VT] ESC at 71 next=0x5b (chunk=1120)
[VT] ESC at 76 next=0x5b (chunk=1120)
[VT] ESC at 91 next=0x5b (chunk=1120)
[VT] ESC at 96 next=0x5b (chunk=1120)
[VT] ESC at 101 next=0x5b (chunk=1120)
[VT] ESC at 129 next=0x5b (chunk=1120)
[VT] ESC at 133 next=0x5b (chunk=1120)
[VT] ESC at 157 next=0x5b (chunk=1120)
[VT] ESC at 185 next=0x5b (chunk=1120)
[VT] ESC at 196 next=0x5b (chunk=1120)
[VT] ESC at 201 next=0x5b (chunk=1120)
[VT] ESC at 245 next=0x5b (chunk=1120)
[VT] ESC at 249 next=0x5b (chunk=1120)
[VT] ESC at 284 next=0x5b (chunk=1120)
[VT] ESC at 289 next=0x5b (chunk=1120)
[VT] ESC at 320 next=0x5b (chunk=1120)
[VT] ESC at 325 next=0x5b (chunk=1120)
[VT] ESC at 350 next=0x5b (chunk=1120)
[VT] ESC at 354 next=0x5b (chunk=1120)
[VT] ESC at 665 next=0x5b (chunk=1120)
[VT] ESC at 669 next=0x5b (chunk=1120)
[VT] ESC at 679 next=0x5b (chunk=1120)
[VT] ESC at 684 next=0x5b (chunk=1120)
[VT] ESC at 689 next=0x5b (chunk=1120)
[VT] ESC at 721 next=0x5b (chunk=1120)
[VT] ESC at 725 next=0x5b (chunk=1120)
[VT] ESC at 730 next=0x5b (chunk=1120)
[VT] ESC at 1041 next=0x5b (chunk=1120)
[VT] ESC at 1045 next=0x5b (chunk=1120)
[VT] ESC at 1049 next=0x5b (chunk=1120)
[VT] ESC at 1101 next=0x5b (chunk=1120)
[VT] ESC at 1106 next=0x5b (chunk=1120)
[VT] ESC at 1113 next=0x5b (chunk=1120)
[VT] ESC at 0 next=0x5b (chunk=31)
[VT] ESC at 4 next=0x5b (chunk=31)
[VT] ESC at 9 next=0x5b (chunk=31)
[VT] ESC at 14 next=0x5b (chunk=31)
[VT] ESC at 17 next=0x5b (chunk=31)
[VT] ESC at 24 next=0x5b (chunk=31)
[VT] Terminal OnCreate
[VT] ESC at 0 next=0x5b (chunk=32)
[VT] ESC at 8 next=0x5b (chunk=32)
[VT] ESC at 16 next=0x5b (chunk=32)
[VT] ESC at 24 next=0x5b (chunk=32)
[VT] ESC at 0 next=0x5b (chunk=37)
[VT] ESC at 4 next=0x5b (chunk=37)
[VT] ESC at 8 next=0x5b (chunk=37)
[VT] ESC at 13 next=0x5b (chunk=37)
[VT] ESC at 18 next=0x5b (chunk=37)
[VT] ESC at 23 next=0x5b (chunk=37)
[VT] ESC at 30 next=0x5b (chunk=37)
[VT] ESC at 0 next=0x5b (chunk=4)
[VT] ESC at 0 next=0x5b (chunk=19)
[VT] ESC at 3 next=0x5b (chunk=19)
[VT] ESC at 11 next=0x5b (chunk=19)
[VT] ESC at 0 next=0x5b (chunk=4)
[VT] ESC at 0 next=0x5b (chunk=7)
[VT] ESC at 0 next=0x5b (chunk=18)
[VT] ESC at 9 next=0x5b (chunk=18)
[VT] ESC at 0 next=0x5b (chunk=1196)
[VT] ESC at 5 next=0x5b (chunk=1196)
[VT] ESC at 12 next=0x5b (chunk=1196)
[VT] ESC at 20 next=0x5b (chunk=1196)
[VT] ESC at 26 next=0x5b (chunk=1196)
[VT] ESC at 34 next=0x5b (chunk=1196)
[VT] ESC at 41 next=0x5b (chunk=1196)
[VT] ESC at 48 next=0x5b (chunk=1196)
[VT] ESC at 52 next=0x5b (chunk=1196)
[VT] ESC at 55 next=0x5b (chunk=1196)
[VT] ESC at 60 next=0x5b (chunk=1196)
[VT] ESC at 64 next=0x5b (chunk=1196)
[VT] ESC at 85 next=0x5b (chunk=1196)
[VT] ESC at 122 next=0x5b (chunk=1196)
[VT] ESC at 159 next=0x5b (chunk=1196)
[VT] ESC at 182 next=0x5b (chunk=1196)
[VT] ESC at 186 next=0x5b (chunk=1196)
[VT] ESC at 190 next=0x5b (chunk=1196)
[VT] ESC at 227 next=0x5b (chunk=1196)
[VT] ESC at 264 next=0x5b (chunk=1196)
[VT] ESC at 301 next=0x5b (chunk=1196)
[VT] ESC at 338 next=0x5b (chunk=1196)
[VT] ESC at 375 next=0x5b (chunk=1196)
[VT] ESC at 410 next=0x5b (chunk=1196)
[VT] ESC at 414 next=0x5b (chunk=1196)
[VT] ESC at 418 next=0x5b (chunk=1196)
[VT] ESC at 455 next=0x5b (chunk=1196)
[VT] ESC at 492 next=0x5b (chunk=1196)
[VT] ESC at 529 next=0x5b (chunk=1196)
[VT] ESC at 553 next=0x5b (chunk=1196)
[VT] ESC at 575 next=0x5b (chunk=1196)
[VT] ESC at 613 next=0x5b (chunk=1196)
[VT] ESC at 651 next=0x5b (chunk=1196)
[VT] ESC at 689 next=0x5b (chunk=1196)
[VT] ESC at 696 next=0x5b (chunk=1196)
[VT] ESC at 718 next=0x5b (chunk=1196)
[VT] ESC at 755 next=0x5b (chunk=1196)
[VT] ESC at 792 next=0x5b (chunk=1196)
[VT] ESC at 799 next=0x5b (chunk=1196)
[VT] ESC at 836 next=0x5b (chunk=1196)
[VT] ESC at 874 next=0x5b (chunk=1196)
[VT] ESC at 899 next=0x5b (chunk=1196)
[VT] ESC at 905 next=0x5b (chunk=1196)
[VT] ESC at 927 next=0x5b (chunk=1196)
[VT] ESC at 966 next=0x5b (chunk=1196)
[VT] ESC at 991 next=0x5b (chunk=1196)
[VT] ESC at 1000 next=0x5b (chunk=1196)
[VT] ESC at 1021 next=0x5b (chunk=1196)
[VT] ESC at 1058 next=0x5b (chunk=1196)
[VT] ESC at 1082 next=0x5b (chunk=1196)
[VT] ESC at 1104 next=0x5b (chunk=1196)
[VT] ESC at 1137 next=0x5b (chunk=1196)
[VT] ESC at 0 next=0x5b (chunk=1144)
[VT] ESC at 3 next=0x5b (chunk=1144)
[VT] ESC at 8 next=0x5b (chunk=1144)
[VT] ESC at 12 next=0x5b (chunk=1144)
[VT] ESC at 33 next=0x5b (chunk=1144)
[VT] ESC at 70 next=0x5b (chunk=1144)
[VT] ESC at 107 next=0x5b (chunk=1144)
[VT] ESC at 130 next=0x5b (chunk=1144)
[VT] ESC at 134 next=0x5b (chunk=1144)
[VT] ESC at 138 next=0x5b (chunk=1144)
[VT] ESC at 175 next=0x5b (chunk=1144)
[VT] ESC at 212 next=0x5b (chunk=1144)
[VT] ESC at 249 next=0x5b (chunk=1144)
[VT] ESC at 286 next=0x5b (chunk=1144)
[VT] ESC at 323 next=0x5b (chunk=1144)
[VT] ESC at 358 next=0x5b (chunk=1144)
[VT] ESC at 362 next=0x5b (chunk=1144)
[VT] ESC at 366 next=0x5b (chunk=1144)
[VT] ESC at 403 next=0x5b (chunk=1144)
[VT] ESC at 440 next=0x5b (chunk=1144)
[VT] ESC at 477 next=0x5b (chunk=1144)
[VT] ESC at 501 next=0x5b (chunk=1144)
[VT] ESC at 523 next=0x5b (chunk=1144)
[VT] ESC at 561 next=0x5b (chunk=1144)
[VT] ESC at 599 next=0x5b (chunk=1144)
[VT] ESC at 637 next=0x5b (chunk=1144)
[VT] ESC at 644 next=0x5b (chunk=1144)
[VT] ESC at 666 next=0x5b (chunk=1144)
[VT] ESC at 703 next=0x5b (chunk=1144)
[VT] ESC at 740 next=0x5b (chunk=1144)
[VT] ESC at 747 next=0x5b (chunk=1144)
[VT] ESC at 784 next=0x5b (chunk=1144)
[VT] ESC at 822 next=0x5b (chunk=1144)
[VT] ESC at 847 next=0x5b (chunk=1144)
[VT] ESC at 853 next=0x5b (chunk=1144)
[VT] ESC at 875 next=0x5b (chunk=1144)
[VT] ESC at 914 next=0x5b (chunk=1144)
[VT] ESC at 939 next=0x5b (chunk=1144)
[VT] ESC at 948 next=0x5b (chunk=1144)
[VT] ESC at 969 next=0x5b (chunk=1144)
[VT] ESC at 1006 next=0x5b (chunk=1144)
[VT] ESC at 1030 next=0x5b (chunk=1144)
[VT] ESC at 1052 next=0x5b (chunk=1144)
[VT] ESC at 1085 next=0x5b (chunk=1144)
[VT] ESC at 0 next=0x5b (chunk=2040)
[VT] ESC at 5 next=0x5b (chunk=2040)
[VT] ESC at 12 next=0x5b (chunk=2040)
[VT] ESC at 20 next=0x5b (chunk=2040)
[VT] ESC at 27 next=0x5b (chunk=2040)
[VT] ESC at 34 next=0x5b (chunk=2040)
[VT] ESC at 38 next=0x5b (chunk=2040)
[VT] ESC at 44 next=0x5b (chunk=2040)
[VT] ESC at 48 next=0x5b (chunk=2040)
[VT] ESC at 52 next=0x5b (chunk=2040)
[VT] ESC at 73 next=0x5b (chunk=2040)
[VT] ESC at 110 next=0x5b (chunk=2040)
[VT] ESC at 147 next=0x5b (chunk=2040)
[VT] ESC at 170 next=0x5b (chunk=2040)
[VT] ESC at 181 next=0x5b (chunk=2040)
[VT] ESC at 223 next=0x5b (chunk=2040)
[VT] ESC at 227 next=0x5b (chunk=2040)
[VT] ESC at 232 next=0x5b (chunk=2040)
[VT] ESC at 269 next=0x5b (chunk=2040)
[VT] ESC at 306 next=0x5b (chunk=2040)
[VT] ESC at 343 next=0x5b (chunk=2040)
[VT] ESC at 380 next=0x5b (chunk=2040)
[VT] ESC at 417 next=0x5b (chunk=2040)
[VT] ESC at 452 next=0x5b (chunk=2040)
[VT] ESC at 462 next=0x5b (chunk=2040)
[VT] ESC at 503 next=0x5b (chunk=2040)
[VT] ESC at 507 next=0x5b (chunk=2040)
[VT] ESC at 512 next=0x5b (chunk=2040)
[VT] ESC at 549 next=0x5b (chunk=2040)
[VT] ESC at 586 next=0x5b (chunk=2040)
[VT] ESC at 623 next=0x5b (chunk=2040)
[VT] ESC at 647 next=0x5b (chunk=2040)
[VT] ESC at 669 next=0x5b (chunk=2040)
[VT] ESC at 707 next=0x5b (chunk=2040)
[VT] ESC at 745 next=0x5b (chunk=2040)
[VT] ESC at 783 next=0x5b (chunk=2040)
[VT] ESC at 792 next=0x5b (chunk=2040)
[VT] ESC at 836 next=0x5b (chunk=2040)
[VT] ESC at 844 next=0x5b (chunk=2040)
[VT] ESC at 866 next=0x5b (chunk=2040)
[VT] ESC at 903 next=0x5b (chunk=2040)
[VT] ESC at 940 next=0x5b (chunk=2040)
[VT] ESC at 947 next=0x5b (chunk=2040)
[VT] ESC at 984 next=0x5b (chunk=2040)
[VT] ESC at 1022 next=0x5b (chunk=2040)
[VT] ESC at 1047 next=0x5b (chunk=2040)
[VT] ESC at 1055 next=0x5b (chunk=2040)
[VT] ESC at 1090 next=0x5b (chunk=2040)
[VT] ESC at 1097 next=0x5b (chunk=2040)
[VT] ESC at 1119 next=0x5b (chunk=2040)
[VT] ESC at 1158 next=0x5b (chunk=2040)
[VT] ESC at 1183 next=0x5b (chunk=2040)
[VT] ESC at 1192 next=0x5b (chunk=2040)
[VT] ESC at 1213 next=0x5b (chunk=2040)
[VT] ESC at 1250 next=0x5b (chunk=2040)
[VT] ESC at 1274 next=0x5b (chunk=2040)
[VT] ESC at 1280 next=0x5b (chunk=2040)
[VT] ESC at 1588 next=0x5b (chunk=2040)
[VT] ESC at 1593 next=0x5b (chunk=2040)
[VT] ESC at 1613 next=0x5b (chunk=2040)
[VT] ESC at 1618 next=0x5b (chunk=2040)
[VT] ESC at 1926 next=0x5b (chunk=2040)
[VT] ESC at 1931 next=0x5b (chunk=2040)
[VT] ESC at 1965 next=0x5b (chunk=2040)
[VT] ESC at 1968 next=0x5b (chunk=2040)
[VT] ESC at 1973 next=0x5b (chunk=2040)
[VT] ESC at 1978 next=0x5b (chunk=2040)
[VT] ESC at 2022 next=0x5b (chunk=2040)
[VT] ESC at 2026 next=0x5b (chunk=2040)
[VT] ESC at 2030 next=0x5b (chunk=2040)
[VT] ESC at 2034 next=0x5b (chunk=2040)
[VT] ESC at 0 next=0x5b (chunk=68)
[VT] ESC at 6 next=0x5b (chunk=68)
[VT] ESC at 10 next=0x5b (chunk=68)
[VT] ESC at 15 next=0x5b (chunk=68)
[VT] ESC at 50 next=0x5b (chunk=68)
[VT] ESC at 53 next=0x5b (chunk=68)
[VT] ESC at 57 next=0x5b (chunk=68)
[VT] ESC at 62 next=0x5b (chunk=68)
[VT] Terminal OnCreate
[VT] ESC at 0 next=0x5b (chunk=4)
[VT] ESC at 0 next=0x5b (chunk=19)
[VT] ESC at 3 next=0x5b (chunk=19)
[VT] ESC at 11 next=0x5b (chunk=19)
[VT] ESC at 0 next=0x5b (chunk=4)
[VT] ESC at 0 next=0x5b (chunk=7)
[VT] ESC at 0 next=0x5b (chunk=8)
[VT] ESC at 0 next=0x5d (chunk=26)
[VT] ESC at 0 next=0x5b (chunk=5)
[VT] ESC at 0 next=0x5b (chunk=5)
[VT] ESC at 0 next=0x5b (chunk=5)
[VT] ESC at 0 next=0x5b (chunk=5)
[VT] ESC at 0 next=0x5b (chunk=4)
[VT] ESC at 0 next=0x5b (chunk=8)
[VT] ESC at 0 next=0x5b (chunk=8)
[VT] ESC at 0 next=0x5d (chunk=15)
[VT] ESC at 0 next=0x5b (chunk=5)
[VT] ESC at 0 next=0x5b (chunk=5)
[VT] ESC at 0 next=0x5b (chunk=5)
[VT] ESC at 0 next=0x5b (chunk=5)
[VT] ESC at 0 next=0x5b (chunk=4)
[VT] ESC at 0 next=0x5b (chunk=8)
[VT] ESC at 0 next=0x5b (chunk=8)
[VT] ESC at 0 next=0x5d (chunk=21)
[VT] ESC at 0 next=0x5b (chunk=5)
[VT] ESC at 0 next=0x5b (chunk=5)
[VT] ESC at 0 next=0x5b (chunk=5)
[VT] ESC at 0 next=0x5b (chunk=5)
[VT] ESC at 0 next=0x5b (chunk=4)
[VT] ESC at 0 next=0x5b (chunk=5)
[VT] ESC at 0 next=0x5b (chunk=5)
[VT] ESC at 0 next=0x5b (chunk=8)
[VT] ESC at 0 next=0x5b (chunk=8)
[VT] ESC at 0 next=0x5d (chunk=45)
[VT] ESC at 0 next=0x5b (chunk=5)
[VT] ESC at 0 next=0x5b (chunk=5)
[VT] ESC at 0 next=0x5b (chunk=5)
[VT] ESC at 0 next=0x5b (chunk=5)
[VT] ESC at 0 next=0x5b (chunk=4)
[VT] ESC at 0 next=0x5b (chunk=5)
[VT] ESC at 0 next=0x5b (chunk=5)
[VT] ESC at 0 next=0x5b (chunk=8)
[VT] ESC at 0 next=0x50 (chunk=2)
[emu] ESC P -> DcsEntry
[VT] ESC at 0 next=0x5c (chunk=2)
[emu] handleDcs: 251 bytes
[VT][sixel] OnSixelData: 251 bytes
[VT][sixel] decode: status=0x0 w=93 h=14 ncolors=8
[VT][sixel] placed imageId=1 orig=93x14 cells=12x1
[VT] ESC at 0 next=0x5b (chunk=8)
[VT] ESC at 0 next=0x5d (chunk=45)
[VT] ESC at 0 next=0x5b (chunk=5)
[VT] ESC at 0 next=0x5b (chunk=5)
[VT] ESC at 0 next=0x5b (chunk=5)
[VT] ESC at 0 next=0x5b (chunk=5)
[VT] ESC at 0 next=0x5b (chunk=4)
[VT] ESC at 0 next=0x5b (chunk=150)
[VT] ESC at 8 next=0x5b (chunk=150)
[VT] ESC at 14 next=0x5b (chunk=150)
[VT] ESC at 22 next=0x5b (chunk=150)
[VT] ESC at 41 next=0x5b (chunk=150)
[VT] ESC at 61 next=0x5b (chunk=150)
[VT] ESC at 65 next=0x5b (chunk=150)
[VT] ESC at 73 next=0x5b (chunk=150)
[VT] ESC at 92 next=0x5b (chunk=150)
[VT] ESC at 120 next=0x5b (chunk=150)
[VT] ESC at 124 next=0x5b (chunk=150)
[VT] ESC at 128 next=0x5b (chunk=150)
[VT] ESC at 136 next=0x5b (chunk=150)
[VT] ESC at 142 next=0x5b (chunk=150)
[VT] ESC at 0 next=0x5b (chunk=4)
[VT] ESC at 0 next=0x5b (chunk=8)
[VT] ESC at 0 next=0x5b (chunk=4)
[VT] ESC at 0 next=0x5b (chunk=7)
[VT] ESC at 0 next=0x5b (chunk=32)
[VT] ESC at 8 next=0x5b (chunk=32)
[VT] ESC at 16 next=0x5b (chunk=32)
[VT] ESC at 24 next=0x5b (chunk=32)
[VT] ESC at 0 next=0x5b (chunk=4)
[VT] ESC at 0 next=0x5b (chunk=7)
[VT] ESC at 0 next=0x5b (chunk=4)
[VT] ESC at 0 next=0x5b (chunk=8)
[VT] ESC at 0 next=0x5b (chunk=4)
[VT] ESC at 0 next=0x5b (chunk=7)
[VT] ESC at 0 next=0x5b (chunk=114)
[VT] ESC at 6 next=0x5b (chunk=114)
[VT] ESC at 0 next=0x5b (chunk=1074)
[VT] ESC at 16 next=0x5b (chunk=114)
[VT] ESC at 4 next=0x5b (chunk=1074)
[VT] ESC at 19 next=0x5b (chunk=114)
[VT] ESC at 8 next=0x5b (chunk=1074)
[VT] ESC at 53 next=0x5b (chunk=114)
[VT] ESC at 12 next=0x5b (chunk=1074)
[VT] ESC at 56 next=0x5b (chunk=114)
[VT] ESC at 34 next=0x5b (chunk=1074)
[VT] ESC at 61 next=0x5b (chunk=114)
[VT] ESC at 62 next=0x5b (chunk=1074)
[VT] ESC at 66 next=0x5b (chunk=114)
[VT] ESC at 70 next=0x5b (chunk=1074)
[VT] ESC at 110 next=0x5b (chunk=114)
[VT] ESC at 75 next=0x5b (chunk=1074)
[VT] ESC at 80 next=0x5b (chunk=1074)
[VT] ESC at 95 next=0x5b (chunk=1074)
[VT] ESC at 100 next=0x5b (chunk=1074)
[VT] ESC at 105 next=0x5b (chunk=1074)
[VT] ESC at 0 next=0x5b (chunk=4)
[VT] ESC at 133 next=0x5b (chunk=1074)
[VT] ESC at 137 next=0x5b (chunk=1074)
[VT] ESC at 0 next=0x5b (chunk=7)
[VT] ESC at 0 next=0x5b (chunk=98)
[VT] ESC at 161 next=0x5b (chunk=1074)
[VT] ESC at 3 next=0x5b (chunk=98)
[VT] ESC at 0 next=0x5b (chunk=3)
[VT] ESC at 189 next=0x5b (chunk=1074)
[VT] ESC at 37 next=0x5b (chunk=98)
[VT] ESC at 200 next=0x5b (chunk=1074)
[VT] ESC at 40 next=0x5b (chunk=98)
[VT] ESC at 205 next=0x5b (chunk=1074)
[VT] ESC at 45 next=0x5b (chunk=98)
[VT] ESC at 0 next=0x5b (chunk=4)
[VT] ESC at 249 next=0x5b (chunk=1074)
[VT] ESC at 50 next=0x5b (chunk=98)
[VT] ESC at 253 next=0x5b (chunk=1074)
[VT] ESC at 0 next=0x5b (chunk=8)
[VT] ESC at 94 next=0x5b (chunk=98)
[VT] ESC at 288 next=0x5b (chunk=1074)
[VT] ESC at 293 next=0x5b (chunk=1074)
[VT] ESC at 324 next=0x5b (chunk=1074)
[VT] ESC at 329 next=0x5b (chunk=1074)
[VT] ESC at 634 next=0x5b (chunk=1074)
[VT] ESC at 638 next=0x5b (chunk=1074)
[VT] ESC at 648 next=0x5b (chunk=1074)
[VT] ESC at 681 next=0x5b (chunk=1074)
[VT] ESC at 685 next=0x5b (chunk=1074)
[VT] ESC at 690 next=0x5b (chunk=1074)
[VT] ESC at 995 next=0x5b (chunk=1074)
[VT] ESC at 999 next=0x5b (chunk=1074)
[VT] ESC at 1003 next=0x5b (chunk=1074)
[VT] ESC at 1055 next=0x5b (chunk=1074)
[VT] ESC at 1060 next=0x5b (chunk=1074)
[VT] ESC at 1067 next=0x5b (chunk=1074)
[VT] ESC at 0 next=0x5b (chunk=32)
[VT] ESC at 8 next=0x5b (chunk=32)
[VT] ESC at 16 next=0x5b (chunk=32)
[VT] ESC at 24 next=0x5b (chunk=32)
[VT] ESC at 0 next=0x5b (chunk=1086)
[VT] ESC at 4 next=0x5b (chunk=1086)
[VT] ESC at 8 next=0x5b (chunk=1086)
[VT] ESC at 0 next=0x5b (chunk=98)
[VT] ESC at 3 next=0x5b (chunk=98)
)
[VT] ESC at 34 next=0x5b (chunk=1086)
[VT] ESC at 40 next=0x5b (chunk=98)
[VT] ESC at 62 next=0x5b (chunk=1086)
[VT] ESC at 0 next=0x5b (chunk=4)
[VT] ESC at 45 next=0x5b (chunk=98)
[VT] ESC at 70 next=0x5b (chunk=1086)
[VT] ESC at 0 next=0x5b (chunk=7)
[VT] ESC at 75 next=0x5b (chunk=1086)
[VT] ESC at 94 next=0x5b (chunk=98)
[VT] ESC at 80 next=0x5b (chunk=1086)
[VT] ESC at 0 next=0x5b (chunk=3)
[VT] ESC at 95 next=0x5b (chunk=1086)
[VT] ESC at 100 next=0x5b (chunk=1086)
[VT] ESC at 105 next=0x5b (chunk=1086)
[VT] ESC at 133 next=0x5b (chunk=1086)
[VT] ESC at 137 next=0x5b (chunk=1086)
[VT] ESC at 161 next=0x5b (chunk=1086)
[VT] ESC at 189 next=0x5b (chunk=1086)
[VT] ESC at 200 next=0x5b (chunk=1086)
[VT] ESC at 205 next=0x5b (chunk=1086)
[VT] ESC at 249 next=0x5b (chunk=1086)
[VT] ESC at 253 next=0x5b (chunk=1086)
[VT] ESC at 288 next=0x5b (chunk=1086)
[VT] ESC at 293 next=0x5b (chunk=1086)
[VT] ESC at 324 next=0x5b (chunk=1086)
[VT] ESC at 329 next=0x5b (chunk=1086)
[VT] ESC at 640 next=0x5b (chunk=1086)
[VT] ESC at 644 next=0x5b (chunk=1086)
[VT] ESC at 654 next=0x5b (chunk=1086)
[VT] ESC at 687 next=0x5b (chunk=1086)
[VT] ESC at 691 next=0x5b (chunk=1086)
[VT] ESC at 696 next=0x5b (chunk=1086)
[VT] ESC at 1007 next=0x5b (chunk=1086)
[VT] ESC at 1011 next=0x5b (chunk=1086)
[VT] ESC at 1015 next=0x5b (chunk=1086)
[VT] ESC at 1067 next=0x5b (chunk=1086)
[VT] ESC at 1072 next=0x5b (chunk=1086)
[VT] ESC at 1079 next=0x5b (chunk=1086)
[VT] ESC at 0 next=0x5b (chunk=4)
[VT] ESC at 0 next=0x5b (chunk=7)
[VT] ESC at 0 next=0x5b (chunk=32)
[VT] ESC at 8 next=0x5b (chunk=32)
[VT] ESC at 16 next=0x5b (chunk=32)
[VT] ESC at 24 next=0x5b (chunk=32)
[VT] ESC at 0 next=0x5b (chunk=1074)
[VT] ESC at 4 next=0x5b (chunk=1074)
[VT] ESC at 8 next=0x5b (chunk=1074)
[VT] ESC at 12 next=0x5b (chunk=1074)
[VT] ESC at 34 next=0x5b (chunk=1074)
[VT] ESC at 62 next=0x5b (chunk=1074)
[VT] ESC at 70 next=0x5b (chunk=1074)
[VT] ESC at 75 next=0x5b (chunk=1074)
[VT] ESC at 80 next=0x5b (chunk=1074)
[VT] ESC at 95 next=0x5b (chunk=1074)
[VT] ESC at 100 next=0x5b (chunk=1074)
[VT] ESC at 105 next=0x5b (chunk=1074)
[VT] ESC at 133 next=0x5b (chunk=1074)
[VT] ESC at 137 next=0x5b (chunk=1074)
[VT] ESC at 161 next=0x5b (chunk=1074)
[VT] ESC at 189 next=0x5b (chunk=1074)
[VT] ESC at 200 next=0x5b (chunk=1074)
[VT] ESC at 205 next=0x5b (chunk=1074)
[VT] ESC at 249 next=0x5b (chunk=1074)
[VT] ESC at 253 next=0x5b (chunk=1074)
[VT] ESC at 288 next=0x5b (chunk=1074)
[VT] ESC at 293 next=0x5b (chunk=1074)
[VT] ESC at 324 next=0x5b (chunk=1074)
[VT] ESC at 329 next=0x5b (chunk=1074)
[VT] ESC at 634 next=0x5b (chunk=1074)
[VT] ESC at 638 next=0x5b (chunk=1074)
[VT] ESC at 648 next=0x5b (chunk=1074)
[VT] ESC at 681 next=0x5b (chunk=1074)
[VT] ESC at 685 next=0x5b (chunk=1074)
[VT] ESC at 690 next=0x5b (chunk=1074)
[VT] ESC at 995 next=0x5b (chunk=1074)
[VT] ESC at 999 next=0x5b (chunk=1074)
[VT] ESC at 1003 next=0x5b (chunk=1074)
[VT] ESC at 1055 next=0x5b (chunk=1074)
[VT] ESC at 1060 next=0x5b (chunk=1074)
[VT] ESC at 1067 next=0x5b (chunk=1074)
[VT] ESC at 0 next=0x5b (chunk=5)
[VT] ESC at 0 next=0x5b (chunk=4096)
[VT] ESC at 8 next=0x5b (chunk=4096)
[VT] ESC at 14 next=0x5b (chunk=4096)
[VT] ESC at 20 next=0x5b (chunk=4096)
[VT] ESC at 39 next=0x5b (chunk=4096)
[VT] ESC at 150 next=0x5b (chunk=4096)
[VT] ESC at 156 next=0x5b (chunk=4096)
[VT] ESC at 175 next=0x5b (chunk=4096)
[VT] ESC at 286 next=0x5b (chunk=4096)
[VT] ESC at 292 next=0x5b (chunk=4096)
[VT] ESC at 311 next=0x5b (chunk=4096)
[VT] ESC at 422 next=0x5b (chunk=4096)
[VT] ESC at 428 next=0x5b (chunk=4096)
[VT] ESC at 447 next=0x5b (chunk=4096)
[VT] ESC at 558 next=0x5b (chunk=4096)
[VT] ESC at 564 next=0x5b (chunk=4096)
[VT] ESC at 583 next=0x5b (chunk=4096)
[VT] ESC at 694 next=0x5b (chunk=4096)
[VT] ESC at 700 next=0x5b (chunk=4096)
[VT] ESC at 719 next=0x5b (chunk=4096)
[VT] ESC at 830 next=0x5b (chunk=4096)
[VT] ESC at 836 next=0x5b (chunk=4096)
[VT] ESC at 855 next=0x5b (chunk=4096)
[VT] ESC at 966 next=0x5b (chunk=4096)
[VT] ESC at 972 next=0x5b (chunk=4096)
[VT] ESC at 991 next=0x5b (chunk=4096)
[VT] ESC at 1102 next=0x5b (chunk=4096)
[VT] ESC at 1108 next=0x5b (chunk=4096)
[VT] ESC at 1127 next=0x5b (chunk=4096)
[VT] ESC at 1238 next=0x5b (chunk=4096)
[VT] ESC at 1245 next=0x5b (chunk=4096)
[VT] ESC at 1264 next=0x5b (chunk=4096)
[VT] ESC at 1375 next=0x5b (chunk=4096)
[VT] ESC at 1382 next=0x5b (chunk=4096)
[VT] ESC at 1401 next=0x5b (chunk=4096)
[VT] ESC at 1512 next=0x5b (chunk=4096)
[VT] ESC at 1519 next=0x5b (chunk=4096)
[VT] ESC at 1538 next=0x5b (chunk=4096)
[VT] ESC at 1649 next=0x5b (chunk=4096)
[VT] ESC at 1656 next=0x5b (chunk=4096)
[VT] ESC at 1675 next=0x5b (chunk=4096)
[VT] ESC at 1786 next=0x5b (chunk=4096)
[VT] ESC at 1793 next=0x5b (chunk=4096)
[VT] ESC at 1812 next=0x5b (chunk=4096)
[VT] ESC at 1923 next=0x5b (chunk=4096)
[VT] ESC at 1930 next=0x5b (chunk=4096)
[VT] ESC at 1949 next=0x5b (chunk=4096)
[VT] ESC at 2060 next=0x5b (chunk=4096)
[VT] ESC at 2067 next=0x5b (chunk=4096)
[VT] ESC at 2086 next=0x5b (chunk=4096)
[VT] ESC at 2197 next=0x5b (chunk=4096)
[VT] ESC at 2204 next=0x5b (chunk=4096)
[VT] ESC at 2223 next=0x5b (chunk=4096)
[VT] ESC at 2334 next=0x5b (chunk=4096)
[VT] ESC at 2341 next=0x5b (chunk=4096)
[VT] ESC at 2360 next=0x5b (chunk=4096)
[VT] ESC at 2471 next=0x5b (chunk=4096)
[VT] ESC at 2478 next=0x5b (chunk=4096)
[VT] ESC at 2497 next=0x5b (chunk=4096)
[VT] ESC at 2541 next=0x5b (chunk=4096)
[VT] ESC at 2545 next=0x5b (chunk=4096)
[VT] ESC at 2553 next=0x5b (chunk=4096)
[VT] ESC at 2572 next=0x5b (chunk=4096)
[VT] ESC at 2590 next=0x5b (chunk=4096)
[VT] ESC at 2594 next=0x5b (chunk=4096)
[VT] ESC at 2602 next=0x5b (chunk=4096)
[VT] ESC at 2621 next=0x5b (chunk=4096)
[VT] ESC at 2638 next=0x5b (chunk=4096)
[VT] ESC at 2642 next=0x5b (chunk=4096)
[VT] ESC at 2650 next=0x5b (chunk=4096)
[VT] ESC at 2669 next=0x5b (chunk=4096)
[VT] ESC at 2686 next=0x5b (chunk=4096)
[VT] ESC at 2690 next=0x5b (chunk=4096)
[VT] ESC at 2698 next=0x5b (chunk=4096)
[VT] ESC at 2717 next=0x5b (chunk=4096)
[VT] ESC at 2734 next=0x5b (chunk=4096)
[VT] ESC at 2738 next=0x5b (chunk=4096)
[VT] ESC at 2746 next=0x5b (chunk=4096)
[VT] ESC at 2765 next=0x5b (chunk=4096)
[VT] ESC at 2782 next=0x5b (chunk=4096)
[VT] ESC at 2786 next=0x5b (chunk=4096)
[VT] ESC at 2794 next=0x5b (chunk=4096)
[VT] ESC at 2813 next=0x5b (chunk=4096)
[VT] ESC at 2830 next=0x5b (chunk=4096)
[VT] ESC at 2834 next=0x5b (chunk=4096)
[VT] ESC at 2842 next=0x5b (chunk=4096)
[VT] ESC at 2861 next=0x5b (chunk=4096)
[VT] ESC at 2878 next=0x5b (chunk=4096)
[VT] ESC at 2882 next=0x5b (chunk=4096)
[VT] ESC at 2890 next=0x5b (chunk=4096)
[VT] ESC at 2909 next=0x5b (chunk=4096)
[VT] ESC at 2927 next=0x5b (chunk=4096)
[VT] ESC at 2931 next=0x5b (chunk=4096)
[VT] ESC at 2939 next=0x5b (chunk=4096)
[VT] ESC at 2958 next=0x5b (chunk=4096)
[VT] ESC at 2975 next=0x5b (chunk=4096)
[VT] ESC at 2979 next=0x5b (chunk=4096)
[VT] ESC at 2987 next=0x5b (chunk=4096)
[VT] ESC at 3006 next=0x5b (chunk=4096)
[VT] ESC at 3024 next=0x5b (chunk=4096)
[VT] ESC at 3028 next=0x5b (chunk=4096)
[VT] ESC at 3036 next=0x5b (chunk=4096)
[VT] ESC at 3055 next=0x5b (chunk=4096)
[VT] ESC at 3072 next=0x5b (chunk=4096)
[VT] ESC at 3076 next=0x5b (chunk=4096)
[VT] ESC at 3084 next=0x5b (chunk=4096)
[VT] ESC at 3103 next=0x5b (chunk=4096)
[VT] ESC at 3120 next=0x5b (chunk=4096)
[VT] ESC at 3124 next=0x5b (chunk=4096)
[VT] ESC at 3132 next=0x5b (chunk=4096)
[VT] ESC at 3151 next=0x5b (chunk=4096)
[VT] ESC at 3168 next=0x5b (chunk=4096)
[VT] ESC at 3172 next=0x5b (chunk=4096)
[VT] ESC at 3180 next=0x5b (chunk=4096)
[VT] ESC at 3199 next=0x5b (chunk=4096)
[VT] ESC at 3216 next=0x5b (chunk=4096)
[VT] ESC at 3220 next=0x5b (chunk=4096)
[VT] ESC at 3228 next=0x5b (chunk=4096)
[VT] ESC at 3247 next=0x5b (chunk=4096)
[VT] ESC at 3264 next=0x5b (chunk=4096)
[VT] ESC at 3268 next=0x5b (chunk=4096)
[VT] ESC at 3276 next=0x5b (chunk=4096)
[VT] ESC at 3295 next=0x5b (chunk=4096)
[VT] ESC at 3312 next=0x5b (chunk=4096)
[VT] ESC at 3316 next=0x5b (chunk=4096)
[VT] ESC at 3324 next=0x5b (chunk=4096)
[VT] ESC at 3343 next=0x5b (chunk=4096)
[VT] ESC at 3360 next=0x5b (chunk=4096)
[VT] ESC at 3364 next=0x5b (chunk=4096)
[VT] ESC at 3372 next=0x5b (chunk=4096)
[VT] ESC at 3391 next=0x5b (chunk=4096)
[VT] ESC at 3407 next=0x5b (chunk=4096)
[VT] ESC at 3412 next=0x5b (chunk=4096)
[VT] ESC at 3416 next=0x5b (chunk=4096)
[VT] ESC at 3424 next=0x5b (chunk=4096)
[VT] ESC at 3443 next=0x5b (chunk=4096)
[VT] ESC at 3459 next=0x5b (chunk=4096)
[VT] ESC at 3465 next=0x5b (chunk=4096)
[VT] ESC at 3469 next=0x5b (chunk=4096)
[VT] ESC at 3477 next=0x5b (chunk=4096)
[VT] ESC at 3496 next=0x5b (chunk=4096)
[VT] ESC at 3512 next=0x5b (chunk=4096)
[VT] ESC at 3517 next=0x5b (chunk=4096)
[VT] ESC at 3521 next=0x5b (chunk=4096)
[VT] ESC at 3529 next=0x5b (chunk=4096)
[VT] ESC at 3548 next=0x5b (chunk=4096)
[VT] ESC at 3564 next=0x5b (chunk=4096)
[VT] ESC at 3569 next=0x5b (chunk=4096)
[VT] ESC at 3573 next=0x5b (chunk=4096)
[VT] ESC at 3581 next=0x5b (chunk=4096)
[VT] ESC at 3600 next=0x5b (chunk=4096)
[VT] ESC at 3616 next=0x5b (chunk=4096)
[VT] ESC at 3621 next=0x5b (chunk=4096)
[VT] ESC at 3625 next=0x5b (chunk=4096)
[VT] ESC at 3633 next=0x5b (chunk=4096)
[VT] ESC at 3652 next=0x5b (chunk=4096)
[VT] ESC at 3668 next=0x5b (chunk=4096)
[VT] ESC at 3675 next=0x5b (chunk=4096)
[VT] ESC at 3679 next=0x5b (chunk=4096)
[VT] ESC at 3687 next=0x5b (chunk=4096)
[VT] ESC at 3706 next=0x5b (chunk=4096)
[VT] ESC at 3722 next=0x5b (chunk=4096)
[VT] ESC at 3727 next=0x5b (chunk=4096)
[VT] ESC at 3731 next=0x5b (chunk=4096)
[VT] ESC at 3739 next=0x5b (chunk=4096)
[VT] ESC at 3758 next=0x5b (chunk=4096)
[VT] ESC at 3774 next=0x5b (chunk=4096)
[VT] ESC at 3779 next=0x5b (chunk=4096)
[VT] ESC at 3783 next=0x5b (chunk=4096)
[VT] ESC at 3791 next=0x5b (chunk=4096)
[VT] ESC at 3810 next=0x5b (chunk=4096)
[VT] ESC at 3826 next=0x5b (chunk=4096)
[VT] ESC at 3831 next=0x5b (chunk=4096)
[VT] ESC at 3835 next=0x5b (chunk=4096)
[VT] ESC at 3843 next=0x5b (chunk=4096)
[VT] ESC at 3862 next=0x5b (chunk=4096)
[VT] ESC at 3878 next=0x5b (chunk=4096)
[VT] ESC at 3883 next=0x5b (chunk=4096)
[VT] ESC at 3887 next=0x5b (chunk=4096)
[VT] ESC at 3895 next=0x5b (chunk=4096)
[VT] ESC at 3914 next=0x5b (chunk=4096)
[VT] ESC at 3930 next=0x5b (chunk=4096)
[VT] ESC at 3937 next=0x5b (chunk=4096)
[VT] ESC at 3941 next=0x5b (chunk=4096)
[VT] ESC at 3949 next=0x5b (chunk=4096)
[VT] ESC at 3968 next=0x5b (chunk=4096)
[VT] ESC at 3984 next=0x5b (chunk=4096)
[VT] ESC at 3989 next=0x5b (chunk=4096)
[VT] ESC at 3993 next=0x5b (chunk=4096)
[VT] ESC at 4001 next=0x5b (chunk=4096)
[VT] ESC at 4020 next=0x5b (chunk=4096)
[VT] ESC at 4036 next=0x5b (chunk=4096)
[VT] ESC at 4041 next=0x5b (chunk=4096)
[VT] ESC at 4045 next=0x5b (chunk=4096)
[VT] ESC at 4053 next=0x5b (chunk=4096)
[VT] ESC at 4072 next=0x5b (chunk=4096)
[VT] ESC at 4088 next=0x5b (chunk=4096)
[VT] ESC at 4093 next=0x5b (chunk=4096)
[VT] ESC at 1 next=0x5b (chunk=4096)
[VT] ESC at 9 next=0x5b (chunk=4096)
[VT] ESC at 28 next=0x5b (chunk=4096)
[VT] ESC at 44 next=0x5b (chunk=4096)
[VT] ESC at 49 next=0x5b (chunk=4096)
[VT] ESC at 53 next=0x5b (chunk=4096)
[VT] ESC at 61 next=0x5b (chunk=4096)
[VT] ESC at 80 next=0x5b (chunk=4096)
[VT] ESC at 96 next=0x5b (chunk=4096)
[VT] ESC at 101 next=0x5b (chunk=4096)
[VT] ESC at 105 next=0x5b (chunk=4096)
[VT] ESC at 113 next=0x5b (chunk=4096)
[VT] ESC at 132 next=0x5b (chunk=4096)
[VT] ESC at 176 next=0x5b (chunk=4096)
[VT] ESC at 183 next=0x5b (chunk=4096)
[VT] ESC at 202 next=0x5b (chunk=4096)
[VT] ESC at 246 next=0x5b (chunk=4096)
[VT] ESC at 250 next=0x5b (chunk=4096)
[VT] ESC at 258 next=0x5b (chunk=4096)
[VT] ESC at 277 next=0x5b (chunk=4096)
[VT] ESC at 299 next=0x5b (chunk=4096)
[VT] ESC at 303 next=0x5b (chunk=4096)
[VT] ESC at 311 next=0x5b (chunk=4096)
[VT] ESC at 330 next=0x5b (chunk=4096)
[VT] ESC at 352 next=0x5b (chunk=4096)
[VT] ESC at 356 next=0x5b (chunk=4096)
[VT] ESC at 364 next=0x5b (chunk=4096)
[VT] ESC at 383 next=0x5b (chunk=4096)
[VT] ESC at 405 next=0x5b (chunk=4096)
[VT] ESC at 409 next=0x5b (chunk=4096)
[VT] ESC at 417 next=0x5b (chunk=4096)
[VT] ESC at 436 next=0x5b (chunk=4096)
[VT] ESC at 453 next=0x5b (chunk=4096)
[VT] ESC at 457 next=0x5b (chunk=4096)
[VT] ESC at 465 next=0x5b (chunk=4096)
[VT] ESC at 484 next=0x5b (chunk=4096)
[VT] ESC at 506 next=0x5b (chunk=4096)
[VT] ESC at 510 next=0x5b (chunk=4096)
[VT] ESC at 518 next=0x5b (chunk=4096)
[VT] ESC at 537 next=0x5b (chunk=4096)
[VT] ESC at 556 next=0x5b (chunk=4096)
[VT] ESC at 560 next=0x5b (chunk=4096)
[VT] ESC at 568 next=0x5b (chunk=4096)
[VT] ESC at 587 next=0x5b (chunk=4096)
[VT] ESC at 606 next=0x5b (chunk=4096)
[VT] ESC at 610 next=0x5b (chunk=4096)
[VT] ESC at 618 next=0x5b (chunk=4096)
[VT] ESC at 637 next=0x5b (chunk=4096)
[VT] ESC at 659 next=0x5b (chunk=4096)
[VT] ESC at 663 next=0x5b (chunk=4096)
[VT] ESC at 671 next=0x5b (chunk=4096)
[VT] ESC at 690 next=0x5b (chunk=4096)
[VT] ESC at 707 next=0x5b (chunk=4096)
[VT] ESC at 711 next=0x5b (chunk=4096)
[VT] ESC at 719 next=0x5b (chunk=4096)
[VT] ESC at 738 next=0x5b (chunk=4096)
[VT] ESC at 760 next=0x5b (chunk=4096)
[VT] ESC at 764 next=0x5b (chunk=4096)
[VT] ESC at 772 next=0x5b (chunk=4096)
[VT] ESC at 791 next=0x5b (chunk=4096)
[VT] ESC at 810 next=0x5b (chunk=4096)
[VT] ESC at 814 next=0x5b (chunk=4096)
[VT] ESC at 822 next=0x5b (chunk=4096)
[VT] ESC at 841 next=0x5b (chunk=4096)
[VT] ESC at 860 next=0x5b (chunk=4096)
[VT] ESC at 864 next=0x5b (chunk=4096)
[VT] ESC at 872 next=0x5b (chunk=4096)
[VT] ESC at 891 next=0x5b (chunk=4096)
[VT] ESC at 913 next=0x5b (chunk=4096)
[VT] ESC at 917 next=0x5b (chunk=4096)
[VT] ESC at 925 next=0x5b (chunk=4096)
[VT] ESC at 944 next=0x5b (chunk=4096)
[VT] ESC at 961 next=0x5b (chunk=4096)
[VT] ESC at 965 next=0x5b (chunk=4096)
[VT] ESC at 973 next=0x5b (chunk=4096)
[VT] ESC at 992 next=0x5b (chunk=4096)
[VT] ESC at 1014 next=0x5b (chunk=4096)
[VT] ESC at 1018 next=0x5b (chunk=4096)
[VT] ESC at 1026 next=0x5b (chunk=4096)
[VT] ESC at 1045 next=0x5b (chunk=4096)
[VT] ESC at 1064 next=0x5b (chunk=4096)
[VT] ESC at 1068 next=0x5b (chunk=4096)
[VT] ESC at 1076 next=0x5b (chunk=4096)
[VT] ESC at 1095 next=0x5b (chunk=4096)
[VT] ESC at 1114 next=0x5b (chunk=4096)
[VT] ESC at 1118 next=0x5b (chunk=4096)
[VT] ESC at 1126 next=0x5b (chunk=4096)
[VT] ESC at 1145 next=0x5b (chunk=4096)
[VT] ESC at 1164 next=0x5b (chunk=4096)
[VT] ESC at 1168 next=0x5b (chunk=4096)
[VT] ESC at 1176 next=0x5b (chunk=4096)
[VT] ESC at 1195 next=0x5b (chunk=4096)
[VT] ESC at 0 next=0x5b (chunk=11)
[VT] ESC at 1212 next=0x5b (chunk=4096)
[VT] ESC at 4 next=0x5b (chunk=11)
[VT] ESC at 1216 next=0x5b (chunk=4096)
[VT] ESC at 1224 next=0x5b (chunk=4096)
[VT] ESC at 1243 next=0x5b (chunk=4096)
[VT] ESC at 1262 next=0x5b (chunk=4096)
[VT] ESC at 1269 next=0x5b (chunk=4096)
[VT] ESC at 1273 next=0x5b (chunk=4096)
[VT] ESC at 1281 next=0x5b (chunk=4096)
[VT] ESC at 1300 next=0x5b (chunk=4096)
[VT] ESC at 1316 next=0x5b (chunk=4096)
[VT] ESC at 1323 next=0x5b (chunk=4096)
[VT] ESC at 1327 next=0x5b (chunk=4096)
[VT] ESC at 1335 next=0x5b (chunk=4096)
[VT] ESC at 1354 next=0x5b (chunk=4096)
[VT] ESC at 1370 next=0x5b (chunk=4096)
[VT] ESC at 1377 next=0x5b (chunk=4096)
[VT] ESC at 1381 next=0x5b (chunk=4096)
[VT] ESC at 1389 next=0x5b (chunk=4096)
[VT] ESC at 1408 next=0x5b (chunk=4096)
[VT] ESC at 1424 next=0x5b (chunk=4096)
[VT] ESC at 1431 next=0x5b (chunk=4096)
[VT] ESC at 1435 next=0x5b (chunk=4096)
[VT] ESC at 1443 next=0x5b (chunk=4096)
[VT] ESC at 1462 next=0x5b (chunk=4096)
[VT] ESC at 1478 next=0x5b (chunk=4096)
[VT] ESC at 1483 next=0x5b (chunk=4096)
[VT] ESC at 1487 next=0x5b (chunk=4096)
[VT] ESC at 1495 next=0x5b (chunk=4096)
[VT] ESC at 1514 next=0x5b (chunk=4096)
[VT] ESC at 1533 next=0x5b (chunk=4096)
[VT] ESC at 1540 next=0x5b (chunk=4096)
[VT] ESC at 1544 next=0x5b (chunk=4096)
[VT] ESC at 1552 next=0x5b (chunk=4096)
[VT] ESC at 1571 next=0x5b (chunk=4096)
[VT] ESC at 1587 next=0x5b (chunk=4096)
[VT] ESC at 1594 next=0x5b (chunk=4096)
[VT] ESC at 1598 next=0x5b (chunk=4096)
[VT] ESC at 1606 next=0x5b (chunk=4096)
[VT] ESC at 1625 next=0x5b (chunk=4096)
[VT] ESC at 1641 next=0x5b (chunk=4096)
[VT] ESC at 1648 next=0x5b (chunk=4096)
[VT] ESC at 1652 next=0x5b (chunk=4096)
[VT] ESC at 1660 next=0x5b (chunk=4096)
[VT] ESC at 1679 next=0x5b (chunk=4096)
[VT] ESC at 1698 next=0x5b (chunk=4096)
[VT] ESC at 1705 next=0x5b (chunk=4096)
[VT] ESC at 1709 next=0x5b (chunk=4096)
[VT] ESC at 1717 next=0x5b (chunk=4096)
[VT] ESC at 1736 next=0x5b (chunk=4096)
[VT] ESC at 1752 next=0x5b (chunk=4096)
[VT] ESC at 1757 next=0x5b (chunk=4096)
[VT] ESC at 1761 next=0x5b (chunk=4096)
[VT] ESC at 1769 next=0x5b (chunk=4096)
[VT] ESC at 1788 next=0x5b (chunk=4096)
[VT] ESC at 1807 next=0x5b (chunk=4096)
[VT] ESC at 1814 next=0x5b (chunk=4096)
[VT] ESC at 1818 next=0x5b (chunk=4096)
[VT] ESC at 1826 next=0x5b (chunk=4096)
[VT] ESC at 1845 next=0x5b (chunk=4096)
[VT] ESC at 1861 next=0x5b (chunk=4096)
[VT] ESC at 1871 next=0x5b (chunk=4096)
[VT] ESC at 1875 next=0x5b (chunk=4096)
[VT] ESC at 1883 next=0x5b (chunk=4096)
[VT] ESC at 1902 next=0x5b (chunk=4096)
[VT] ESC at 1921 next=0x5b (chunk=4096)
[VT] ESC at 1928 next=0x5b (chunk=4096)
[VT] ESC at 1932 next=0x5b (chunk=4096)
[VT] ESC at 1940 next=0x5b (chunk=4096)
[VT] ESC at 1959 next=0x5b (chunk=4096)
[VT] ESC at 1975 next=0x5b (chunk=4096)
[VT] ESC at 1980 next=0x5b (chunk=4096)
[VT] ESC at 1984 next=0x5b (chunk=4096)
[VT] ESC at 1992 next=0x5b (chunk=4096)
[VT] ESC at 2011 next=0x5b (chunk=4096)
[VT] ESC at 2030 next=0x5b (chunk=4096)
[VT] ESC at 2037 next=0x5b (chunk=4096)
[VT] ESC at 2041 next=0x5b (chunk=4096)
[VT] ESC at 2049 next=0x5b (chunk=4096)
[VT] ESC at 2068 next=0x5b (chunk=4096)
[VT] ESC at 2084 next=0x5b (chunk=4096)
[VT] ESC at 2091 next=0x5b (chunk=4096)
[VT] ESC at 2095 next=0x5b (chunk=4096)
[VT] ESC at 0 next=0x5b (chunk=2062)
[VT] ESC at 2103 next=0x5b (chunk=4096)
[VT] ESC at 8 next=0x5b (chunk=2062)
[VT] ESC at 2122 next=0x5b (chunk=4096)
[VT] ESC at 15 next=0x5b (chunk=2062)
[VT] ESC at 2138 next=0x5b (chunk=4096)
[VT] ESC at 22 next=0x5b (chunk=2062)
[VT] ESC at 2145 next=0x5b (chunk=4096)
[VT] ESC at 26 next=0x5b (chunk=2062)
[VT] ESC at 2149 next=0x5b (chunk=4096)
[VT] ESC at 31 next=0x5b (chunk=2062)
[VT] ESC at 2157 next=0x5b (chunk=4096)
[VT] ESC at 35 next=0x5b (chunk=2062)
[VT] ESC at 2176 next=0x5b (chunk=4096)
[VT] ESC at 39 next=0x5b (chunk=2062)
[VT] ESC at 2195 next=0x5b (chunk=4096)
[VT] ESC at 44 next=0x5b (chunk=2062)
[VT] ESC at 2202 next=0x5b (chunk=4096)
[VT] ESC at 65 next=0x5b (chunk=2062)
[VT] ESC at 2206 next=0x5b (chunk=4096)
[VT] ESC at 102 next=0x5b (chunk=2062)
[VT] ESC at 2214 next=0x5b (chunk=4096)
[VT] ESC at 139 next=0x5b (chunk=2062)
[VT] ESC at 2233 next=0x5b (chunk=4096)
[VT] ESC at 162 next=0x5b (chunk=2062)
[VT] ESC at 2277 next=0x5b (chunk=4096)
[VT] ESC at 173 next=0x5b (chunk=2062)
[VT] ESC at 2284 next=0x5b (chunk=4096)
[VT] ESC at 215 next=0x5b (chunk=2062)
[VT] ESC at 2303 next=0x5b (chunk=4096)
[VT] ESC at 218 next=0x5b (chunk=2062)
[VT] ESC at 2347 next=0x5b (chunk=4096)
[VT] ESC at 222 next=0x5b (chunk=2062)
[VT] ESC at 2351 next=0x5b (chunk=4096)
[VT] ESC at 227 next=0x5b (chunk=2062)
[VT] ESC at 2359 next=0x5b (chunk=4096)
[VT] ESC at 232 next=0x5b (chunk=2062)
[VT] ESC at 2378 next=0x5b (chunk=4096)
[VT] ESC at 269 next=0x5b (chunk=2062)
[VT] ESC at 2400 next=0x5b (chunk=4096)
[VT] ESC at 306 next=0x5b (chunk=2062)
[VT] ESC at 2404 next=0x5b (chunk=4096)
[VT] ESC at 343 next=0x5b (chunk=2062)
[VT] ESC at 2412 next=0x5b (chunk=4096)
[VT] ESC at 380 next=0x5b (chunk=2062)
[VT] ESC at 2431 next=0x5b (chunk=4096)
[VT] ESC at 417 next=0x5b (chunk=2062)
[VT] ESC at 2448 next=0x5b (chunk=4096)
[VT] ESC at 452 next=0x5b (chunk=2062)
[VT] ESC at 2452 next=0x5b (chunk=4096)
[VT] ESC at 462 next=0x5b (chunk=2062)
[VT] ESC at 2460 next=0x5b (chunk=4096)
[VT] ESC at 519 next=0x5b (chunk=2062)
[VT] ESC at 2479 next=0x5b (chunk=4096)
[VT] ESC at 522 next=0x5b (chunk=2062)
[VT] ESC at 2496 next=0x5b (chunk=4096)
[VT] ESC at 531 next=0x5b (chunk=2062)
[VT] ESC at 2500 next=0x5b (chunk=4096)
[VT] ESC at 568 next=0x5b (chunk=2062)
[VT] ESC at 2508 next=0x5b (chunk=4096)
[VT] ESC at 605 next=0x5b (chunk=2062)
[VT] ESC at 2527 next=0x5b (chunk=4096)
[VT] ESC at 642 next=0x5b (chunk=2062)
[VT] ESC at 2549 next=0x5b (chunk=4096)
[VT] ESC at 666 next=0x5b (chunk=2062)
[VT] ESC at 2553 next=0x5b (chunk=4096)
[VT] ESC at 688 next=0x5b (chunk=2062)
[VT] ESC at 2561 next=0x5b (chunk=4096)
[VT] ESC at 726 next=0x5b (chunk=2062)
[VT] ESC at 2580 next=0x5b (chunk=4096)
[VT] ESC at 764 next=0x5b (chunk=2062)
[VT] ESC at 2597 next=0x5b (chunk=4096)
[VT] ESC at 802 next=0x5b (chunk=2062)
[VT] ESC at 2601 next=0x5b (chunk=4096)
[VT] ESC at 811 next=0x5b (chunk=2062)
[VT] ESC at 2609 next=0x5b (chunk=4096)
[VT] ESC at 855 next=0x5b (chunk=2062)
[VT] ESC at 2628 next=0x5b (chunk=4096)
[VT] ESC at 858 next=0x5b (chunk=2062)
[VT] ESC at 2650 next=0x5b (chunk=4096)
[VT] ESC at 866 next=0x5b (chunk=2062)
[VT] ESC at 2654 next=0x5b (chunk=4096)
[VT] ESC at 888 next=0x5b (chunk=2062)
[VT] ESC at 2662 next=0x5b (chunk=4096)
[VT] ESC at 925 next=0x5b (chunk=2062)
[VT] ESC at 2681 next=0x5b (chunk=4096)
[VT] ESC at 962 next=0x5b (chunk=2062)
[VT] ESC at 2699 next=0x5b (chunk=4096)
[VT] ESC at 969 next=0x5b (chunk=2062)
[VT] ESC at 2703 next=0x5b (chunk=4096)
[VT] ESC at 1006 next=0x5b (chunk=2062)
[VT] ESC at 2711 next=0x5b (chunk=4096)
[VT] ESC at 1044 next=0x5b (chunk=2062)
[VT] ESC at 2730 next=0x5b (chunk=4096)
[VT] ESC at 1069 next=0x5b (chunk=2062)
[VT] ESC at 2752 next=0x5b (chunk=4096)
[VT] ESC at 1077 next=0x5b (chunk=2062)
[VT] ESC at 2756 next=0x5b (chunk=4096)
[VT] ESC at 1112 next=0x5b (chunk=2062)
[VT] ESC at 2764 next=0x5b (chunk=4096)
[VT] ESC at 1115 next=0x5b (chunk=2062)
[VT] ESC at 2783 next=0x5b (chunk=4096)
[VT] ESC at 1122 next=0x5b (chunk=2062)
[VT] ESC at 2800 next=0x5b (chunk=4096)
[VT] ESC at 1144 next=0x5b (chunk=2062)
[VT] ESC at 2804 next=0x5b (chunk=4096)
[VT] ESC at 1183 next=0x5b (chunk=2062)
[VT] ESC at 2812 next=0x5b (chunk=4096)
[VT] ESC at 1208 next=0x5b (chunk=2062)
[VT] ESC at 2831 next=0x5b (chunk=4096)
[VT] ESC at 1217 next=0x5b (chunk=2062)
[VT] ESC at 2853 next=0x5b (chunk=4096)
[VT] ESC at 1238 next=0x5b (chunk=2062)
[VT] ESC at 2857 next=0x5b (chunk=4096)
[VT] ESC at 1275 next=0x5b (chunk=2062)
[VT] ESC at 2865 next=0x5b (chunk=4096)
[VT] ESC at 1299 next=0x5b (chunk=2062)
[VT] ESC at 2884 next=0x5b (chunk=4096)
[VT] ESC at 1302 next=0x5b (chunk=2062)
[VT] ESC at 2909 next=0x5b (chunk=4096)
[VT] ESC at 1307 next=0x5b (chunk=2062)
[VT] ESC at 2913 next=0x5b (chunk=4096)
[VT] ESC at 1311 next=0x5b (chunk=2062)
[VT] ESC at 2921 next=0x5b (chunk=4096)
[VT] ESC at 1613 next=0x5b (chunk=2062)
[VT] ESC at 2940 next=0x5b (chunk=4096)
[VT] ESC at 1618 next=0x5b (chunk=2062)
[VT] ESC at 2957 next=0x5b (chunk=4096)
[VT] ESC at 1638 next=0x5b (chunk=2062)
[VT] ESC at 2961 next=0x5b (chunk=4096)
[VT] ESC at 1641 next=0x5b (chunk=2062)
[VT] ESC at 2969 next=0x5b (chunk=4096)
[VT] ESC at 1646 next=0x5b (chunk=2062)
[VT] ESC at 2988 next=0x5b (chunk=4096)
[VT] ESC at 1948 next=0x5b (chunk=2062)
[VT] ESC at 3010 next=0x5b (chunk=4096)
[VT] ESC at 1953 next=0x5b (chunk=2062)
[VT] ESC at 3014 next=0x5b (chunk=4096)
[VT] ESC at 1987 next=0x5b (chunk=2062)
[VT] ESC at 3022 next=0x5b (chunk=4096)
[VT] ESC at 1990 next=0x5b (chunk=2062)
[VT] ESC at 3041 next=0x5b (chunk=4096)
[VT] ESC at 1995 next=0x5b (chunk=2062)
[VT] ESC at 3059 next=0x5b (chunk=4096)
[VT] ESC at 2000 next=0x5b (chunk=2062)
[VT] ESC at 3063 next=0x5b (chunk=4096)
[VT] ESC at 2044 next=0x5b (chunk=2062)
[VT] ESC at 3071 next=0x5b (chunk=4096)
[VT] ESC at 2048 next=0x5b (chunk=2062)
[VT] ESC at 3090 next=0x5b (chunk=4096)
[VT] ESC at 2052 next=0x5b (chunk=2062)
[VT] ESC at 3112 next=0x5b (chunk=4096)
[VT] ESC at 2056 next=0x5b (chunk=2062)
[VT] ESC at 3116 next=0x5b (chunk=4096)
[VT] ESC at 3124 next=0x5b (chunk=4096)
[VT] ESC at 3143 next=0x5b (chunk=4096)
[VT] ESC at 3160 next=0x5b (chunk=4096)
[VT] ESC at 3164 next=0x5b (chunk=4096)
[VT] ESC at 3172 next=0x5b (chunk=4096)
[VT] ESC at 3191 next=0x5b (chunk=4096)
[VT] ESC at 3210 next=0x5b (chunk=4096)
[VT] ESC at 3217 next=0x5b (chunk=4096)
[VT] ESC at 3221 next=0x5b (chunk=4096)
[VT] ESC at 3229 next=0x5b (chunk=4096)
[VT] ESC at 3248 next=0x5b (chunk=4096)
[VT] ESC at 3264 next=0x5b (chunk=4096)
[VT] ESC at 3271 next=0x5b (chunk=4096)
[VT] ESC at 3275 next=0x5b (chunk=4096)
[VT] ESC at 3283 next=0x5b (chunk=4096)
[VT] ESC at 3302 next=0x5b (chunk=4096)
[VT] ESC at 3318 next=0x5b (chunk=4096)
[VT] ESC at 3323 next=0x5b (chunk=4096)
[VT] ESC at 3327 next=0x5b (chunk=4096)
[VT] ESC at 3335 next=0x5b (chunk=4096)
[VT] ESC at 3354 next=0x5b (chunk=4096)
[VT] ESC at 3373 next=0x5b (chunk=4096)
[VT] ESC at 3380 next=0x5b (chunk=4096)
[VT] ESC at 3384 next=0x5b (chunk=4096)
[VT] ESC at 3392 next=0x5b (chunk=4096)
[VT] ESC at 3411 next=0x5b (chunk=4096)
[VT] ESC at 3427 next=0x5b (chunk=4096)
[VT] ESC at 3433 next=0x5b (chunk=4096)
[VT] ESC at 3437 next=0x5b (chunk=4096)
[VT] ESC at 3445 next=0x5b (chunk=4096)
[VT] ESC at 3464 next=0x5b (chunk=4096)
[VT] ESC at 3483 next=0x5b (chunk=4096)
[VT] ESC at 3490 next=0x5b (chunk=4096)
[VT] ESC at 3494 next=0x5b (chunk=4096)
[VT] ESC at 3502 next=0x5b (chunk=4096)
[VT] ESC at 3521 next=0x5b (chunk=4096)
[VT] ESC at 3537 next=0x5b (chunk=4096)
[VT] ESC at 3542 next=0x5b (chunk=4096)
[VT] ESC at 3546 next=0x5b (chunk=4096)
[VT] ESC at 3554 next=0x5b (chunk=4096)
[VT] ESC at 3573 next=0x5b (chunk=4096)
[VT] ESC at 3592 next=0x5b (chunk=4096)
[VT] ESC at 3599 next=0x5b (chunk=4096)
[VT] ESC at 3603 next=0x5b (chunk=4096)
[VT] ESC at 3611 next=0x5b (chunk=4096)
[VT] ESC at 3630 next=0x5b (chunk=4096)
[VT] ESC at 3646 next=0x5b (chunk=4096)
[VT] ESC at 3652 next=0x5b (chunk=4096)
[VT] ESC at 3656 next=0x5b (chunk=4096)
[VT] ESC at 3664 next=0x5b (chunk=4096)
[VT] ESC at 3683 next=0x5b (chunk=4096)
[VT] ESC at 3702 next=0x5b (chunk=4096)
[VT] ESC at 3709 next=0x5b (chunk=4096)
[VT] ESC at 3713 next=0x5b (chunk=4096)
[VT] ESC at 3721 next=0x5b (chunk=4096)
[VT] ESC at 3740 next=0x5b (chunk=4096)
[VT] ESC at 3756 next=0x5b (chunk=4096)
[VT] ESC at 3761 next=0x5b (chunk=4096)
[VT] ESC at 3765 next=0x5b (chunk=4096)
[VT] ESC at 3773 next=0x5b (chunk=4096)
[VT] ESC at 3792 next=0x5b (chunk=4096)
[VT] ESC at 3811 next=0x5b (chunk=4096)
[VT] ESC at 3818 next=0x5b (chunk=4096)
[VT] ESC at 3822 next=0x5b (chunk=4096)
[VT] ESC at 3830 next=0x5b (chunk=4096)
[VT] ESC at 3849 next=0x5b (chunk=4096)
[VT] ESC at 3865 next=0x5b (chunk=4096)
[VT] ESC at 3878 next=0x5b (chunk=4096)
[VT] ESC at 3882 next=0x5b (chunk=4096)
[VT] ESC at 3890 next=0x5b (chunk=4096)
[VT] ESC at 3909 next=0x5b (chunk=4096)
[VT] ESC at 3953 next=0x5b (chunk=4096)
[VT] ESC at 3960 next=0x5b (chunk=4096)
[VT] ESC at 3979 next=0x5b (chunk=4096)
[VT] ESC at 4023 next=0x5b (chunk=4096)
[VT] ESC at 4027 next=0x5b (chunk=4096)
[VT] ESC at 4035 next=0x5b (chunk=4096)
[VT] ESC at 4054 next=0x5b (chunk=4096)
[VT] ESC at 4083 next=0x5b (chunk=4096)
[VT] ESC at 4087 next=0x5b (chunk=4096)
[VT] ESC at 4095 next=0x00 (chunk=4096)
[VT] ESC at 18 next=0x5b (chunk=4096)
[VT] ESC at 40 next=0x5b (chunk=4096)
[VT] ESC at 44 next=0x5b (chunk=4096)
[VT] ESC at 52 next=0x5b (chunk=4096)
[VT] ESC at 71 next=0x5b (chunk=4096)
[VT] ESC at 113 next=0x5b (chunk=4096)
[VT] ESC at 117 next=0x5b (chunk=4096)
[VT] ESC at 125 next=0x5b (chunk=4096)
[VT] ESC at 141 next=0x5b (chunk=4096)
[VT] ESC at 163 next=0x5b (chunk=4096)
[VT] ESC at 167 next=0x5b (chunk=4096)
[VT] ESC at 175 next=0x5b (chunk=4096)
[VT] ESC at 194 next=0x5b (chunk=4096)
[VT] ESC at 213 next=0x5b (chunk=4096)
[VT] ESC at 217 next=0x5b (chunk=4096)
[VT] ESC at 225 next=0x5b (chunk=4096)
[VT] ESC at 244 next=0x5b (chunk=4096)
[VT] ESC at 261 next=0x5b (chunk=4096)
[VT] ESC at 265 next=0x5b (chunk=4096)
[VT] ESC at 273 next=0x5b (chunk=4096)
[VT] ESC at 292 next=0x5b (chunk=4096)
[VT] ESC at 308 next=0x5b (chunk=4096)
[VT] ESC at 337 next=0x5b (chunk=4096)
[VT] ESC at 341 next=0x5b (chunk=4096)
[VT] ESC at 349 next=0x5b (chunk=4096)
[VT] ESC at 368 next=0x5b (chunk=4096)
[VT] ESC at 384 next=0x5b (chunk=4096)
[VT] ESC at 389 next=0x5b (chunk=4096)
[VT] ESC at 393 next=0x5b (chunk=4096)
[VT] ESC at 401 next=0x5b (chunk=4096)
[VT] ESC at 420 next=0x5b (chunk=4096)
[VT] ESC at 436 next=0x5b (chunk=4096)
[VT] ESC at 446 next=0x5b (chunk=4096)
[VT] ESC at 450 next=0x5b (chunk=4096)
[VT] ESC at 458 next=0x5b (chunk=4096)
[VT] ESC at 477 next=0x5b (chunk=4096)
[VT] ESC at 493 next=0x5b (chunk=4096)
[VT] ESC at 500 next=0x5b (chunk=4096)
[VT] ESC at 504 next=0x5b (chunk=4096)
[VT] ESC at 512 next=0x5b (chunk=4096)
[VT] ESC at 531 next=0x5b (chunk=4096)
[VT] ESC at 547 next=0x5b (chunk=4096)
[VT] ESC at 555 next=0x5b (chunk=4096)
[VT] ESC at 559 next=0x5b (chunk=4096)
[VT] ESC at 567 next=0x5b (chunk=4096)
[VT] ESC at 586 next=0x5b (chunk=4096)
[VT] ESC at 602 next=0x5b (chunk=4096)
[VT] ESC at 609 next=0x5b (chunk=4096)
[VT] ESC at 613 next=0x5b (chunk=4096)
[VT] ESC at 621 next=0x5b (chunk=4096)
[VT] ESC at 640 next=0x5b (chunk=4096)
[VT] ESC at 656 next=0x5b (chunk=4096)
[VT] ESC at 669 next=0x5b (chunk=4096)
[VT] ESC at 673 next=0x5b (chunk=4096)
[VT] ESC at 681 next=0x5b (chunk=4096)
[VT] ESC at 700 next=0x5b (chunk=4096)
[VT] ESC at 744 next=0x5b (chunk=4096)
[VT] ESC at 751 next=0x5b (chunk=4096)
[VT] ESC at 770 next=0x5b (chunk=4096)
[VT] ESC at 881 next=0x5b (chunk=4096)
[VT] ESC at 888 next=0x5b (chunk=4096)
[VT] ESC at 907 next=0x5b (chunk=4096)
[VT] ESC at 1018 next=0x5b (chunk=4096)
[VT] ESC at 1025 next=0x5b (chunk=4096)
[VT] ESC at 1044 next=0x5b (chunk=4096)
[VT] ESC at 1070 next=0x5b (chunk=4096)
[VT] ESC at 1074 next=0x5b (chunk=4096)
[VT] ESC at 1082 next=0x5b (chunk=4096)
[VT] ESC at 1100 next=0x5b (chunk=4096)
[VT] ESC at 1119 next=0x5b (chunk=4096)
[VT] ESC at 1123 next=0x5b (chunk=4096)
[VT] ESC at 1131 next=0x5b (chunk=4096)
[VT] ESC at 1150 next=0x5b (chunk=4096)
[VT] ESC at 1240 next=0x5b (chunk=4096)
[VT] ESC at 1244 next=0x5b (chunk=4096)
[VT] ESC at 1252 next=0x5b (chunk=4096)
[VT] ESC at 1271 next=0x5b (chunk=4096)
[VT] ESC at 1297 next=0x5b (chunk=4096)
[VT] ESC at 1304 next=0x5b (chunk=4096)
[VT] ESC at 1323 next=0x5b (chunk=4096)
[VT] ESC at 1349 next=0x5b (chunk=4096)
[VT] ESC at 1353 next=0x5b (chunk=4096)
[VT] ESC at 1361 next=0x5b (chunk=4096)
[VT] ESC at 1379 next=0x5b (chunk=4096)
[VT] ESC at 1398 next=0x5b (chunk=4096)
[VT] ESC at 1402 next=0x5b (chunk=4096)
[VT] ESC at 1410 next=0x5b (chunk=4096)
[VT] ESC at 1429 next=0x5b (chunk=4096)
[VT] ESC at 1447 next=0x5b (chunk=4096)
[VT] ESC at 1451 next=0x5b (chunk=4096)
[VT] ESC at 1459 next=0x5b (chunk=4096)
[VT] ESC at 1478 next=0x5b (chunk=4096)
[VT] ESC at 1528 next=0x5b (chunk=4096)
[VT] ESC at 1532 next=0x5b (chunk=4096)
[VT] ESC at 1540 next=0x5b (chunk=4096)
[VT] ESC at 1559 next=0x5b (chunk=4096)
[VT] ESC at 1613 next=0x5b (chunk=4096)
[VT] ESC at 1617 next=0x5b (chunk=4096)
[VT] ESC at 1625 next=0x5b (chunk=4096)
[VT] ESC at 1644 next=0x5b (chunk=4096)
[VT] ESC at 1670 next=0x5b (chunk=4096)
[VT] ESC at 1677 next=0x5b (chunk=4096)
[VT] ESC at 1696 next=0x5b (chunk=4096)
[VT] ESC at 1722 next=0x5b (chunk=4096)
[VT] ESC at 1726 next=0x5b (chunk=4096)
[VT] ESC at 1734 next=0x5b (chunk=4096)
[VT] ESC at 1752 next=0x5b (chunk=4096)
[VT] ESC at 1771 next=0x5b (chunk=4096)
[VT] ESC at 1775 next=0x5b (chunk=4096)
[VT] ESC at 1783 next=0x5b (chunk=4096)
[VT] ESC at 1802 next=0x5b (chunk=4096)
[VT] ESC at 1892 next=0x5b (chunk=4096)
[VT] ESC at 1896 next=0x5b (chunk=4096)
[VT] ESC at 1904 next=0x5b (chunk=4096)
[VT] ESC at 1923 next=0x5b (chunk=4096)
[VT] ESC at 1949 next=0x5b (chunk=4096)
[VT] ESC at 1956 next=0x5b (chunk=4096)
[VT] ESC at 1975 next=0x5b (chunk=4096)
[VT] ESC at 2001 next=0x5b (chunk=4096)
[VT] ESC at 2005 next=0x5b (chunk=4096)
[VT] ESC at 2013 next=0x5b (chunk=4096)
[VT] ESC at 2031 next=0x5b (chunk=4096)
[VT] ESC at 2050 next=0x5b (chunk=4096)
[VT] ESC at 2054 next=0x5b (chunk=4096)
[VT] ESC at 2062 next=0x5b (chunk=4096)
[VT] ESC at 2081 next=0x5b (chunk=4096)
[VT] ESC at 2099 next=0x5b (chunk=4096)
[VT] ESC at 2103 next=0x5b (chunk=4096)
[VT] ESC at 2111 next=0x5b (chunk=4096)
[VT] ESC at 2129 next=0x5b (chunk=4096)
[VT] ESC at 2150 next=0x5b (chunk=4096)
[VT] ESC at 2154 next=0x5b (chunk=4096)
[VT] ESC at 2162 next=0x5b (chunk=4096)
[VT] ESC at 2181 next=0x5b (chunk=4096)
[VT] ESC at 2198 next=0x5b (chunk=4096)
[VT] ESC at 2202 next=0x5b (chunk=4096)
[VT] ESC at 2210 next=0x5b (chunk=4096)
[VT] ESC at 2229 next=0x5b (chunk=4096)
[VT] ESC at 2247 next=0x5b (chunk=4096)
[VT] ESC at 2251 next=0x5b (chunk=4096)
[VT] ESC at 2259 next=0x5b (chunk=4096)
[VT] ESC at 2278 next=0x5b (chunk=4096)
[VT] ESC at 2295 next=0x5b (chunk=4096)
[VT] ESC at 2299 next=0x5b (chunk=4096)
[VT] ESC at 2307 next=0x5b (chunk=4096)
[VT] ESC at 2326 next=0x5b (chunk=4096)
[VT] ESC at 2359 next=0x5b (chunk=4096)
[VT] ESC at 2363 next=0x5b (chunk=4096)
[VT] ESC at 2371 next=0x5b (chunk=4096)
[VT] ESC at 2390 next=0x5b (chunk=4096)
[VT] ESC at 2407 next=0x5b (chunk=4096)
[VT] ESC at 2411 next=0x5b (chunk=4096)
[VT] ESC at 2419 next=0x5b (chunk=4096)
[VT] ESC at 2438 next=0x5b (chunk=4096)
[VT] ESC at 2465 next=0x5b (chunk=4096)
[VT] ESC at 2469 next=0x5b (chunk=4096)
[VT] ESC at 2477 next=0x5b (chunk=4096)
[VT] ESC at 2496 next=0x5b (chunk=4096)
[VT] ESC at 2547 next=0x5b (chunk=4096)
[VT] ESC at 2551 next=0x5b (chunk=4096)
[VT] ESC at 2559 next=0x5b (chunk=4096)
[VT] ESC at 2578 next=0x5b (chunk=4096)
[VT] ESC at 2604 next=0x5b (chunk=4096)
[VT] ESC at 2611 next=0x5b (chunk=4096)
[VT] ESC at 2630 next=0x5b (chunk=4096)
[VT] ESC at 2656 next=0x5b (chunk=4096)
[VT] ESC at 2660 next=0x5b (chunk=4096)
[VT] ESC at 2668 next=0x5b (chunk=4096)
[VT] ESC at 2686 next=0x5b (chunk=4096)
[VT] ESC at 2705 next=0x5b (chunk=4096)
[VT] ESC at 2709 next=0x5b (chunk=4096)
[VT] ESC at 2717 next=0x5b (chunk=4096)
[VT] ESC at 2733 next=0x5b (chunk=4096)
[VT] ESC at 2971 next=0x5b (chunk=4096)
[VT] ESC at 2975 next=0x5b (chunk=4096)
[VT] ESC at 2983 next=0x5b (chunk=4096)
[VT] ESC at 3002 next=0x5b (chunk=4096)
[VT] ESC at 3028 next=0x5b (chunk=4096)
[VT] ESC at 3035 next=0x5b (chunk=4096)
[VT] ESC at 3054 next=0x5b (chunk=4096)
[VT] ESC at 3128 next=0x5b (chunk=4096)
[VT] ESC at 3132 next=0x5b (chunk=4096)
[VT] ESC at 3140 next=0x5b (chunk=4096)
[VT] ESC at 3159 next=0x5b (chunk=4096)
[VT] ESC at 3179 next=0x5b (chunk=4096)
[VT] ESC at 3183 next=0x5b (chunk=4096)
[VT] ESC at 3191 next=0x5b (chunk=4096)
[VT] ESC at 3210 next=0x5b (chunk=4096)
[VT] ESC at 3232 next=0x5b (chunk=4096)
[VT] ESC at 3236 next=0x5b (chunk=4096)
[VT] ESC at 3244 next=0x5b (chunk=4096)
[VT] ESC at 3263 next=0x5b (chunk=4096)
[VT] ESC at 3281 next=0x5b (chunk=4096)
[VT] ESC at 3285 next=0x5b (chunk=4096)
[VT] ESC at 3293 next=0x5b (chunk=4096)
[VT] ESC at 3312 next=0x5b (chunk=4096)
[VT] ESC at 3335 next=0x5b (chunk=4096)
[VT] ESC at 3339 next=0x5b (chunk=4096)
[VT] ESC at 3347 next=0x5b (chunk=4096)
[VT] ESC at 3366 next=0x5b (chunk=4096)
[VT] ESC at 3390 next=0x5b (chunk=4096)
[VT] ESC at 3394 next=0x5b (chunk=4096)
[VT] ESC at 3402 next=0x5b (chunk=4096)
[VT] ESC at 3421 next=0x5b (chunk=4096)
[VT] ESC at 3447 next=0x5b (chunk=4096)
[VT] ESC at 3454 next=0x5b (chunk=4096)
[VT] ESC at 3473 next=0x5b (chunk=4096)
[VT] ESC at 3584 next=0x5b (chunk=4096)
[VT] ESC at 3591 next=0x5b (chunk=4096)
[VT] ESC at 3610 next=0x5b (chunk=4096)
[VT] ESC at 3721 next=0x5b (chunk=4096)
[VT] ESC at 3728 next=0x5b (chunk=4096)
[VT] ESC at 3747 next=0x5b (chunk=4096)
[VT] ESC at 3858 next=0x5b (chunk=4096)
[VT] ESC at 3865 next=0x5b (chunk=4096)
[VT] ESC at 3884 next=0x5b (chunk=4096)
[VT] ESC at 3910 next=0x5b (chunk=4096)
[VT] ESC at 3914 next=0x5b (chunk=4096)
[VT] ESC at 3922 next=0x5b (chunk=4096)
[VT] ESC at 3940 next=0x5b (chunk=4096)
[VT] ESC at 3964 next=0x5b (chunk=4096)
[VT] ESC at 3968 next=0x5b (chunk=4096)
[VT] ESC at 3976 next=0x5b (chunk=4096)
[VT] ESC at 3995 next=0x5b (chunk=4096)
[VT] ESC at 4015 next=0x5b (chunk=4096)
[VT] ESC at 4019 next=0x5b (chunk=4096)
[VT] ESC at 4027 next=0x5b (chunk=4096)
[VT] ESC at 4046 next=0x5b (chunk=4096)
[VT] ESC at 4065 next=0x5b (chunk=4096)
[VT] ESC at 4069 next=0x5b (chunk=4096)
[VT] ESC at 4077 next=0x5b (chunk=4096)
[VT] ESC at 0 next=0x5b (chunk=2865)
[VT] ESC at 26 next=0x5b (chunk=2865)
[VT] ESC at 30 next=0x5b (chunk=2865)
[VT] ESC at 38 next=0x5b (chunk=2865)
[VT] ESC at 57 next=0x5b (chunk=2865)
[VT] ESC at 92 next=0x5b (chunk=2865)
[VT] ESC at 96 next=0x5b (chunk=2865)
[VT] ESC at 104 next=0x5b (chunk=2865)
[VT] ESC at 123 next=0x5b (chunk=2865)
[VT] ESC at 166 next=0x5b (chunk=2865)
[VT] ESC at 170 next=0x5b (chunk=2865)
[VT] ESC at 178 next=0x5b (chunk=2865)
[VT] ESC at 197 next=0x5b (chunk=2865)
[VT] ESC at 229 next=0x5b (chunk=2865)
[VT] ESC at 236 next=0x5b (chunk=2865)
[VT] ESC at 255 next=0x5b (chunk=2865)
[VT] ESC at 287 next=0x5b (chunk=2865)
[VT] ESC at 291 next=0x5b (chunk=2865)
[VT] ESC at 299 next=0x5b (chunk=2865)
[VT] ESC at 318 next=0x5b (chunk=2865)
[VT] ESC at 341 next=0x5b (chunk=2865)
[VT] ESC at 345 next=0x5b (chunk=2865)
[VT] ESC at 353 next=0x5b (chunk=2865)
[VT] ESC at 372 next=0x5b (chunk=2865)
[VT] ESC at 460 next=0x5b (chunk=2865)
[VT] ESC at 467 next=0x5b (chunk=2865)
[VT] ESC at 486 next=0x5b (chunk=2865)
[VT] ESC at 597 next=0x5b (chunk=2865)
[VT] ESC at 604 next=0x5b (chunk=2865)
[VT] ESC at 623 next=0x5b (chunk=2865)
[VT] ESC at 734 next=0x5b (chunk=2865)
[VT] ESC at 741 next=0x5b (chunk=2865)
[VT] ESC at 760 next=0x5b (chunk=2865)
[VT] ESC at 871 next=0x5b (chunk=2865)
[VT] ESC at 878 next=0x5b (chunk=2865)
[VT] ESC at 897 next=0x5b (chunk=2865)
[VT] ESC at 1008 next=0x5b (chunk=2865)
[VT] ESC at 1015 next=0x5b (chunk=2865)
[VT] ESC at 1034 next=0x5b (chunk=2865)
[VT] ESC at 1145 next=0x5b (chunk=2865)
[VT] ESC at 1152 next=0x5b (chunk=2865)
[VT] ESC at 1171 next=0x5b (chunk=2865)
[VT] ESC at 1282 next=0x5b (chunk=2865)
[VT] ESC at 1289 next=0x5b (chunk=2865)
[VT] ESC at 1308 next=0x5b (chunk=2865)
[VT] ESC at 1419 next=0x5b (chunk=2865)
[VT] ESC at 1426 next=0x5b (chunk=2865)
[VT] ESC at 1445 next=0x5b (chunk=2865)
[VT] ESC at 1556 next=0x5b (chunk=2865)
[VT] ESC at 1563 next=0x5b (chunk=2865)
[VT] ESC at 1582 next=0x5b (chunk=2865)
[VT] ESC at 1693 next=0x5b (chunk=2865)
[VT] ESC at 1700 next=0x5b (chunk=2865)
[VT] ESC at 1719 next=0x5b (chunk=2865)
[VT] ESC at 1830 next=0x5b (chunk=2865)
[VT] ESC at 1837 next=0x5b (chunk=2865)
[VT] ESC at 1856 next=0x5b (chunk=2865)
[VT] ESC at 1967 next=0x5b (chunk=2865)
[VT] ESC at 1974 next=0x5b (chunk=2865)
[VT] ESC at 1993 next=0x5b (chunk=2865)
[VT] ESC at 2104 next=0x5b (chunk=2865)
[VT] ESC at 2111 next=0x5b (chunk=2865)
[VT] ESC at 2130 next=0x5b (chunk=2865)
[VT] ESC at 2241 next=0x5b (chunk=2865)
[VT] ESC at 2248 next=0x5b (chunk=2865)
[VT] ESC at 2267 next=0x5b (chunk=2865)
[VT] ESC at 2378 next=0x5b (chunk=2865)
[VT] ESC at 2385 next=0x5b (chunk=2865)
[VT] ESC at 2404 next=0x5b (chunk=2865)
[VT] ESC at 2422 next=0x5b (chunk=2865)
[VT] ESC at 2426 next=0x5b (chunk=2865)
[VT] ESC at 2433 next=0x5b (chunk=2865)
[VT] ESC at 2452 next=0x5b (chunk=2865)
[VT] ESC at 2484 next=0x5b (chunk=2865)
[VT] ESC at 2488 next=0x5b (chunk=2865)
[VT] ESC at 2496 next=0x5b (chunk=2865)
[VT] ESC at 2515 next=0x5b (chunk=2865)
[VT] ESC at 2599 next=0x5b (chunk=2865)
[VT] ESC at 2603 next=0x5b (chunk=2865)
[VT] ESC at 2611 next=0x5b (chunk=2865)
[VT] ESC at 2630 next=0x5b (chunk=2865)
[VT] ESC at 2653 next=0x5b (chunk=2865)
[VT] ESC at 2657 next=0x5b (chunk=2865)
[VT] ESC at 2665 next=0x5b (chunk=2865)
[VT] ESC at 2684 next=0x5b (chunk=2865)
[VT] ESC at 2702 next=0x5b (chunk=2865)
[VT] ESC at 2709 next=0x5b (chunk=2865)
[VT] ESC at 2728 next=0x5b (chunk=2865)
[VT] ESC at 2839 next=0x5b (chunk=2865)
[VT] ESC at 2843 next=0x5b (chunk=2865)
[VT] ESC at 2851 next=0x5b (chunk=2865)
[VT] ESC at 2857 next=0x5b (chunk=2865)
[VT] ESC at 0 next=0x5b (chunk=4)
[VT] ESC at 0 next=0x5b (chunk=8)
[VT] ESC at 0 next=0x5b (chunk=4)
[VT] ESC at 0 next=0x5b (chunk=7)
[VT] ESC at 0 next=0x5b (chunk=32)
[VT] ESC at 8 next=0x5b (chunk=32)
[VT] ESC at 16 next=0x5b (chunk=32)
[VT] ESC at 24 next=0x5b (chunk=32)
[VT] ESC at 0 next=0x5b (chunk=4)
[VT] ESC at 0 next=0x5b (chunk=2055)
[VT] ESC at 7 next=0x5b (chunk=2055)
[VT] ESC at 0 next=0x5b (chunk=7)
[VT] ESC at 11 next=0x5b (chunk=2055)
[VT] ESC at 14 next=0x5b (chunk=2055)
[VT] ESC at 19 next=0x5b (chunk=2055)
[VT] ESC at 23 next=0x5b (chunk=2055)
[VT] ESC at 28 next=0x5b (chunk=2055)
[VT] ESC at 0 next=0x5b (chunk=1086)
[VT] ESC at 49 next=0x5b (chunk=2055)
[VT] ESC at 4 next=0x5b (chunk=1086)
[VT] ESC at 86 next=0x5b (chunk=2055)
[VT] ESC at 8 next=0x5b (chunk=1086)
[VT] ESC at 123 next=0x5b (chunk=2055)
[VT] ESC at 146 next=0x5b (chunk=2055)
[VT] ESC at 34 next=0x5b (chunk=1086)
[VT] ESC at 157 next=0x5b (chunk=2055)
[VT] ESC at 0 next=0x5b (chunk=4)
[VT] ESC at 62 next=0x5b (chunk=1086)
[VT] ESC at 199 next=0x5b (chunk=2055)
[VT] ESC at 0 next=0x5b (chunk=8)
[VT] ESC at 70 next=0x5b (chunk=1086)
[VT] ESC at 202 next=0x5b (chunk=2055)
[VT] ESC at 206 next=0x5b (chunk=2055)
[VT] ESC at 211 next=0x5b (chunk=2055)
[VT] ESC at 248 next=0x5b (chunk=2055)
[VT] ESC at 285 next=0x5b (chunk=2055)
[VT] ESC at 322 next=0x5b (chunk=2055)
[VT] ESC at 359 next=0x5b (chunk=2055)
[VT] ESC at 75 next=0x5b (chunk=1086)
[VT] ESC at 396 next=0x5b (chunk=2055)
[VT] ESC at 80 next=0x5b (chunk=1086)
[VT] ESC at 431 next=0x5b (chunk=2055)
[VT] ESC at 95 next=0x5b (chunk=1086)
[VT] ESC at 100 next=0x5b (chunk=1086)
[VT] ESC at 105 next=0x5b (chunk=1086)
[VT] ESC at 133 next=0x5b (chunk=1086)
[VT] ESC at 137 next=0x5b (chunk=1086)
[VT] ESC at 161 next=0x5b (chunk=1086)
[VT] ESC at 189 next=0x5b (chunk=1086)
[VT] ESC at 200 next=0x5b (chunk=1086)
[VT] ESC at 205 next=0x5b (chunk=1086)
[VT] ESC at 249 next=0x5b (chunk=1086)
[VT] ESC at 253 next=0x5b (chunk=1086)
[VT] ESC at 288 next=0x5b (chunk=1086)
[VT] ESC at 293 next=0x5b (chunk=1086)
[VT] ESC at 441 next=0x5b (chunk=2055)
[VT] ESC at 324 next=0x5b (chunk=1086)
[VT] ESC at 498 next=0x5b (chunk=2055)
[VT] ESC at 329 next=0x5b (chunk=1086)
[VT] ESC at 501 next=0x5b (chunk=2055)
[VT] ESC at 640 next=0x5b (chunk=1086)
[VT] ESC at 505 next=0x5b (chunk=2055)
[VT] ESC at 644 next=0x5b (chunk=1086)
[VT] ESC at 510 next=0x5b (chunk=2055)
[VT] ESC at 654 next=0x5b (chunk=1086)
[VT] ESC at 547 next=0x5b (chunk=2055)
[VT] ESC at 687 next=0x5b (chunk=1086)
[VT] ESC at 584 next=0x5b (chunk=2055)
[VT] ESC at 691 next=0x5b (chunk=1086)
[VT] ESC at 621 next=0x5b (chunk=2055)
[VT] ESC at 696 next=0x5b (chunk=1086)
[VT] ESC at 1007 next=0x5b (chunk=1086)
[VT] ESC at 1011 next=0x5b (chunk=1086)
[VT] ESC at 667 next=0x5b (chunk=2055)
[VT] ESC at 1015 next=0x5b (chunk=1086)
[VT] ESC at 0 next=0x5b (chunk=4)
[VT] ESC at 705 next=0x5b (chunk=2055)
[VT] ESC at 1067 next=0x5b (chunk=1086)
[VT] ESC at 0 next=0x5b (chunk=7)
[VT] ESC at 743 next=0x5b (chunk=2055)
[VT] ESC at 1072 next=0x5b (chunk=1086)
[VT] ESC at 0 next=0x5b (chunk=3)
[VT] ESC at 1079 next=0x5b (chunk=1086)
[VT] ESC at 781 next=0x5b (chunk=2055)
[VT] ESC at 790 next=0x5b (chunk=2055)
[VT] ESC at 0 next=0x5b (chunk=4)
[VT] ESC at 834 next=0x5b (chunk=2055)
[VT] ESC at 0 next=0x5b (chunk=7)
55)
[VT] ESC at 0 next=0x5b (chunk=32)
[VT] ESC at 845 next=0x5b (chunk=2055)
[VT] ESC at 8 next=0x5b (chunk=32)
[VT] ESC at 867 next=0x5b (chunk=2055)
[VT] ESC at 904 next=0x5b (chunk=2055)
[VT] ESC at 16 next=0x5b (chunk=32)
[VT] ESC at 941 next=0x5b (chunk=2055)
[VT] ESC at 24 next=0x5b (chunk=32)
[VT] ESC at 948 next=0x5b (chunk=2055)
[VT] ESC at 985 next=0x5b (chunk=2055)
[VT] ESC at 1023 next=0x5b (chunk=2055)
[VT] ESC at 1048 next=0x5b (chunk=2055)
[VT] ESC at 1056 next=0x5b (chunk=2055)
[VT] ESC at 1091 next=0x5b (chunk=2055)
[VT] ESC at 1094 next=0x5b (chunk=2055)
[VT] ESC at 1101 next=0x5b (chunk=2055)
[VT] ESC at 1123 next=0x5b (chunk=2055)
[VT] ESC at 1162 next=0x5b (chunk=2055)
[VT] ESC at 1187 next=0x5b (chunk=2055)
[VT] ESC at 1196 next=0x5b (chunk=2055)
[VT] ESC at 1217 next=0x5b (chunk=2055)
[VT] ESC at 1254 next=0x5b (chunk=2055)
[VT] ESC at 1278 next=0x5b (chunk=2055)
[VT] ESC at 1281 next=0x5b (chunk=2055)
[VT] ESC at 1285 next=0x5b (chunk=2055)
[VT] ESC at 1290 next=0x5b (chunk=2055)
[VT] ESC at 1295 next=0x5b (chunk=2055)
[VT] ESC at 1597 next=0x5b (chunk=2055)
[VT] ESC at 1600 next=0x5b (chunk=2055)
[VT] ESC at 1605 next=0x5b (chunk=2055)
[VT] ESC at 1625 next=0x5b (chunk=2055)
[VT] ESC at 1628 next=0x5b (chunk=2055)
[VT] ESC at 1633 next=0x5b (chunk=2055)
[VT] ESC at 1935 next=0x5b (chunk=2055)
[VT] ESC at 1938 next=0x5b (chunk=2055)
[VT] ESC at 1943 next=0x5b (chunk=2055)
[VT] ESC at 1977 next=0x5b (chunk=2055)
[VT] ESC at 1980 next=0x5b (chunk=2055)
[VT] ESC at 1985 next=0x5b (chunk=2055)
[VT] ESC at 1990 next=0x5b (chunk=2055)
[VT] ESC at 2034 next=0x5b (chunk=2055)
[VT] ESC at 2037 next=0x5b (chunk=2055)
[VT] ESC at 2040 next=0x5b (chunk=2055)
[VT] ESC at 2044 next=0x5b (chunk=2055)
[VT] ESC at 2049 next=0x5b (chunk=2055)
[VT] ESC at 0 next=0x5b (chunk=114)
[VT] ESC at 6 next=0x5b (chunk=114)
[VT] ESC at 12 next=0x5b (chunk=114)
[VT] ESC at 16 next=0x5b (chunk=114)
[VT] ESC at 19 next=0x5b (chunk=114)
[VT] ESC at 53 next=0x5b (chunk=114)
[VT] ESC at 56 next=0x5b (chunk=114)
[VT] ESC at 61 next=0x5b (chunk=114)
[VT] ESC at 66 next=0x5b (chunk=114)
[VT] ESC at 110 next=0x5b (chunk=114)
[VT] ESC at 0 next=0x5b (chunk=1086)
[VT] ESC at 4 next=0x5b (chunk=1086)
[VT] ESC at 8 next=0x5b (chunk=1086)
[VT] ESC at 12 next=0x5b (chunk=1086)
[VT] ESC at 34 next=0x5b (chunk=1086)
[VT] ESC at 62 next=0x5b (chunk=1086)
[VT] ESC at 70 next=0x5b (chunk=1086)
[VT] ESC at 75 next=0x5b (chunk=1086)
[VT] ESC at 80 next=0x5b (chunk=1086)
[VT] ESC at 95 next=0x5b (chunk=1086)
[VT] ESC at 100 next=0x5b (chunk=1086)
[VT] ESC at 105 next=0x5b (chunk=1086)
[VT] ESC at 133 next=0x5b (chunk=1086)
[VT] ESC at 137 next=0x5b (chunk=1086)
[VT] ESC at 161 next=0x5b (chunk=1086)
[VT] ESC at 189 next=0x5b (chunk=1086)
[VT] ESC at 200 next=0x5b (chunk=1086)
[VT] ESC at 205 next=0x5b (chunk=1086)
[VT] ESC at 249 next=0x5b (chunk=1086)
[VT] ESC at 253 next=0x5b (chunk=1086)
[VT] ESC at 288 next=0x5b (chunk=1086)
[VT] ESC at 293 next=0x5b (chunk=1086)
[VT] ESC at 324 next=0x5b (chunk=1086)
[VT] ESC at 329 next=0x5b (chunk=1086)
[VT] ESC at 640 next=0x5b (chunk=1086)
[VT] ESC at 644 next=0x5b (chunk=1086)
[VT] ESC at 654 next=0x5b (chunk=1086)
[VT] ESC at 687 next=0x5b (chunk=1086)
[VT] ESC at 691 next=0x5b (chunk=1086)
[VT] ESC at 696 next=0x5b (chunk=1086)
[VT] ESC at 1007 next=0x5b (chunk=1086)
[VT] ESC at 1011 next=0x5b (chunk=1086)
[VT] ESC at 1015 next=0x5b (chunk=1086)
[VT] ESC at 1067 next=0x5b (chunk=1086)
[VT] ESC at 1072 next=0x5b (chunk=1086)
[VT] ESC at 1079 next=0x5b (chunk=1086)
[VT] ESC at 0 next=0x5b (chunk=5)
[VT] ESC at 0 next=0x5b (chunk=4096)
[VT] ESC at 8 next=0x5b (chunk=4096)
[VT] ESC at 14 next=0x5b (chunk=4096)
[VT] ESC at 20 next=0x5b (chunk=4096)
[VT] ESC at 39 next=0x5b (chunk=4096)
[VT] ESC at 152 next=0x5b (chunk=4096)
[VT] ESC at 158 next=0x5b (chunk=4096)
[VT] ESC at 177 next=0x5b (chunk=4096)
[VT] ESC at 290 next=0x5b (chunk=4096)
[VT] ESC at 296 next=0x5b (chunk=4096)
[VT] ESC at 315 next=0x5b (chunk=4096)
[VT] ESC at 428 next=0x5b (chunk=4096)
[VT] ESC at 434 next=0x5b (chunk=4096)
[VT] ESC at 453 next=0x5b (chunk=4096)
[VT] ESC at 566 next=0x5b (chunk=4096)
[VT] ESC at 572 next=0x5b (chunk=4096)
[VT] ESC at 591 next=0x5b (chunk=4096)
[VT] ESC at 704 next=0x5b (chunk=4096)
[VT] ESC at 710 next=0x5b (chunk=4096)
[VT] ESC at 729 next=0x5b (chunk=4096)
[VT] ESC at 842 next=0x5b (chunk=4096)
[VT] ESC at 848 next=0x5b (chunk=4096)
[VT] ESC at 867 next=0x5b (chunk=4096)
[VT] ESC at 980 next=0x5b (chunk=4096)
[VT] ESC at 986 next=0x5b (chunk=4096)
[VT] ESC at 1005 next=0x5b (chunk=4096)
[VT] ESC at 1118 next=0x5b (chunk=4096)
[VT] ESC at 1124 next=0x5b (chunk=4096)
[VT] ESC at 1143 next=0x5b (chunk=4096)
[VT] ESC at 1256 next=0x5b (chunk=4096)
[VT] ESC at 1263 next=0x5b (chunk=4096)
[VT] ESC at 1282 next=0x5b (chunk=4096)
[VT] ESC at 1395 next=0x5b (chunk=4096)
[VT] ESC at 1402 next=0x5b (chunk=4096)
[VT] ESC at 1421 next=0x5b (chunk=4096)
[VT] ESC at 1534 next=0x5b (chunk=4096)
[VT] ESC at 1541 next=0x5b (chunk=4096)
[VT] ESC at 1560 next=0x5b (chunk=4096)
[VT] ESC at 1673 next=0x5b (chunk=4096)
[VT] ESC at 1680 next=0x5b (chunk=4096)
[VT] ESC at 1699 next=0x5b (chunk=4096)
[VT] ESC at 1812 next=0x5b (chunk=4096)
[VT] ESC at 1819 next=0x5b (chunk=4096)
[VT] ESC at 1838 next=0x5b (chunk=4096)
[VT] ESC at 1951 next=0x5b (chunk=4096)
[VT] ESC at 1958 next=0x5b (chunk=4096)
[VT] ESC at 1977 next=0x5b (chunk=4096)
[VT] ESC at 2090 next=0x5b (chunk=4096)
[VT] ESC at 2097 next=0x5b (chunk=4096)
[VT] ESC at 2116 next=0x5b (chunk=4096)
[VT] ESC at 2229 next=0x5b (chunk=4096)
[VT] ESC at 2236 next=0x5b (chunk=4096)
[VT] ESC at 2255 next=0x5b (chunk=4096)
[VT] ESC at 2368 next=0x5b (chunk=4096)
[VT] ESC at 2375 next=0x5b (chunk=4096)
[VT] ESC at 2394 next=0x5b (chunk=4096)
[VT] ESC at 2507 next=0x5b (chunk=4096)
[VT] ESC at 2514 next=0x5b (chunk=4096)
[VT] ESC at 2533 next=0x5b (chunk=4096)
[VT] ESC at 2578 next=0x5b (chunk=4096)
[VT] ESC at 2582 next=0x5b (chunk=4096)
[VT] ESC at 2590 next=0x5b (chunk=4096)
[VT] ESC at 2609 next=0x5b (chunk=4096)
[VT] ESC at 2627 next=0x5b (chunk=4096)
[VT] ESC at 2631 next=0x5b (chunk=4096)
[VT] ESC at 2639 next=0x5b (chunk=4096)
[VT] ESC at 2658 next=0x5b (chunk=4096)
[VT] ESC at 2675 next=0x5b (chunk=4096)
[VT] ESC at 2679 next=0x5b (chunk=4096)
[VT] ESC at 2687 next=0x5b (chunk=4096)
[VT] ESC at 2706 next=0x5b (chunk=4096)
[VT] ESC at 2723 next=0x5b (chunk=4096)
[VT] ESC at 2727 next=0x5b (chunk=4096)
[VT] ESC at 2735 next=0x5b (chunk=4096)
[VT] ESC at 2754 next=0x5b (chunk=4096)
[VT] ESC at 2771 next=0x5b (chunk=4096)
[VT] ESC at 2775 next=0x5b (chunk=4096)
[VT] ESC at 2783 next=0x5b (chunk=4096)
[VT] ESC at 2802 next=0x5b (chunk=4096)
[VT] ESC at 2819 next=0x5b (chunk=4096)
[VT] ESC at 2823 next=0x5b (chunk=4096)
[VT] ESC at 2831 next=0x5b (chunk=4096)
[VT] ESC at 2850 next=0x5b (chunk=4096)
[VT] ESC at 2867 next=0x5b (chunk=4096)
[VT] ESC at 2871 next=0x5b (chunk=4096)
[VT] ESC at 2879 next=0x5b (chunk=4096)
[VT] ESC at 2898 next=0x5b (chunk=4096)
[VT] ESC at 2915 next=0x5b (chunk=4096)
[VT] ESC at 2919 next=0x5b (chunk=4096)
[VT] ESC at 2927 next=0x5b (chunk=4096)
[VT] ESC at 2946 next=0x5b (chunk=4096)
[VT] ESC at 2964 next=0x5b (chunk=4096)
[VT] ESC at 2968 next=0x5b (chunk=4096)
[VT] ESC at 2976 next=0x5b (chunk=4096)
[VT] ESC at 2995 next=0x5b (chunk=4096)
[VT] ESC at 3012 next=0x5b (chunk=4096)
[VT] ESC at 3016 next=0x5b (chunk=4096)
[VT] ESC at 3024 next=0x5b (chunk=4096)
[VT] ESC at 3043 next=0x5b (chunk=4096)
[VT] ESC at 3061 next=0x5b (chunk=4096)
[VT] ESC at 3065 next=0x5b (chunk=4096)
[VT] ESC at 3073 next=0x5b (chunk=4096)
[VT] ESC at 3092 next=0x5b (chunk=4096)
[VT] ESC at 3109 next=0x5b (chunk=4096)
[VT] ESC at 3113 next=0x5b (chunk=4096)
[VT] ESC at 3121 next=0x5b (chunk=4096)
[VT] ESC at 3140 next=0x5b (chunk=4096)
[VT] ESC at 3157 next=0x5b (chunk=4096)
[VT] ESC at 3161 next=0x5b (chunk=4096)
[VT] ESC at 3169 next=0x5b (chunk=4096)
[VT] ESC at 3188 next=0x5b (chunk=4096)
[VT] ESC at 3205 next=0x5b (chunk=4096)
[VT] ESC at 3209 next=0x5b (chunk=4096)
[VT] ESC at 3217 next=0x5b (chunk=4096)
[VT] ESC at 3236 next=0x5b (chunk=4096)
[VT] ESC at 3253 next=0x5b (chunk=4096)
[VT] ESC at 3257 next=0x5b (chunk=4096)
[VT] ESC at 3265 next=0x5b (chunk=4096)
[VT] ESC at 3284 next=0x5b (chunk=4096)
[VT] ESC at 3301 next=0x5b (chunk=4096)
[VT] ESC at 3305 next=0x5b (chunk=4096)
[VT] ESC at 3313 next=0x5b (chunk=4096)
[VT] ESC at 3332 next=0x5b (chunk=4096)
[VT] ESC at 3349 next=0x5b (chunk=4096)
[VT] ESC at 3353 next=0x5b (chunk=4096)
[VT] ESC at 3361 next=0x5b (chunk=4096)
[VT] ESC at 3380 next=0x5b (chunk=4096)
[VT] ESC at 3397 next=0x5b (chunk=4096)
[VT] ESC at 3401 next=0x5b (chunk=4096)
[VT] ESC at 3409 next=0x5b (chunk=4096)
[VT] ESC at 3428 next=0x5b (chunk=4096)
[VT] ESC at 3444 next=0x5b (chunk=4096)
[VT] ESC at 3449 next=0x5b (chunk=4096)
[VT] ESC at 3453 next=0x5b (chunk=4096)
[VT] ESC at 3461 next=0x5b (chunk=4096)
[VT] ESC at 3480 next=0x5b (chunk=4096)
[VT] ESC at 3496 next=0x5b (chunk=4096)
[VT] ESC at 3502 next=0x5b (chunk=4096)
[VT] ESC at 3506 next=0x5b (chunk=4096)
[VT] ESC at 3514 next=0x5b (chunk=4096)
[VT] ESC at 3533 next=0x5b (chunk=4096)
[VT] ESC at 3549 next=0x5b (chunk=4096)
[VT] ESC at 3554 next=0x5b (chunk=4096)
[VT] ESC at 3558 next=0x5b (chunk=4096)
[VT] ESC at 3566 next=0x5b (chunk=4096)
[VT] ESC at 3585 next=0x5b (chunk=4096)
[VT] ESC at 3601 next=0x5b (chunk=4096)
[VT] ESC at 3606 next=0x5b (chunk=4096)
[VT] ESC at 3610 next=0x5b (chunk=4096)
[VT] ESC at 3618 next=0x5b (chunk=4096)
[VT] ESC at 3637 next=0x5b (chunk=4096)
[VT] ESC at 3653 next=0x5b (chunk=4096)
[VT] ESC at 3658 next=0x5b (chunk=4096)
[VT] ESC at 3662 next=0x5b (chunk=4096)
[VT] ESC at 3670 next=0x5b (chunk=4096)
[VT] ESC at 3689 next=0x5b (chunk=4096)
[VT] ESC at 3705 next=0x5b (chunk=4096)
[VT] ESC at 3712 next=0x5b (chunk=4096)
[VT] ESC at 3716 next=0x5b (chunk=4096)
[VT] ESC at 3724 next=0x5b (chunk=4096)
[VT] ESC at 3743 next=0x5b (chunk=4096)
[VT] ESC at 3759 next=0x5b (chunk=4096)
[VT] ESC at 3764 next=0x5b (chunk=4096)
[VT] ESC at 3768 next=0x5b (chunk=4096)
[VT] ESC at 3776 next=0x5b (chunk=4096)
[VT] ESC at 3795 next=0x5b (chunk=4096)
[VT] ESC at 3811 next=0x5b (chunk=4096)
[VT] ESC at 3816 next=0x5b (chunk=4096)
[VT] ESC at 3820 next=0x5b (chunk=4096)
[VT] ESC at 3828 next=0x5b (chunk=4096)
[VT] ESC at 3847 next=0x5b (chunk=4096)
[VT] ESC at 3863 next=0x5b (chunk=4096)
[VT] ESC at 3868 next=0x5b (chunk=4096)
[VT] ESC at 3872 next=0x5b (chunk=4096)
[VT] ESC at 3880 next=0x5b (chunk=4096)
[VT] ESC at 3899 next=0x5b (chunk=4096)
[VT] ESC at 3915 next=0x5b (chunk=4096)
[VT] ESC at 3920 next=0x5b (chunk=4096)
[VT] ESC at 3924 next=0x5b (chunk=4096)
[VT] ESC at 3932 next=0x5b (chunk=4096)
[VT] ESC at 3951 next=0x5b (chunk=4096)
[VT] ESC at 3967 next=0x5b (chunk=4096)
[VT] ESC at 3974 next=0x5b (chunk=4096)
[VT] ESC at 3978 next=0x5b (chunk=4096)
[VT] ESC at 3986 next=0x5b (chunk=4096)
[VT] ESC at 4005 next=0x5b (chunk=4096)
[VT] ESC at 4021 next=0x5b (chunk=4096)
[VT] ESC at 4026 next=0x5b (chunk=4096)
[VT] ESC at 4030 next=0x5b (chunk=4096)
[VT] ESC at 4038 next=0x5b (chunk=4096)
[VT] ESC at 4057 next=0x5b (chunk=4096)
[VT] ESC at 4073 next=0x5b (chunk=4096)
[VT] ESC at 4078 next=0x5b (chunk=4096)
[VT] ESC at 4082 next=0x5b (chunk=4096)
[VT] ESC at 4090 next=0x5b (chunk=4096)
[VT] ESC at 13 next=0x5b (chunk=4096)
[VT] ESC at 29 next=0x5b (chunk=4096)
[VT] ESC at 34 next=0x5b (chunk=4096)
[VT] ESC at 38 next=0x5b (chunk=4096)
[VT] ESC at 46 next=0x5b (chunk=4096)
[VT] ESC at 65 next=0x5b (chunk=4096)
[VT] ESC at 81 next=0x5b (chunk=4096)
[VT] ESC at 86 next=0x5b (chunk=4096)
[VT] ESC at 90 next=0x5b (chunk=4096)
[VT] ESC at 98 next=0x5b (chunk=4096)
[VT] ESC at 117 next=0x5b (chunk=4096)
[VT] ESC at 133 next=0x5b (chunk=4096)
[VT] ESC at 138 next=0x5b (chunk=4096)
[VT] ESC at 142 next=0x5b (chunk=4096)
[VT] ESC at 150 next=0x5b (chunk=4096)
[VT] ESC at 169 next=0x5b (chunk=4096)
[VT] ESC at 214 next=0x5b (chunk=4096)
[VT] ESC at 221 next=0x5b (chunk=4096)
[VT] ESC at 240 next=0x5b (chunk=4096)
[VT] ESC at 285 next=0x5b (chunk=4096)
[VT] ESC at 289 next=0x5b (chunk=4096)
[VT] ESC at 297 next=0x5b (chunk=4096)
[VT] ESC at 316 next=0x5b (chunk=4096)
[VT] ESC at 338 next=0x5b (chunk=4096)
[VT] ESC at 342 next=0x5b (chunk=4096)
[VT] ESC at 350 next=0x5b (chunk=4096)
[VT] ESC at 369 next=0x5b (chunk=4096)
[VT] ESC at 391 next=0x5b (chunk=4096)
[VT] ESC at 395 next=0x5b (chunk=4096)
[VT] ESC at 403 next=0x5b (chunk=4096)
[VT] ESC at 422 next=0x5b (chunk=4096)
[VT] ESC at 444 next=0x5b (chunk=4096)
[VT] ESC at 448 next=0x5b (chunk=4096)
[VT] ESC at 456 next=0x5b (chunk=4096)
[VT] ESC at 475 next=0x5b (chunk=4096)
[VT] ESC at 492 next=0x5b (chunk=4096)
[VT] ESC at 496 next=0x5b (chunk=4096)
[VT] ESC at 504 next=0x5b (chunk=4096)
[VT] ESC at 523 next=0x5b (chunk=4096)
[VT] ESC at 545 next=0x5b (chunk=4096)
[VT] ESC at 549 next=0x5b (chunk=4096)
[VT] ESC at 557 next=0x5b (chunk=4096)
[VT] ESC at 576 next=0x5b (chunk=4096)
[VT] ESC at 595 next=0x5b (chunk=4096)
[VT] ESC at 599 next=0x5b (chunk=4096)
[VT] ESC at 607 next=0x5b (chunk=4096)
[VT] ESC at 626 next=0x5b (chunk=4096)
[VT] ESC at 645 next=0x5b (chunk=4096)
[VT] ESC at 649 next=0x5b (chunk=4096)
[VT] ESC at 657 next=0x5b (chunk=4096)
[VT] ESC at 676 next=0x5b (chunk=4096)
[VT] ESC at 0 next=0x5b (chunk=11)
[VT] ESC at 698 next=0x5b (chunk=4096)
[VT] ESC at 4 next=0x5b (chunk=11)
[VT] ESC at 702 next=0x5b (chunk=4096)
[VT] ESC at 8 next=0x5b (chunk=11)
[VT] ESC at 710 next=0x5b (chunk=4096)
[VT] ESC at 729 next=0x5b (chunk=4096)
[VT] ESC at 746 next=0x5b (chunk=4096)
[VT] ESC at 8 next=0x5b (chunk=2074)
[VT] ESC at 750 next=0x5b (chunk=4096)
[VT] ESC at 15 next=0x5b (chunk=2074)
[VT] ESC at 758 next=0x5b (chunk=4096)
[VT] ESC at 22 next=0x5b (chunk=2074)
[VT] ESC at 777 next=0x5b (chunk=4096)
[VT] ESC at 26 next=0x5b (chunk=2074)
[VT] ESC at 799 next=0x5b (chunk=4096)
[VT] ESC at 31 next=0x5b (chunk=2074)
[VT] ESC at 803 next=0x5b (chunk=4096)
[VT] ESC at 35 next=0x5b (chunk=2074)
[VT] ESC at 811 next=0x5b (chunk=4096)
[VT] ESC at 830 next=0x5b (chunk=4096)
[VT] ESC at 849 next=0x5b (chunk=4096)
[VT] ESC at 44 next=0x5b (chunk=2074)
[VT] ESC at 853 next=0x5b (chunk=4096)
[VT] ESC at 65 next=0x5b (chunk=2074)
[VT] ESC at 861 next=0x5b (chunk=4096)
[VT] ESC at 102 next=0x5b (chunk=2074)
[VT] ESC at 880 next=0x5b (chunk=4096)
[VT] ESC at 139 next=0x5b (chunk=2074)
[VT] ESC at 899 next=0x5b (chunk=4096)
[VT] ESC at 162 next=0x5b (chunk=2074)
[VT] ESC at 903 next=0x5b (chunk=4096)
[VT] ESC at 173 next=0x5b (chunk=2074)
[VT] ESC at 911 next=0x5b (chunk=4096)
[VT] ESC at 215 next=0x5b (chunk=2074)
[VT] ESC at 930 next=0x5b (chunk=4096)
[VT] ESC at 218 next=0x5b (chunk=2074)
[VT] ESC at 952 next=0x5b (chunk=4096)
[VT] ESC at 222 next=0x5b (chunk=2074)
[VT] ESC at 956 next=0x5b (chunk=4096)
[VT] ESC at 227 next=0x5b (chunk=2074)
[VT] ESC at 964 next=0x5b (chunk=4096)
[VT] ESC at 232 next=0x5b (chunk=2074)
[VT] ESC at 983 next=0x5b (chunk=4096)
[VT] ESC at 269 next=0x5b (chunk=2074)
[VT] ESC at 1000 next=0x5b (chunk=4096)
[VT] ESC at 306 next=0x5b (chunk=2074)
[VT] ESC at 1004 next=0x5b (chunk=4096)
[VT] ESC at 343 next=0x5b (chunk=2074)
[VT] ESC at 1012 next=0x5b (chunk=4096)
[VT] ESC at 380 next=0x5b (chunk=2074)
[VT] ESC at 1031 next=0x5b (chunk=4096)
[VT] ESC at 417 next=0x5b (chunk=2074)
[VT] ESC at 1053 next=0x5b (chunk=4096)
[VT] ESC at 452 next=0x5b (chunk=2074)
[VT] ESC at 1057 next=0x5b (chunk=4096)
[VT] ESC at 462 next=0x5b (chunk=2074)
[VT] ESC at 1065 next=0x5b (chunk=4096)
[VT] ESC at 519 next=0x5b (chunk=2074)
[VT] ESC at 1084 next=0x5b (chunk=4096)
[VT] ESC at 522 next=0x5b (chunk=2074)
[VT] ESC at 1103 next=0x5b (chunk=4096)
[VT] ESC at 531 next=0x5b (chunk=2074)
[VT] ESC at 1107 next=0x5b (chunk=4096)
[VT] ESC at 568 next=0x5b (chunk=2074)
[VT] ESC at 1115 next=0x5b (chunk=4096)
[VT] ESC at 605 next=0x5b (chunk=2074)
[VT] ESC at 1134 next=0x5b (chunk=4096)
[VT] ESC at 642 next=0x5b (chunk=2074)
[VT] ESC at 1153 next=0x5b (chunk=4096)
[VT] ESC at 666 next=0x5b (chunk=2074)
[VT] ESC at 1157 next=0x5b (chunk=4096)
[VT] ESC at 688 next=0x5b (chunk=2074)
[VT] ESC at 1165 next=0x5b (chunk=4096)
[VT] ESC at 726 next=0x5b (chunk=2074)
[VT] ESC at 1184 next=0x5b (chunk=4096)
[VT] ESC at 764 next=0x5b (chunk=2074)
[VT] ESC at 1203 next=0x5b (chunk=4096)
[VT] ESC at 802 next=0x5b (chunk=2074)
[VT] ESC at 1207 next=0x5b (chunk=4096)
[VT] ESC at 811 next=0x5b (chunk=2074)
[VT] ESC at 1215 next=0x5b (chunk=4096)
[VT] ESC at 855 next=0x5b (chunk=2074)
[VT] ESC at 1234 next=0x5b (chunk=4096)
[VT] ESC at 858 next=0x5b (chunk=2074)
[VT] ESC at 1251 next=0x5b (chunk=4096)
[VT] ESC at 866 next=0x5b (chunk=2074)
[VT] ESC at 888 next=0x5b (chunk=2074)

[VT] ESC at 925 next=0x5b (chunk=2074)
[VT] ESC at 1263 next=0x5b (chunk=4096)
[VT] ESC at 962 next=0x5b (chunk=2074)
[VT] ESC at 1282 next=0x5b (chunk=4096)
[VT] ESC at 969 next=0x5b (chunk=2074)
[VT] ESC at 1301 next=0x5b (chunk=4096)
[VT] ESC at 1006 next=0x5b (chunk=2074)
[VT] ESC at 1308 next=0x5b (chunk=4096)
[VT] ESC at 1044 next=0x5b (chunk=2074)
[VT] ESC at 1312 next=0x5b (chunk=4096)
[VT] ESC at 1069 next=0x5b (chunk=2074)
[VT] ESC at 1320 next=0x5b (chunk=4096)
[VT] ESC at 1077 next=0x5b (chunk=2074)
[VT] ESC at 1339 next=0x5b (chunk=4096)
[VT] ESC at 1112 next=0x5b (chunk=2074)
[VT] ESC at 1355 next=0x5b (chunk=4096)
[VT] ESC at 1115 next=0x5b (chunk=2074)
[VT] ESC at 1362 next=0x5b (chunk=4096)
[VT] ESC at 1122 next=0x5b (chunk=2074)
[VT] ESC at 1366 next=0x5b (chunk=4096)
[VT] ESC at 1144 next=0x5b (chunk=2074)
[VT] ESC at 1374 next=0x5b (chunk=4096)
[VT] ESC at 1183 next=0x5b (chunk=2074)
[VT] ESC at 1393 next=0x5b (chunk=4096)
[VT] ESC at 1208 next=0x5b (chunk=2074)
[VT] ESC at 1409 next=0x5b (chunk=4096)
[VT] ESC at 1217 next=0x5b (chunk=2074)
[VT] ESC at 1416 next=0x5b (chunk=4096)
[VT] ESC at 1238 next=0x5b (chunk=2074)
[VT] ESC at 1420 next=0x5b (chunk=4096)
[VT] ESC at 1275 next=0x5b (chunk=2074)
[VT] ESC at 1428 next=0x5b (chunk=4096)
[VT] ESC at 1299 next=0x5b (chunk=2074)
[VT] ESC at 1447 next=0x5b (chunk=4096)
[VT] ESC at 1302 next=0x5b (chunk=2074)
[VT] ESC at 1463 next=0x5b (chunk=4096)
[VT] ESC at 1307 next=0x5b (chunk=2074)
[VT] ESC at 1470 next=0x5b (chunk=4096)
[VT] ESC at 1311 next=0x5b (chunk=2074)
[VT] ESC at 1474 next=0x5b (chunk=4096)
[VT] ESC at 1619 next=0x5b (chunk=2074)
[VT] ESC at 1482 next=0x5b (chunk=4096)
[VT] ESC at 1624 next=0x5b (chunk=2074)
[VT] ESC at 1501 next=0x5b (chunk=4096)
[VT] ESC at 1644 next=0x5b (chunk=2074)
[VT] ESC at 1517 next=0x5b (chunk=4096)
[VT] ESC at 1647 next=0x5b (chunk=2074)
[VT] ESC at 1522 next=0x5b (chunk=4096)
[VT] ESC at 1652 next=0x5b (chunk=2074)
[VT] ESC at 1526 next=0x5b (chunk=4096)
[VT] ESC at 1960 next=0x5b (chunk=2074)
[VT] ESC at 1534 next=0x5b (chunk=4096)
[VT] ESC at 1965 next=0x5b (chunk=2074)
[VT] ESC at 1553 next=0x5b (chunk=4096)
[VT] ESC at 1999 next=0x5b (chunk=2074)
[VT] ESC at 1572 next=0x5b (chunk=4096)
[VT] ESC at 2002 next=0x5b (chunk=2074)
[VT] ESC at 1579 next=0x5b (chunk=4096)
[VT] ESC at 2007 next=0x5b (chunk=2074)
[VT] ESC at 1583 next=0x5b (chunk=4096)
[VT] ESC at 2012 next=0x5b (chunk=2074)
[VT] ESC at 1591 next=0x5b (chunk=4096)
[VT] ESC at 2056 next=0x5b (chunk=2074)
[VT] ESC at 1610 next=0x5b (chunk=4096)
[VT] ESC at 2060 next=0x5b (chunk=2074)
[VT] ESC at 1626 next=0x5b (chunk=4096)
[VT] ESC at 2064 next=0x5b (chunk=2074)
[VT] ESC at 1633 next=0x5b (chunk=4096)
[VT] ESC at 2068 next=0x5b (chunk=2074)
[VT] ESC at 1637 next=0x5b (chunk=4096)
[VT] ESC at 1645 next=0x5b (chunk=4096)
[VT] ESC at 1664 next=0x5b (chunk=4096)
[VT] ESC at 1680 next=0x5b (chunk=4096)
[VT] ESC at 1687 next=0x5b (chunk=4096)
[VT] ESC at 1691 next=0x5b (chunk=4096)
[VT] ESC at 1699 next=0x5b (chunk=4096)
[VT] ESC at 1718 next=0x5b (chunk=4096)
[VT] ESC at 1737 next=0x5b (chunk=4096)
[VT] ESC at 1744 next=0x5b (chunk=4096)
[VT] ESC at 1748 next=0x5b (chunk=4096)
[VT] ESC at 1756 next=0x5b (chunk=4096)
[VT] ESC at 1775 next=0x5b (chunk=4096)
[VT] ESC at 1791 next=0x5b (chunk=4096)
[VT] ESC at 1796 next=0x5b (chunk=4096)
[VT] ESC at 1800 next=0x5b (chunk=4096)
[VT] ESC at 1808 next=0x5b (chunk=4096)
[VT] ESC at 1827 next=0x5b (chunk=4096)
[VT] ESC at 1846 next=0x5b (chunk=4096)
[VT] ESC at 1853 next=0x5b (chunk=4096)
[VT] ESC at 1857 next=0x5b (chunk=4096)
[VT] ESC at 1865 next=0x5b (chunk=4096)
[VT] ESC at 1884 next=0x5b (chunk=4096)
[VT] ESC at 1900 next=0x5b (chunk=4096)
[VT] ESC at 1910 next=0x5b (chunk=4096)
[VT] ESC at 1914 next=0x5b (chunk=4096)
[VT] ESC at 1922 next=0x5b (chunk=4096)
[VT] ESC at 1941 next=0x5b (chunk=4096)
[VT] ESC at 1960 next=0x5b (chunk=4096)
[VT] ESC at 1967 next=0x5b (chunk=4096)
[VT] ESC at 1971 next=0x5b (chunk=4096)
[VT] ESC at 1979 next=0x5b (chunk=4096)
[VT] ESC at 1998 next=0x5b (chunk=4096)
[VT] ESC at 2014 next=0x5b (chunk=4096)
[VT] ESC at 2019 next=0x5b (chunk=4096)
[VT] ESC at 2023 next=0x5b (chunk=4096)
[VT] ESC at 2031 next=0x5b (chunk=4096)
[VT] ESC at 2050 next=0x5b (chunk=4096)
[VT] ESC at 2069 next=0x5b (chunk=4096)
[VT] ESC at 2076 next=0x5b (chunk=4096)
[VT] ESC at 2080 next=0x5b (chunk=4096)
[VT] ESC at 2088 next=0x5b (chunk=4096)
[VT] ESC at 2107 next=0x5b (chunk=4096)
[VT] ESC at 2123 next=0x5b (chunk=4096)
[VT] ESC at 2130 next=0x5b (chunk=4096)
[VT] ESC at 2134 next=0x5b (chunk=4096)
[VT] ESC at 2142 next=0x5b (chunk=4096)
[VT] ESC at 2161 next=0x5b (chunk=4096)
[VT] ESC at 2177 next=0x5b (chunk=4096)
[VT] ESC at 2184 next=0x5b (chunk=4096)
[VT] ESC at 2188 next=0x5b (chunk=4096)
[VT] ESC at 2196 next=0x5b (chunk=4096)
[VT] ESC at 2215 next=0x5b (chunk=4096)
[VT] ESC at 2234 next=0x5b (chunk=4096)
[VT] ESC at 2241 next=0x5b (chunk=4096)
[VT] ESC at 2245 next=0x5b (chunk=4096)
[VT] ESC at 2253 next=0x5b (chunk=4096)
[VT] ESC at 2272 next=0x5b (chunk=4096)
[VT] ESC at 2317 next=0x5b (chunk=4096)
[VT] ESC at 2324 next=0x5b (chunk=4096)
[VT] ESC at 2343 next=0x5b (chunk=4096)
[VT] ESC at 2388 next=0x5b (chunk=4096)
[VT] ESC at 2392 next=0x5b (chunk=4096)
[VT] ESC at 2400 next=0x5b (chunk=4096)
[VT] ESC at 2419 next=0x5b (chunk=4096)
[VT] ESC at 2441 next=0x5b (chunk=4096)
[VT] ESC at 2445 next=0x5b (chunk=4096)
[VT] ESC at 2453 next=0x5b (chunk=4096)
[VT] ESC at 2472 next=0x5b (chunk=4096)
[VT] ESC at 2489 next=0x5b (chunk=4096)
[VT] ESC at 2493 next=0x5b (chunk=4096)
[VT] ESC at 2501 next=0x5b (chunk=4096)
[VT] ESC at 2520 next=0x5b (chunk=4096)
[VT] ESC at 2537 next=0x5b (chunk=4096)
[VT] ESC at 2541 next=0x5b (chunk=4096)
[VT] ESC at 2549 next=0x5b (chunk=4096)
[VT] ESC at 2568 next=0x5b (chunk=4096)
[VT] ESC at 2590 next=0x5b (chunk=4096)
[VT] ESC at 2594 next=0x5b (chunk=4096)
[VT] ESC at 2602 next=0x5b (chunk=4096)
[VT] ESC at 2621 next=0x5b (chunk=4096)
[VT] ESC at 2638 next=0x5b (chunk=4096)
[VT] ESC at 2642 next=0x5b (chunk=4096)
[VT] ESC at 2650 next=0x5b (chunk=4096)
[VT] ESC at 2669 next=0x5b (chunk=4096)
[VT] ESC at 2691 next=0x5b (chunk=4096)
[VT] ESC at 2695 next=0x5b (chunk=4096)
[VT] ESC at 2703 next=0x5b (chunk=4096)
[VT] ESC at 2722 next=0x5b (chunk=4096)
[VT] ESC at 2740 next=0x5b (chunk=4096)
[VT] ESC at 2744 next=0x5b (chunk=4096)
[VT] ESC at 2752 next=0x5b (chunk=4096)
[VT] ESC at 2771 next=0x5b (chunk=4096)
[VT] ESC at 2793 next=0x5b (chunk=4096)
[VT] ESC at 2797 next=0x5b (chunk=4096)
[VT] ESC at 2805 next=0x5b (chunk=4096)
[VT] ESC at 2824 next=0x5b (chunk=4096)
[VT] ESC at 2841 next=0x5b (chunk=4096)
[VT] ESC at 2845 next=0x5b (chunk=4096)
[VT] ESC at 2853 next=0x5b (chunk=4096)
[VT] ESC at 2872 next=0x5b (chunk=4096)
[VT] ESC at 2894 next=0x5b (chunk=4096)
[VT] ESC at 2898 next=0x5b (chunk=4096)
[VT] ESC at 2906 next=0x5b (chunk=4096)
[VT] ESC at 2925 next=0x5b (chunk=4096)
[VT] ESC at 2950 next=0x5b (chunk=4096)
[VT] ESC at 2954 next=0x5b (chunk=4096)
[VT] ESC at 2962 next=0x5b (chunk=4096)
[VT] ESC at 2981 next=0x5b (chunk=4096)
[VT] ESC at 2998 next=0x5b (chunk=4096)
[VT] ESC at 3002 next=0x5b (chunk=4096)
[VT] ESC at 3010 next=0x5b (chunk=4096)
[VT] ESC at 3029 next=0x5b (chunk=4096)
[VT] ESC at 3051 next=0x5b (chunk=4096)
[VT] ESC at 3055 next=0x5b (chunk=4096)
[VT] ESC at 3063 next=0x5b (chunk=4096)
[VT] ESC at 3082 next=0x5b (chunk=4096)
[VT] ESC at 3100 next=0x5b (chunk=4096)
[VT] ESC at 3104 next=0x5b (chunk=4096)
[VT] ESC at 3112 next=0x5b (chunk=4096)
[VT] ESC at 3131 next=0x5b (chunk=4096)
[VT] ESC at 3153 next=0x5b (chunk=4096)
[VT] ESC at 3157 next=0x5b (chunk=4096)
[VT] ESC at 3165 next=0x5b (chunk=4096)
[VT] ESC at 3184 next=0x5b (chunk=4096)
[VT] ESC at 3201 next=0x5b (chunk=4096)
[VT] ESC at 3205 next=0x5b (chunk=4096)
[VT] ESC at 3213 next=0x5b (chunk=4096)
[VT] ESC at 3232 next=0x5b (chunk=4096)
[VT] ESC at 3251 next=0x5b (chunk=4096)
[VT] ESC at 3258 next=0x5b (chunk=4096)
[VT] ESC at 3262 next=0x5b (chunk=4096)
[VT] ESC at 3270 next=0x5b (chunk=4096)
[VT] ESC at 3289 next=0x5b (chunk=4096)
[VT] ESC at 3305 next=0x5b (chunk=4096)
[VT] ESC at 3312 next=0x5b (chunk=4096)
[VT] ESC at 3316 next=0x5b (chunk=4096)
[VT] ESC at 3324 next=0x5b (chunk=4096)
[VT] ESC at 3343 next=0x5b (chunk=4096)
[VT] ESC at 3359 next=0x5b (chunk=4096)
[VT] ESC at 3364 next=0x5b (chunk=4096)
[VT] ESC at 3368 next=0x5b (chunk=4096)
[VT] ESC at 3376 next=0x5b (chunk=4096)
[VT] ESC at 3395 next=0x5b (chunk=4096)
[VT] ESC at 3414 next=0x5b (chunk=4096)
[VT] ESC at 3421 next=0x5b (chunk=4096)
[VT] ESC at 3425 next=0x5b (chunk=4096)
[VT] ESC at 3433 next=0x5b (chunk=4096)
[VT] ESC at 3452 next=0x5b (chunk=4096)
[VT] ESC at 3468 next=0x5b (chunk=4096)
[VT] ESC at 3474 next=0x5b (chunk=4096)
[VT] ESC at 3478 next=0x5b (chunk=4096)
[VT] ESC at 3486 next=0x5b (chunk=4096)
[VT] ESC at 3505 next=0x5b (chunk=4096)
[VT] ESC at 3524 next=0x5b (chunk=4096)
[VT] ESC at 3531 next=0x5b (chunk=4096)
[VT] ESC at 3535 next=0x5b (chunk=4096)
[VT] ESC at 3543 next=0x5b (chunk=4096)
[VT] ESC at 3562 next=0x5b (chunk=4096)
[VT] ESC at 3578 next=0x5b (chunk=4096)
[VT] ESC at 3583 next=0x5b (chunk=4096)
[VT] ESC at 3587 next=0x5b (chunk=4096)
[VT] ESC at 3595 next=0x5b (chunk=4096)
[VT] ESC at 3614 next=0x5b (chunk=4096)
[VT] ESC at 3633 next=0x5b (chunk=4096)
[VT] ESC at 3640 next=0x5b (chunk=4096)
[VT] ESC at 3644 next=0x5b (chunk=4096)
[VT] ESC at 3652 next=0x5b (chunk=4096)
[VT] ESC at 3671 next=0x5b (chunk=4096)
[VT] ESC at 3687 next=0x5b (chunk=4096)
[VT] ESC at 3693 next=0x5b (chunk=4096)
[VT] ESC at 3697 next=0x5b (chunk=4096)
[VT] ESC at 3705 next=0x5b (chunk=4096)
[VT] ESC at 3724 next=0x5b (chunk=4096)
[VT] ESC at 3743 next=0x5b (chunk=4096)
[VT] ESC at 3750 next=0x5b (chunk=4096)
[VT] ESC at 3754 next=0x5b (chunk=4096)
[VT] ESC at 3762 next=0x5b (chunk=4096)
[VT] ESC at 3781 next=0x5b (chunk=4096)
[VT] ESC at 3797 next=0x5b (chunk=4096)
[VT] ESC at 3802 next=0x5b (chunk=4096)
[VT] ESC at 3806 next=0x5b (chunk=4096)
[VT] ESC at 3814 next=0x5b (chunk=4096)
[VT] ESC at 3833 next=0x5b (chunk=4096)
[VT] ESC at 3852 next=0x5b (chunk=4096)
[VT] ESC at 3859 next=0x5b (chunk=4096)
[VT] ESC at 3863 next=0x5b (chunk=4096)
[VT] ESC at 3871 next=0x5b (chunk=4096)
[VT] ESC at 3890 next=0x5b (chunk=4096)
[VT] ESC at 3906 next=0x5b (chunk=4096)
[VT] ESC at 3919 next=0x5b (chunk=4096)
[VT] ESC at 3923 next=0x5b (chunk=4096)
[VT] ESC at 3931 next=0x5b (chunk=4096)
[VT] ESC at 3950 next=0x5b (chunk=4096)
[VT] ESC at 3995 next=0x5b (chunk=4096)
[VT] ESC at 4002 next=0x5b (chunk=4096)
[VT] ESC at 4021 next=0x5b (chunk=4096)
[VT] ESC at 4066 next=0x5b (chunk=4096)
[VT] ESC at 4070 next=0x5b (chunk=4096)
[VT] ESC at 4078 next=0x5b (chunk=4096)
[VT] ESC at 1 next=0x5b (chunk=4096)
[VT] ESC at 30 next=0x5b (chunk=4096)
[VT] ESC at 34 next=0x5b (chunk=4096)
[VT] ESC at 42 next=0x5b (chunk=4096)
[VT] ESC at 61 next=0x5b (chunk=4096)
[VT] ESC at 83 next=0x5b (chunk=4096)
[VT] ESC at 87 next=0x5b (chunk=4096)
[VT] ESC at 95 next=0x5b (chunk=4096)
[VT] ESC at 114 next=0x5b (chunk=4096)
[VT] ESC at 156 next=0x5b (chunk=4096)
[VT] ESC at 160 next=0x5b (chunk=4096)
[VT] ESC at 168 next=0x5b (chunk=4096)
[VT] ESC at 184 next=0x5b (chunk=4096)
[VT] ESC at 206 next=0x5b (chunk=4096)
[VT] ESC at 210 next=0x5b (chunk=4096)
[VT] ESC at 218 next=0x5b (chunk=4096)
[VT] ESC at 237 next=0x5b (chunk=4096)
[VT] ESC at 256 next=0x5b (chunk=4096)
[VT] ESC at 260 next=0x5b (chunk=4096)
[VT] ESC at 268 next=0x5b (chunk=4096)
[VT] ESC at 287 next=0x5b (chunk=4096)
[VT] ESC at 304 next=0x5b (chunk=4096)
[VT] ESC at 308 next=0x5b (chunk=4096)
[VT] ESC at 316 next=0x5b (chunk=4096)
[VT] ESC at 335 next=0x5b (chunk=4096)
[VT] ESC at 351 next=0x5b (chunk=4096)
[VT] ESC at 380 next=0x5b (chunk=4096)
[VT] ESC at 384 next=0x5b (chunk=4096)
[VT] ESC at 392 next=0x5b (chunk=4096)
[VT] ESC at 411 next=0x5b (chunk=4096)
[VT] ESC at 427 next=0x5b (chunk=4096)
[VT] ESC at 432 next=0x5b (chunk=4096)
[VT] ESC at 436 next=0x5b (chunk=4096)
[VT] ESC at 444 next=0x5b (chunk=4096)
[VT] ESC at 463 next=0x5b (chunk=4096)
[VT] ESC at 479 next=0x5b (chunk=4096)
[VT] ESC at 489 next=0x5b (chunk=4096)
[VT] ESC at 493 next=0x5b (chunk=4096)
[VT] ESC at 501 next=0x5b (chunk=4096)
[VT] ESC at 520 next=0x5b (chunk=4096)
[VT] ESC at 536 next=0x5b (chunk=4096)
[VT] ESC at 543 next=0x5b (chunk=4096)
[VT] ESC at 547 next=0x5b (chunk=4096)
[VT] ESC at 555 next=0x5b (chunk=4096)
[VT] ESC at 574 next=0x5b (chunk=4096)
[VT] ESC at 590 next=0x5b (chunk=4096)
[VT] ESC at 598 next=0x5b (chunk=4096)
[VT] ESC at 602 next=0x5b (chunk=4096)
[VT] ESC at 610 next=0x5b (chunk=4096)
[VT] ESC at 629 next=0x5b (chunk=4096)
[VT] ESC at 645 next=0x5b (chunk=4096)
[VT] ESC at 652 next=0x5b (chunk=4096)
[VT] ESC at 656 next=0x5b (chunk=4096)
[VT] ESC at 664 next=0x5b (chunk=4096)
[VT] ESC at 683 next=0x5b (chunk=4096)
[VT] ESC at 699 next=0x5b (chunk=4096)
[VT] ESC at 712 next=0x5b (chunk=4096)
[VT] ESC at 716 next=0x5b (chunk=4096)
[VT] ESC at 724 next=0x5b (chunk=4096)
[VT] ESC at 743 next=0x5b (chunk=4096)
[VT] ESC at 788 next=0x5b (chunk=4096)
[VT] ESC at 795 next=0x5b (chunk=4096)
[VT] ESC at 814 next=0x5b (chunk=4096)
[VT] ESC at 927 next=0x5b (chunk=4096)
[VT] ESC at 934 next=0x5b (chunk=4096)
[VT] ESC at 953 next=0x5b (chunk=4096)
[VT] ESC at 1066 next=0x5b (chunk=4096)
[VT] ESC at 1073 next=0x5b (chunk=4096)
[VT] ESC at 1092 next=0x5b (chunk=4096)
[VT] ESC at 1119 next=0x5b (chunk=4096)
[VT] ESC at 1123 next=0x5b (chunk=4096)
[VT] ESC at 1131 next=0x5b (chunk=4096)
[VT] ESC at 1149 next=0x5b (chunk=4096)
[VT] ESC at 1168 next=0x5b (chunk=4096)
[VT] ESC at 1172 next=0x5b (chunk=4096)
[VT] ESC at 1180 next=0x5b (chunk=4096)
[VT] ESC at 1199 next=0x5b (chunk=4096)
[VT] ESC at 1289 next=0x5b (chunk=4096)
[VT] ESC at 1293 next=0x5b (chunk=4096)
[VT] ESC at 1301 next=0x5b (chunk=4096)
[VT] ESC at 1320 next=0x5b (chunk=4096)
[VT] ESC at 1347 next=0x5b (chunk=4096)
[VT] ESC at 1354 next=0x5b (chunk=4096)
[VT] ESC at 1373 next=0x5b (chunk=4096)
[VT] ESC at 1400 next=0x5b (chunk=4096)
[VT] ESC at 1404 next=0x5b (chunk=4096)
[VT] ESC at 1412 next=0x5b (chunk=4096)
[VT] ESC at 1430 next=0x5b (chunk=4096)
[VT] ESC at 1449 next=0x5b (chunk=4096)
[VT] ESC at 1453 next=0x5b (chunk=4096)
[VT] ESC at 1461 next=0x5b (chunk=4096)
[VT] ESC at 1480 next=0x5b (chunk=4096)
[VT] ESC at 1498 next=0x5b (chunk=4096)
[VT] ESC at 1502 next=0x5b (chunk=4096)
[VT] ESC at 1510 next=0x5b (chunk=4096)
[VT] ESC at 1529 next=0x5b (chunk=4096)
[VT] ESC at 1579 next=0x5b (chunk=4096)
[VT] ESC at 1583 next=0x5b (chunk=4096)
[VT] ESC at 1591 next=0x5b (chunk=4096)
[VT] ESC at 1610 next=0x5b (chunk=4096)
[VT] ESC at 1664 next=0x5b (chunk=4096)
[VT] ESC at 1668 next=0x5b (chunk=4096)
[VT] ESC at 1676 next=0x5b (chunk=4096)
[VT] ESC at 1695 next=0x5b (chunk=4096)
[VT] ESC at 1722 next=0x5b (chunk=4096)
[VT] ESC at 1729 next=0x5b (chunk=4096)
[VT] ESC at 1748 next=0x5b (chunk=4096)
[VT] ESC at 1775 next=0x5b (chunk=4096)
[VT] ESC at 1779 next=0x5b (chunk=4096)
[VT] ESC at 1787 next=0x5b (chunk=4096)
[VT] ESC at 1805 next=0x5b (chunk=4096)
[VT] ESC at 1824 next=0x5b (chunk=4096)
[VT] ESC at 1828 next=0x5b (chunk=4096)
[VT] ESC at 1836 next=0x5b (chunk=4096)
[VT] ESC at 1855 next=0x5b (chunk=4096)
[VT] ESC at 1945 next=0x5b (chunk=4096)
[VT] ESC at 1949 next=0x5b (chunk=4096)
[VT] ESC at 1957 next=0x5b (chunk=4096)
[VT] ESC at 1976 next=0x5b (chunk=4096)
[VT] ESC at 2003 next=0x5b (chunk=4096)
[VT] ESC at 2010 next=0x5b (chunk=4096)
[VT] ESC at 2029 next=0x5b (chunk=4096)
[VT] ESC at 2056 next=0x5b (chunk=4096)
[VT] ESC at 2060 next=0x5b (chunk=4096)
[VT] ESC at 2068 next=0x5b (chunk=4096)
[VT] ESC at 2086 next=0x5b (chunk=4096)
[VT] ESC at 2105 next=0x5b (chunk=4096)
[VT] ESC at 2109 next=0x5b (chunk=4096)
[VT] ESC at 2117 next=0x5b (chunk=4096)
[VT] ESC at 2136 next=0x5b (chunk=4096)
[VT] ESC at 2154 next=0x5b (chunk=4096)
[VT] ESC at 2158 next=0x5b (chunk=4096)
[VT] ESC at 2166 next=0x5b (chunk=4096)
[VT] ESC at 2184 next=0x5b (chunk=4096)
[VT] ESC at 2205 next=0x5b (chunk=4096)
[VT] ESC at 2209 next=0x5b (chunk=4096)
[VT] ESC at 2217 next=0x5b (chunk=4096)
[VT] ESC at 2236 next=0x5b (chunk=4096)
[VT] ESC at 2253 next=0x5b (chunk=4096)
[VT] ESC at 2257 next=0x5b (chunk=4096)
[VT] ESC at 2265 next=0x5b (chunk=4096)
[VT] ESC at 2284 next=0x5b (chunk=4096)
[VT] ESC at 2302 next=0x5b (chunk=4096)
[VT] ESC at 2306 next=0x5b (chunk=4096)
[VT] ESC at 2314 next=0x5b (chunk=4096)
[VT] ESC at 2333 next=0x5b (chunk=4096)
[VT] ESC at 2350 next=0x5b (chunk=4096)
[VT] ESC at 2354 next=0x5b (chunk=4096)
[VT] ESC at 2362 next=0x5b (chunk=4096)
[VT] ESC at 2381 next=0x5b (chunk=4096)
[VT] ESC at 2414 next=0x5b (chunk=4096)
[VT] ESC at 2418 next=0x5b (chunk=4096)
[VT] ESC at 2426 next=0x5b (chunk=4096)
[VT] ESC at 2445 next=0x5b (chunk=4096)
[VT] ESC at 2462 next=0x5b (chunk=4096)
[VT] ESC at 2466 next=0x5b (chunk=4096)
[VT] ESC at 2474 next=0x5b (chunk=4096)
[VT] ESC at 2493 next=0x5b (chunk=4096)
[VT] ESC at 2520 next=0x5b (chunk=4096)
[VT] ESC at 2524 next=0x5b (chunk=4096)
[VT] ESC at 2532 next=0x5b (chunk=4096)
[VT] ESC at 2551 next=0x5b (chunk=4096)
[VT] ESC at 2602 next=0x5b (chunk=4096)
[VT] ESC at 2606 next=0x5b (chunk=4096)
[VT] ESC at 2614 next=0x5b (chunk=4096)
[VT] ESC at 2633 next=0x5b (chunk=4096)
[VT] ESC at 2660 next=0x5b (chunk=4096)
[VT] ESC at 2667 next=0x5b (chunk=4096)
[VT] ESC at 2686 next=0x5b (chunk=4096)
[VT] ESC at 2713 next=0x5b (chunk=4096)
[VT] ESC at 2717 next=0x5b (chunk=4096)
[VT] ESC at 2725 next=0x5b (chunk=4096)
[VT] ESC at 2743 next=0x5b (chunk=4096)
[VT] ESC at 2762 next=0x5b (chunk=4096)
[VT] ESC at 2766 next=0x5b (chunk=4096)
[VT] ESC at 2774 next=0x5b (chunk=4096)
[VT] ESC at 2790 next=0x5b (chunk=4096)
[VT] ESC at 3028 next=0x5b (chunk=4096)
[VT] ESC at 3032 next=0x5b (chunk=4096)
[VT] ESC at 3040 next=0x5b (chunk=4096)
[VT] ESC at 3059 next=0x5b (chunk=4096)
[VT] ESC at 3086 next=0x5b (chunk=4096)
[VT] ESC at 3093 next=0x5b (chunk=4096)
[VT] ESC at 3112 next=0x5b (chunk=4096)
[VT] ESC at 3187 next=0x5b (chunk=4096)
[VT] ESC at 3191 next=0x5b (chunk=4096)
[VT] ESC at 3199 next=0x5b (chunk=4096)
[VT] ESC at 3218 next=0x5b (chunk=4096)
[VT] ESC at 3238 next=0x5b (chunk=4096)
[VT] ESC at 3242 next=0x5b (chunk=4096)
[VT] ESC at 3250 next=0x5b (chunk=4096)
[VT] ESC at 3269 next=0x5b (chunk=4096)
[VT] ESC at 3291 next=0x5b (chunk=4096)
[VT] ESC at 3295 next=0x5b (chunk=4096)
[VT] ESC at 3303 next=0x5b (chunk=4096)
[VT] ESC at 3322 next=0x5b (chunk=4096)
[VT] ESC at 3340 next=0x5b (chunk=4096)
[VT] ESC at 3344 next=0x5b (chunk=4096)
[VT] ESC at 3352 next=0x5b (chunk=4096)
[VT] ESC at 3371 next=0x5b (chunk=4096)
[VT] ESC at 3394 next=0x5b (chunk=4096)
[VT] ESC at 3398 next=0x5b (chunk=4096)
[VT] ESC at 3406 next=0x5b (chunk=4096)
[VT] ESC at 3425 next=0x5b (chunk=4096)
[VT] ESC at 3449 next=0x5b (chunk=4096)
[VT] ESC at 3453 next=0x5b (chunk=4096)
[VT] ESC at 3461 next=0x5b (chunk=4096)
[VT] ESC at 3480 next=0x5b (chunk=4096)
[VT] ESC at 3507 next=0x5b (chunk=4096)
[VT] ESC at 3514 next=0x5b (chunk=4096)
[VT] ESC at 3533 next=0x5b (chunk=4096)
[VT] ESC at 3646 next=0x5b (chunk=4096)
[VT] ESC at 3653 next=0x5b (chunk=4096)
[VT] ESC at 3672 next=0x5b (chunk=4096)
[VT] ESC at 3785 next=0x5b (chunk=4096)
[VT] ESC at 3792 next=0x5b (chunk=4096)
[VT] ESC at 3811 next=0x5b (chunk=4096)
[VT] ESC at 3924 next=0x5b (chunk=4096)
[VT] ESC at 3931 next=0x5b (chunk=4096)
[VT] ESC at 3950 next=0x5b (chunk=4096)
[VT] ESC at 3977 next=0x5b (chunk=4096)
[VT] ESC at 3981 next=0x5b (chunk=4096)
[VT] ESC at 3989 next=0x5b (chunk=4096)
[VT] ESC at 4007 next=0x5b (chunk=4096)
[VT] ESC at 4031 next=0x5b (chunk=4096)
[VT] ESC at 4035 next=0x5b (chunk=4096)
[VT] ESC at 4043 next=0x5b (chunk=4096)
[VT] ESC at 4062 next=0x5b (chunk=4096)
[VT] ESC at 4082 next=0x5b (chunk=4096)
[VT] ESC at 4086 next=0x5b (chunk=4096)
[VT] ESC at 4094 next=0x5b (chunk=4096)
[VT] ESC at 17 next=0x5b (chunk=3106)
[VT] ESC at 36 next=0x5b (chunk=3106)
[VT] ESC at 40 next=0x5b (chunk=3106)
[VT] ESC at 48 next=0x5b (chunk=3106)
[VT] ESC at 67 next=0x5b (chunk=3106)
[VT] ESC at 93 next=0x5b (chunk=3106)
[VT] ESC at 97 next=0x5b (chunk=3106)
[VT] ESC at 105 next=0x5b (chunk=3106)
[VT] ESC at 124 next=0x5b (chunk=3106)
[VT] ESC at 159 next=0x5b (chunk=3106)
[VT] ESC at 163 next=0x5b (chunk=3106)
[VT] ESC at 171 next=0x5b (chunk=3106)
[VT] ESC at 190 next=0x5b (chunk=3106)
[VT] ESC at 233 next=0x5b (chunk=3106)
[VT] ESC at 237 next=0x5b (chunk=3106)
[VT] ESC at 245 next=0x5b (chunk=3106)
[VT] ESC at 264 next=0x5b (chunk=3106)
[VT] ESC at 297 next=0x5b (chunk=3106)
[VT] ESC at 304 next=0x5b (chunk=3106)
[VT] ESC at 323 next=0x5b (chunk=3106)
[VT] ESC at 356 next=0x5b (chunk=3106)
[VT] ESC at 360 next=0x5b (chunk=3106)
[VT] ESC at 368 next=0x5b (chunk=3106)
[VT] ESC at 387 next=0x5b (chunk=3106)
[VT] ESC at 410 next=0x5b (chunk=3106)
[VT] ESC at 414 next=0x5b (chunk=3106)
[VT] ESC at 422 next=0x5b (chunk=3106)
[VT] ESC at 441 next=0x5b (chunk=3106)
[VT] ESC at 530 next=0x5b (chunk=3106)
[VT] ESC at 537 next=0x5b (chunk=3106)
[VT] ESC at 556 next=0x5b (chunk=3106)
[VT] ESC at 669 next=0x5b (chunk=3106)
[VT] ESC at 676 next=0x5b (chunk=3106)
[VT] ESC at 695 next=0x5b (chunk=3106)
[VT] ESC at 808 next=0x5b (chunk=3106)
[VT] ESC at 815 next=0x5b (chunk=3106)
[VT] ESC at 834 next=0x5b (chunk=3106)
[VT] ESC at 947 next=0x5b (chunk=3106)
[VT] ESC at 954 next=0x5b (chunk=3106)
[VT] ESC at 973 next=0x5b (chunk=3106)
[VT] ESC at 1086 next=0x5b (chunk=3106)
[VT] ESC at 1093 next=0x5b (chunk=3106)
[VT] ESC at 1112 next=0x5b (chunk=3106)
[VT] ESC at 1225 next=0x5b (chunk=3106)
[VT] ESC at 1232 next=0x5b (chunk=3106)
[VT] ESC at 1251 next=0x5b (chunk=3106)
[VT] ESC at 1364 next=0x5b (chunk=3106)
[VT] ESC at 1371 next=0x5b (chunk=3106)
[VT] ESC at 1390 next=0x5b (chunk=3106)
[VT] ESC at 1503 next=0x5b (chunk=3106)
[VT] ESC at 1510 next=0x5b (chunk=3106)
[VT] ESC at 1529 next=0x5b (chunk=3106)
[VT] ESC at 1642 next=0x5b (chunk=3106)
[VT] ESC at 1649 next=0x5b (chunk=3106)
[VT] ESC at 1668 next=0x5b (chunk=3106)
[VT] ESC at 1781 next=0x5b (chunk=3106)
[VT] ESC at 1788 next=0x5b (chunk=3106)
[VT] ESC at 1807 next=0x5b (chunk=3106)
[VT] ESC at 1920 next=0x5b (chunk=3106)
[VT] ESC at 1927 next=0x5b (chunk=3106)
[VT] ESC at 1946 next=0x5b (chunk=3106)
[VT] ESC at 2059 next=0x5b (chunk=3106)
[VT] ESC at 2066 next=0x5b (chunk=3106)
[VT] ESC at 2085 next=0x5b (chunk=3106)
[VT] ESC at 2198 next=0x5b (chunk=3106)
[VT] ESC at 2205 next=0x5b (chunk=3106)
[VT] ESC at 2224 next=0x5b (chunk=3106)
[VT] ESC at 2337 next=0x5b (chunk=3106)
[VT] ESC at 2344 next=0x5b (chunk=3106)
[VT] ESC at 2363 next=0x5b (chunk=3106)
[VT] ESC at 2476 next=0x5b (chunk=3106)
[VT] ESC at 2483 next=0x5b (chunk=3106)
[VT] ESC at 2502 next=0x5b (chunk=3106)
[VT] ESC at 2615 next=0x5b (chunk=3106)
[VT] ESC at 2622 next=0x5b (chunk=3106)
[VT] ESC at 2641 next=0x5b (chunk=3106)
[VT] ESC at 2659 next=0x5b (chunk=3106)
[VT] ESC at 2663 next=0x5b (chunk=3106)
[VT] ESC at 2670 next=0x5b (chunk=3106)
[VT] ESC at 2689 next=0x5b (chunk=3106)
[VT] ESC at 2721 next=0x5b (chunk=3106)
[VT] ESC at 2725 next=0x5b (chunk=3106)
[VT] ESC at 2733 next=0x5b (chunk=3106)
[VT] ESC at 2752 next=0x5b (chunk=3106)
[VT] ESC at 2838 next=0x5b (chunk=3106)
[VT] ESC at 2842 next=0x5b (chunk=3106)
[VT] ESC at 2850 next=0x5b (chunk=3106)
[VT] ESC at 2869 next=0x5b (chunk=3106)
[VT] ESC at 2892 next=0x5b (chunk=3106)
[VT] ESC at 2896 next=0x5b (chunk=3106)
[VT] ESC at 2904 next=0x5b (chunk=3106)
[VT] ESC at 2923 next=0x5b (chunk=3106)
[VT] ESC at 2941 next=0x5b (chunk=3106)
[VT] ESC at 2948 next=0x5b (chunk=3106)
[VT] ESC at 2967 next=0x5b (chunk=3106)
[VT] ESC at 3080 next=0x5b (chunk=3106)
[VT] ESC at 3084 next=0x5b (chunk=3106)
[VT] ESC at 3092 next=0x5b (chunk=3106)
[VT] ESC at 3098 next=0x5b (chunk=3106)
[VT] ESC at 0 next=0x5b (chunk=32)
[VT] ESC at 8 next=0x5b (chunk=32)
[VT] ESC at 16 next=0x5b (chunk=32)
[VT] ESC at 24 next=0x5b (chunk=32)
[VT] ESC at 0 next=0x5b (chunk=37)
[VT] ESC at 4 next=0x5b (chunk=37)
[VT] ESC at 8 next=0x5b (chunk=37)
[VT] ESC at 13 next=0x5b (chunk=37)
[VT] ESC at 18 next=0x5b (chunk=37)
[VT] ESC at 23 next=0x5b (chunk=37)
[VT] ESC at 30 next=0x5b (chunk=37)
[VT] ESC at 0 next=0x5b (chunk=37)
[VT] ESC at 4 next=0x5b (chunk=37)
[VT] ESC at 8 next=0x5b (chunk=37)
[VT] ESC at 13 next=0x5b (chunk=37)
[VT] ESC at 18 next=0x5b (chunk=37)
[VT] ESC at 23 next=0x5b (chunk=37)
[VT] ESC at 30 next=0x5b (chunk=37)
[VT] ESC at 0 next=0x5b (chunk=4)
[VT] ESC at 0 next=0x5b (chunk=8)
[VT] ESC at 0 next=0x5b (chunk=4)
[VT] ESC at 0 next=0x5b (chunk=7)
[VT] ESC at 0 next=0x5b (chunk=32)
[VT] ESC at 0 next=0x5b (chunk=4)
[VT] ESC at 8 next=0x5b (chunk=32)
[VT] ESC at 16 next=0x5b (chunk=32)
[VT] ESC at 24 next=0x5b (chunk=32)
[VT] ESC at 0 next=0x5b (chunk=3)
[VT] ESC at 0 next=0x5b (chunk=114)
[VT] ESC at 0 next=0x5b (chunk=4)
[VT] ESC at 6 next=0x5b (chunk=114)
[VT] ESC at 0 next=0x5b (chunk=8)
)
[VT] ESC at 16 next=0x5b (chunk=114)
[VT] ESC at 19 next=0x5b (chunk=114)
[VT] ESC at 53 next=0x5b (chunk=114)
[VT] ESC at 56 next=0x5b (chunk=114)
[VT] ESC at 61 next=0x5b (chunk=114)
[VT] ESC at 66 next=0x5b (chunk=114)
[VT] ESC at 110 next=0x5b (chunk=114)
[VT] ESC at 0 next=0x5b (chunk=1074)
[VT] ESC at 4 next=0x5b (chunk=1074)
[VT] ESC at 8 next=0x5b (chunk=1074)
[VT] ESC at 12 next=0x5b (chunk=1074)
[VT] ESC at 34 next=0x5b (chunk=1074)
[VT] ESC at 62 next=0x5b (chunk=1074)
[VT] ESC at 70 next=0x5b (chunk=1074)
[VT] ESC at 75 next=0x5b (chunk=1074)
[VT] ESC at 80 next=0x5b (chunk=1074)
[VT] ESC at 95 next=0x5b (chunk=1074)
[VT] ESC at 100 next=0x5b (chunk=1074)
[VT] ESC at 105 next=0x5b (chunk=1074)
[VT] ESC at 133 next=0x5b (chunk=1074)
[VT] ESC at 137 next=0x5b (chunk=1074)
[VT] ESC at 161 next=0x5b (chunk=1074)
[VT] ESC at 189 next=0x5b (chunk=1074)
[VT] ESC at 0 next=0x5b (chunk=4)
[VT] ESC at 200 next=0x5b (chunk=1074)
[VT] ESC at 205 next=0x5b (chunk=1074)
[VT] ESC at 249 next=0x5b (chunk=1074)
[VT] ESC at 0 next=0x5b (chunk=7)
[VT] ESC at 0 next=0x5b (chunk=5)
[VT] ESC at 0 next=0x5b (chunk=11)
[VT] ESC at 0 next=0x5b (chunk=4096)

[VT] ESC at 288 next=0x5b (chunk=1074)
[VT] ESC at 8 next=0x5b (chunk=11)
[VT] ESC at 8 next=0x5b (chunk=4096)
[VT] ESC at 293 next=0x5b (chunk=1074)
[VT] ESC at 14 next=0x5b (chunk=4096)
[VT] ESC at 324 next=0x5b (chunk=1074)
[VT] ESC at 329 next=0x5b (chunk=1074)[VT] ESC at 0 next=0x5b (chunk=130)
[VT] ESC at 39 next=0x5b (chunk=4096)
[VT] ESC at 634 next=0x5b (chunk=1074)
[VT] ESC at 6 next=0x5b (chunk=130)
[VT] ESC at 150 next=0x5b (chunk=4096)
[VT] ESC at 638 next=0x5b (chunk=1074)
[VT] ESC at 14 next=0x5b (chunk=130)
[VT] ESC at 156 next=0x5b (chunk=4096)
[VT] ESC at 648 next=0x5b (chunk=1074)
[VT] ESC at 21 next=0x5b (chunk=130)
[VT] ESC at 175 next=0x5b (chunk=4096)
[VT] ESC at 681 next=0x5b (chunk=1074)
[VT] ESC at 28 next=0x5b (chunk=130)
[VT] ESC at 286 next=0x5b (chunk=4096)
[VT] ESC at 685 next=0x5b (chunk=1074)
[VT] ESC at 32 next=0x5b (chunk=130)
[VT] ESC at 292 next=0x5b (chunk=4096)
[VT] ESC at 690 next=0x5b (chunk=1074)
[VT] ESC at 35 next=0x5b (chunk=130)
[VT] ESC at 311 next=0x5b (chunk=4096)
[VT] ESC at 995 next=0x5b (chunk=1074)
[VT] ESC at 69 next=0x5b (chunk=130)
[VT] ESC at 422 next=0x5b (chunk=4096)
[VT] ESC at 999 next=0x5b (chunk=1074)
[VT] ESC at 72 next=0x5b (chunk=130)
[VT] ESC at 428 next=0x5b (chunk=4096)
[VT] ESC at 1003 next=0x5b (chunk=1074)
[VT] ESC at 77 next=0x5b (chunk=130)
[VT] ESC at 447 next=0x5b (chunk=4096)

[VT] ESC at 82 next=0x5b (chunk=130)
[VT] ESC at 558 next=0x5b (chunk=4096)

[VT] ESC at 126 next=0x5b (chunk=130)
[VT] ESC at 1067 next=0x5b (chunk=1074)
[VT] ESC at 564 next=0x5b (chunk=4096)
[VT] ESC at 583 next=0x5b (chunk=4096)
[VT] ESC at 0 next=0x5b (chunk=2036)
[VT] ESC at 694 next=0x5b (chunk=4096)
[VT] ESC at 0 next=0x5b (chunk=4)
[VT] ESC at 5 next=0x5b (chunk=2036)
[VT] ESC at 700 next=0x5b (chunk=4096)
[VT] ESC at 0 next=0x5b (chunk=4)
[VT] ESC at 9 next=0x5b (chunk=2036)
[VT] ESC at 719 next=0x5b (chunk=4096)
[VT] ESC at 0 next=0x5b (chunk=32)
[VT] ESC at 13 next=0x5b (chunk=2036)
[VT] ESC at 830 next=0x5b (chunk=4096)
[VT] ESC at 8 next=0x5b (chunk=32)
[VT] ESC at 18 next=0x5b (chunk=2036)
[VT] ESC at 836 next=0x5b (chunk=4096)
[VT] ESC at 16 next=0x5b (chunk=32)
[VT] ESC at 39 next=0x5b (chunk=2036)
[VT] ESC at 855 next=0x5b (chunk=4096)
[VT] ESC at 24 next=0x5b (chunk=32)
[VT] ESC at 76 next=0x5b (chunk=2036)
[VT] ESC at 966 next=0x5b (chunk=4096)
[VT] ESC at 0 next=0x5b (chunk=4)
[VT] ESC at 113 next=0x5b (chunk=2036)
[VT] ESC at 972 next=0x5b (chunk=4096)
[VT] ESC at 136 next=0x5b (chunk=2036)
[VT] ESC at 0 next=0x5b (chunk=7)
[VT] ESC at 991 next=0x5b (chunk=4096)
[VT] ESC at 147 next=0x5b (chunk=2036)
[VT] ESC at 0 next=0x5b (chunk=1074)
[VT] ESC at 189 next=0x5b (chunk=2036)

[VT] ESC at 4 next=0x5b (chunk=1074)
[VT] ESC at 192 next=0x5b (chunk=2036)
[VT] ESC at 1108 next=0x5b (chunk=4096)
[VT] ESC at 8 next=0x5b (chunk=1074)
[VT] ESC at 196 next=0x5b (chunk=2036)
[VT] ESC at 1127 next=0x5b (chunk=4096)
[VT] ESC at 12 next=0x5b (chunk=1074)
[VT] ESC at 201 next=0x5b (chunk=2036)
[VT] ESC at 1238 next=0x5b (chunk=4096)
[VT] ESC at 34 next=0x5b (chunk=1074)
[VT] ESC at 206 next=0x5b (chunk=2036)
[VT] ESC at 1245 next=0x5b (chunk=4096)
[VT] ESC at 62 next=0x5b (chunk=1074)
[VT] ESC at 243 next=0x5b (chunk=2036)
[VT] ESC at 1264 next=0x5b (chunk=4096)
[VT] ESC at 70 next=0x5b (chunk=1074)
[VT] ESC at 280 next=0x5b (chunk=2036)
[VT] ESC at 1375 next=0x5b (chunk=4096)
[VT] ESC at 75 next=0x5b (chunk=1074)
[VT] ESC at 0 next=0x5b (chunk=16)
[VT] ESC at 1382 next=0x5b (chunk=4096)
[VT] ESC at 80 next=0x5b (chunk=1074)
[VT] ESC at 8 next=0x5b (chunk=16)
[VT] ESC at 1401 next=0x5b (chunk=4096)
[VT] ESC at 95 next=0x5b (chunk=1074)
[VT] ESC at 1512 next=0x5b (chunk=4096)
[VT] ESC at 100 next=0x5b (chunk=1074)
[VT] ESC at 1519 next=0x5b (chunk=4096)
[VT] ESC at 105 next=0x5b (chunk=1074)
[VT] ESC at 1538 next=0x5b (chunk=4096)
[VT] ESC at 133 next=0x5b (chunk=1074)
[VT] ESC at 1649 next=0x5b (chunk=4096)
[VT] ESC at 137 next=0x5b (chunk=1074)
[VT] ESC at 1656 next=0x5b (chunk=4096)
[VT] ESC at 161 next=0x5b (chunk=1074)
[VT] ESC at 1675 next=0x5b (chunk=4096)
[VT] ESC at 189 next=0x5b (chunk=1074)
[VT] ESC at 1786 next=0x5b (chunk=4096)
[VT] ESC at 200 next=0x5b (chunk=1074)
[VT] ESC at 1793 next=0x5b (chunk=4096)
[VT] ESC at 205 next=0x5b (chunk=1074)
[VT] ESC at 1812 next=0x5b (chunk=4096)
[VT] ESC at 249 next=0x5b (chunk=1074)
[VT] ESC at 1923 next=0x5b (chunk=4096)
[VT] ESC at 253 next=0x5b (chunk=1074)
[VT] ESC at 1930 next=0x5b (chunk=4096)
[VT] ESC at 288 next=0x5b (chunk=1074)
[VT] ESC at 1949 next=0x5b (chunk=4096)
[VT] ESC at 293 next=0x5b (chunk=1074)
[VT] ESC at 2060 next=0x5b (chunk=4096)
[VT] ESC at 324 next=0x5b (chunk=1074)
[VT] ESC at 2067 next=0x5b (chunk=4096)
[VT] ESC at 329 next=0x5b (chunk=1074)
[VT] ESC at 2086 next=0x5b (chunk=4096)
[VT] ESC at 634 next=0x5b (chunk=1074)
[VT] ESC at 2197 next=0x5b (chunk=4096)
[VT] ESC at 638 next=0x5b (chunk=1074)
[VT] ESC at 2204 next=0x5b (chunk=4096)
[VT] ESC at 648 next=0x5b (chunk=1074)
[VT] ESC at 2223 next=0x5b (chunk=4096)
[VT] ESC at 681 next=0x5b (chunk=1074)
[VT] ESC at 2334 next=0x5b (chunk=4096)
[VT] ESC at 685 next=0x5b (chunk=1074)
[VT] ESC at 2341 next=0x5b (chunk=4096)
[VT] ESC at 690 next=0x5b (chunk=1074)
[VT] ESC at 2360 next=0x5b (chunk=4096)
[VT] ESC at 995 next=0x5b (chunk=1074)
[VT] ESC at 2471 next=0x5b (chunk=4096)
[VT] ESC at 999 next=0x5b (chunk=1074)
[VT] ESC at 2478 next=0x5b (chunk=4096)
[VT] ESC at 1003 next=0x5b (chunk=1074)
[VT] ESC at 2497 next=0x5b (chunk=4096)
[VT] ESC at 1055 next=0x5b (chunk=1074)
[VT] ESC at 2541 next=0x5b (chunk=4096)
[VT] ESC at 1060 next=0x5b (chunk=1074)
[VT] ESC at 2545 next=0x5b (chunk=4096)
[VT] ESC at 1067 next=0x5b (chunk=1074)
[VT] ESC at 2553 next=0x5b (chunk=4096)
[VT] ESC at 2572 next=0x5b (chunk=4096)
[VT] ESC at 2590 next=0x5b (chunk=4096)
[VT] ESC at 0 next=0x5b (chunk=37)
[VT] ESC at 2594 next=0x5b (chunk=4096)
[VT] ESC at 4 next=0x5b (chunk=37)
[VT] ESC at 2602 next=0x5b (chunk=4096)
[VT] ESC at 8 next=0x5b (chunk=37)
[VT] ESC at 2621 next=0x5b (chunk=4096)
[VT] ESC at 13 next=0x5b (chunk=37)
[VT] ESC at 2638 next=0x5b (chunk=4096)
[VT] ESC at 18 next=0x5b (chunk=37)
[VT] ESC at 2642 next=0x5b (chunk=4096)
[VT] ESC at 23 next=0x5b (chunk=37)
[VT] ESC at 2650 next=0x5b (chunk=4096)
[VT] ESC at 30 next=0x5b (chunk=37)
[VT] ESC at 2669 next=0x5b (chunk=4096)
[VT] ESC at 2686 next=0x5b (chunk=4096)
[VT] ESC at 2690 next=0x5b (chunk=4096)
[VT] ESC at 2698 next=0x5b (chunk=4096)
[VT] ESC at 2717 next=0x5b (chunk=4096)
[VT] ESC at 2734 next=0x5b (chunk=4096)
[VT] ESC at 2738 next=0x5b (chunk=4096)
[VT] ESC at 2746 next=0x5b (chunk=4096)
[VT] ESC at 2765 next=0x5b (chunk=4096)
[VT] ESC at 2782 next=0x5b (chunk=4096)
[VT] ESC at 2786 next=0x5b (chunk=4096)
[VT] ESC at 2794 next=0x5b (chunk=4096)
[VT] ESC at 2813 next=0x5b (chunk=4096)
[VT] ESC at 2830 next=0x5b (chunk=4096)
[VT] ESC at 2834 next=0x5b (chunk=4096)
[VT] ESC at 2842 next=0x5b (chunk=4096)
[VT] ESC at 2861 next=0x5b (chunk=4096)
[VT] ESC at 2878 next=0x5b (chunk=4096)
[VT] ESC at 2882 next=0x5b (chunk=4096)
[VT] ESC at 2890 next=0x5b (chunk=4096)
[VT] ESC at 2909 next=0x5b (chunk=4096)
[VT] ESC at 2927 next=0x5b (chunk=4096)
[VT] ESC at 2931 next=0x5b (chunk=4096)
[VT] ESC at 2939 next=0x5b (chunk=4096)
[VT] ESC at 2958 next=0x5b (chunk=4096)
[VT] ESC at 2975 next=0x5b (chunk=4096)
[VT] ESC at 2979 next=0x5b (chunk=4096)
[VT] ESC at 2987 next=0x5b (chunk=4096)
[VT] ESC at 3006 next=0x5b (chunk=4096)
[VT] ESC at 3024 next=0x5b (chunk=4096)
[VT] ESC at 3028 next=0x5b (chunk=4096)
[VT] ESC at 3036 next=0x5b (chunk=4096)
[VT] ESC at 3055 next=0x5b (chunk=4096)
[VT] ESC at 3072 next=0x5b (chunk=4096)
[VT] ESC at 3076 next=0x5b (chunk=4096)
[VT] ESC at 3084 next=0x5b (chunk=4096)
[VT] ESC at 3103 next=0x5b (chunk=4096)
[VT] ESC at 3120 next=0x5b (chunk=4096)
[VT] ESC at 3124 next=0x5b (chunk=4096)
[VT] ESC at 3132 next=0x5b (chunk=4096)
[VT] ESC at 3151 next=0x5b (chunk=4096)
[VT] ESC at 3168 next=0x5b (chunk=4096)
[VT] ESC at 3172 next=0x5b (chunk=4096)
[VT] ESC at 3180 next=0x5b (chunk=4096)
[VT] ESC at 3199 next=0x5b (chunk=4096)
[VT] ESC at 3216 next=0x5b (chunk=4096)
[VT] ESC at 3220 next=0x5b (chunk=4096)
[VT] ESC at 3228 next=0x5b (chunk=4096)
[VT] ESC at 3247 next=0x5b (chunk=4096)
[VT] ESC at 3264 next=0x5b (chunk=4096)
[VT] ESC at 3268 next=0x5b (chunk=4096)
[VT] ESC at 3276 next=0x5b (chunk=4096)
[VT] ESC at 3295 next=0x5b (chunk=4096)
[VT] ESC at 3312 next=0x5b (chunk=4096)
[VT] ESC at 3316 next=0x5b (chunk=4096)
[VT] ESC at 3324 next=0x5b (chunk=4096)
[VT] ESC at 3343 next=0x5b (chunk=4096)
[VT] ESC at 3360 next=0x5b (chunk=4096)
[VT] ESC at 3364 next=0x5b (chunk=4096)
[VT] ESC at 3372 next=0x5b (chunk=4096)
[VT] ESC at 3391 next=0x5b (chunk=4096)
[VT] ESC at 3407 next=0x5b (chunk=4096)
[VT] ESC at 3412 next=0x5b (chunk=4096)
[VT] ESC at 3416 next=0x5b (chunk=4096)
[VT] ESC at 3424 next=0x5b (chunk=4096)
[VT] ESC at 3443 next=0x5b (chunk=4096)
[VT] ESC at 3459 next=0x5b (chunk=4096)
[VT] ESC at 3465 next=0x5b (chunk=4096)
[VT] ESC at 3469 next=0x5b (chunk=4096)
[VT] ESC at 3477 next=0x5b (chunk=4096)
[VT] ESC at 3496 next=0x5b (chunk=4096)
[VT] ESC at 3512 next=0x5b (chunk=4096)
[VT] ESC at 3517 next=0x5b (chunk=4096)
[VT] ESC at 3521 next=0x5b (chunk=4096)
[VT] ESC at 3529 next=0x5b (chunk=4096)
[VT] ESC at 3548 next=0x5b (chunk=4096)
[VT] ESC at 3564 next=0x5b (chunk=4096)
[VT] ESC at 3569 next=0x5b (chunk=4096)
[VT] ESC at 3573 next=0x5b (chunk=4096)
[VT] ESC at 3581 next=0x5b (chunk=4096)
[VT] ESC at 3600 next=0x5b (chunk=4096)
[VT] ESC at 3616 next=0x5b (chunk=4096)
[VT] ESC at 3621 next=0x5b (chunk=4096)
[VT] ESC at 3625 next=0x5b (chunk=4096)
[VT] ESC at 3633 next=0x5b (chunk=4096)
[VT] ESC at 3652 next=0x5b (chunk=4096)
[VT] ESC at 3668 next=0x5b (chunk=4096)
[VT] ESC at 3675 next=0x5b (chunk=4096)
[VT] ESC at 3679 next=0x5b (chunk=4096)
[VT] ESC at 3687 next=0x5b (chunk=4096)
[VT] ESC at 3706 next=0x5b (chunk=4096)
[VT] ESC at 3722 next=0x5b (chunk=4096)
[VT] ESC at 3727 next=0x5b (chunk=4096)
[VT] ESC at 3731 next=0x5b (chunk=4096)
[VT] ESC at 3739 next=0x5b (chunk=4096)
[VT] ESC at 3758 next=0x5b (chunk=4096)
[VT] ESC at 3774 next=0x5b (chunk=4096)
[VT] ESC at 3779 next=0x5b (chunk=4096)
[VT] ESC at 3783 next=0x5b (chunk=4096)
[VT] ESC at 3791 next=0x5b (chunk=4096)
[VT] ESC at 3810 next=0x5b (chunk=4096)
[VT] ESC at 3826 next=0x5b (chunk=4096)
[VT] ESC at 3831 next=0x5b (chunk=4096)
[VT] ESC at 3835 next=0x5b (chunk=4096)
[VT] ESC at 3843 next=0x5b (chunk=4096)
[VT] ESC at 3862 next=0x5b (chunk=4096)
[VT] ESC at 3878 next=0x5b (chunk=4096)
[VT] ESC at 3883 next=0x5b (chunk=4096)
[VT] ESC at 3887 next=0x5b (chunk=4096)
[VT] ESC at 3895 next=0x5b (chunk=4096)
[VT] ESC at 3914 next=0x5b (chunk=4096)
[VT] ESC at 3930 next=0x5b (chunk=4096)
[VT] ESC at 3937 next=0x5b (chunk=4096)
[VT] ESC at 3941 next=0x5b (chunk=4096)
[VT] ESC at 3949 next=0x5b (chunk=4096)
[VT] ESC at 3968 next=0x5b (chunk=4096)
[VT] ESC at 3984 next=0x5b (chunk=4096)
[VT] ESC at 3989 next=0x5b (chunk=4096)
[VT] ESC at 3993 next=0x5b (chunk=4096)
[VT] ESC at 4001 next=0x5b (chunk=4096)
[VT] ESC at 4020 next=0x5b (chunk=4096)
[VT] ESC at 4036 next=0x5b (chunk=4096)
[VT] ESC at 4041 next=0x5b (chunk=4096)
[VT] ESC at 4045 next=0x5b (chunk=4096)
[VT] ESC at 4053 next=0x5b (chunk=4096)
[VT] ESC at 4072 next=0x5b (chunk=4096)
[VT] ESC at 4088 next=0x5b (chunk=4096)
[VT] ESC at 4093 next=0x5b (chunk=4096)
[VT] ESC at 1 next=0x5b (chunk=4096)
[VT] ESC at 9 next=0x5b (chunk=4096)
[VT] ESC at 28 next=0x5b (chunk=4096)
[VT] ESC at 44 next=0x5b (chunk=4096)
[VT] ESC at 49 next=0x5b (chunk=4096)
[VT] ESC at 53 next=0x5b (chunk=4096)
[VT] ESC at 61 next=0x5b (chunk=4096)
[VT] ESC at 80 next=0x5b (chunk=4096)
[VT] ESC at 96 next=0x5b (chunk=4096)
[VT] ESC at 101 next=0x5b (chunk=4096)
[VT] ESC at 105 next=0x5b (chunk=4096)
[VT] ESC at 113 next=0x5b (chunk=4096)
[VT] ESC at 132 next=0x5b (chunk=4096)
[VT] ESC at 176 next=0x5b (chunk=4096)
[VT] ESC at 183 next=0x5b (chunk=4096)
[VT] ESC at 202 next=0x5b (chunk=4096)
[VT] ESC at 246 next=0x5b (chunk=4096)
[VT] ESC at 250 next=0x5b (chunk=4096)
[VT] ESC at 258 next=0x5b (chunk=4096)
[VT] ESC at 277 next=0x5b (chunk=4096)
[VT] ESC at 299 next=0x5b (chunk=4096)
[VT] ESC at 303 next=0x5b (chunk=4096)
[VT] ESC at 311 next=0x5b (chunk=4096)
[VT] ESC at 330 next=0x5b (chunk=4096)
[VT] ESC at 352 next=0x5b (chunk=4096)
[VT] ESC at 356 next=0x5b (chunk=4096)
[VT] ESC at 364 next=0x5b (chunk=4096)
[VT] ESC at 383 next=0x5b (chunk=4096)
[VT] ESC at 405 next=0x5b (chunk=4096)
[VT] ESC at 409 next=0x5b (chunk=4096)
[VT] ESC at 417 next=0x5b (chunk=4096)
[VT] ESC at 436 next=0x5b (chunk=4096)
[VT] ESC at 453 next=0x5b (chunk=4096)
[VT] ESC at 457 next=0x5b (chunk=4096)
[VT] ESC at 465 next=0x5b (chunk=4096)
[VT] ESC at 484 next=0x5b (chunk=4096)
[VT] ESC at 506 next=0x5b (chunk=4096)
[VT] ESC at 510 next=0x5b (chunk=4096)
[VT] ESC at 518 next=0x5b (chunk=4096)
[VT] ESC at 537 next=0x5b (chunk=4096)
[VT] ESC at 556 next=0x5b (chunk=4096)
[VT] ESC at 560 next=0x5b (chunk=4096)
[VT] ESC at 568 next=0x5b (chunk=4096)
[VT] ESC at 587 next=0x5b (chunk=4096)
[VT] ESC at 606 next=0x5b (chunk=4096)
[VT] ESC at 610 next=0x5b (chunk=4096)
[VT] ESC at 618 next=0x5b (chunk=4096)
[VT] ESC at 637 next=0x5b (chunk=4096)
[VT] ESC at 659 next=0x5b (chunk=4096)
[VT] ESC at 663 next=0x5b (chunk=4096)
[VT] ESC at 671 next=0x5b (chunk=4096)
[VT] ESC at 690 next=0x5b (chunk=4096)
[VT] ESC at 707 next=0x5b (chunk=4096)
[VT] ESC at 711 next=0x5b (chunk=4096)
[VT] ESC at 719 next=0x5b (chunk=4096)
[VT] ESC at 738 next=0x5b (chunk=4096)
[VT] ESC at 760 next=0x5b (chunk=4096)
[VT] ESC at 764 next=0x5b (chunk=4096)
[VT] ESC at 772 next=0x5b (chunk=4096)
[VT] ESC at 791 next=0x5b (chunk=4096)
[VT] ESC at 810 next=0x5b (chunk=4096)
[VT] ESC at 814 next=0x5b (chunk=4096)
[VT] ESC at 822 next=0x5b (chunk=4096)
[VT] ESC at 841 next=0x5b (chunk=4096)
[VT] ESC at 860 next=0x5b (chunk=4096)
[VT] ESC at 864 next=0x5b (chunk=4096)
[VT] ESC at 872 next=0x5b (chunk=4096)
[VT] ESC at 891 next=0x5b (chunk=4096)
[VT] ESC at 913 next=0x5b (chunk=4096)
[VT] ESC at 917 next=0x5b (chunk=4096)
[VT] ESC at 925 next=0x5b (chunk=4096)
[VT] ESC at 944 next=0x5b (chunk=4096)
[VT] ESC at 961 next=0x5b (chunk=4096)
[VT] ESC at 965 next=0x5b (chunk=4096)
[VT] ESC at 973 next=0x5b (chunk=4096)
[VT] ESC at 992 next=0x5b (chunk=4096)
[VT] ESC at 1014 next=0x5b (chunk=4096)
[VT] ESC at 1018 next=0x5b (chunk=4096)
[VT] ESC at 1026 next=0x5b (chunk=4096)
[VT] ESC at 1045 next=0x5b (chunk=4096)
[VT] ESC at 1064 next=0x5b (chunk=4096)
[VT] ESC at 1068 next=0x5b (chunk=4096)
[VT] ESC at 1076 next=0x5b (chunk=4096)
[VT] ESC at 1095 next=0x5b (chunk=4096)
[VT] ESC at 1114 next=0x5b (chunk=4096)
[VT] ESC at 1118 next=0x5b (chunk=4096)
[VT] ESC at 1126 next=0x5b (chunk=4096)
[VT] ESC at 1145 next=0x5b (chunk=4096)
[VT] ESC at 1164 next=0x5b (chunk=4096)
[VT] ESC at 1168 next=0x5b (chunk=4096)
[VT] ESC at 1176 next=0x5b (chunk=4096)
[VT] ESC at 1195 next=0x5b (chunk=4096)
[VT] ESC at 1212 next=0x5b (chunk=4096)
[VT] ESC at 1216 next=0x5b (chunk=4096)
[VT] ESC at 1224 next=0x5b (chunk=4096)
[VT] ESC at 1243 next=0x5b (chunk=4096)
[VT] ESC at 1262 next=0x5b (chunk=4096)
[VT] ESC at 1269 next=0x5b (chunk=4096)
[VT] ESC at 1273 next=0x5b (chunk=4096)
[VT] ESC at 1281 next=0x5b (chunk=4096)
[VT] ESC at 1300 next=0x5b (chunk=4096)
[VT] ESC at 1316 next=0x5b (chunk=4096)
[VT] ESC at 1323 next=0x5b (chunk=4096)
[VT] ESC at 1327 next=0x5b (chunk=4096)
[VT] ESC at 1335 next=0x5b (chunk=4096)
[VT] ESC at 1354 next=0x5b (chunk=4096)
[VT] ESC at 1370 next=0x5b (chunk=4096)
[VT] ESC at 1377 next=0x5b (chunk=4096)
[VT] ESC at 1381 next=0x5b (chunk=4096)
[VT] ESC at 1389 next=0x5b (chunk=4096)
[VT] ESC at 1408 next=0x5b (chunk=4096)
[VT] ESC at 1424 next=0x5b (chunk=4096)
[VT] ESC at 1431 next=0x5b (chunk=4096)
[VT] ESC at 1435 next=0x5b (chunk=4096)
[VT] ESC at 1443 next=0x5b (chunk=4096)
[VT] ESC at 1462 next=0x5b (chunk=4096)
[VT] ESC at 1478 next=0x5b (chunk=4096)
[VT] ESC at 1483 next=0x5b (chunk=4096)
[VT] ESC at 1487 next=0x5b (chunk=4096)
[VT] ESC at 1495 next=0x5b (chunk=4096)
[VT] ESC at 1514 next=0x5b (chunk=4096)
[VT] ESC at 1533 next=0x5b (chunk=4096)
[VT] ESC at 1540 next=0x5b (chunk=4096)
[VT] ESC at 1544 next=0x5b (chunk=4096)
[VT] ESC at 1552 next=0x5b (chunk=4096)
[VT] ESC at 1571 next=0x5b (chunk=4096)
[VT] ESC at 1587 next=0x5b (chunk=4096)
[VT] ESC at 1594 next=0x5b (chunk=4096)
[VT] ESC at 1598 next=0x5b (chunk=4096)
[VT] ESC at 1606 next=0x5b (chunk=4096)
[VT] ESC at 1625 next=0x5b (chunk=4096)
[VT] ESC at 1641 next=0x5b (chunk=4096)
[VT] ESC at 1648 next=0x5b (chunk=4096)
[VT] ESC at 1652 next=0x5b (chunk=4096)
[VT] ESC at 1660 next=0x5b (chunk=4096)
[VT] ESC at 1679 next=0x5b (chunk=4096)
[VT] ESC at 1698 next=0x5b (chunk=4096)
[VT] ESC at 1705 next=0x5b (chunk=4096)
[VT] ESC at 1709 next=0x5b (chunk=4096)
[VT] ESC at 1717 next=0x5b (chunk=4096)
[VT] ESC at 1736 next=0x5b (chunk=4096)
[VT] ESC at 1752 next=0x5b (chunk=4096)
[VT] ESC at 1757 next=0x5b (chunk=4096)
[VT] ESC at 1761 next=0x5b (chunk=4096)
[VT] ESC at 1769 next=0x5b (chunk=4096)
[VT] ESC at 1788 next=0x5b (chunk=4096)
[VT] ESC at 1807 next=0x5b (chunk=4096)
[VT] ESC at 1814 next=0x5b (chunk=4096)
[VT] ESC at 1818 next=0x5b (chunk=4096)
[VT] ESC at 1826 next=0x5b (chunk=4096)
[VT] ESC at 1845 next=0x5b (chunk=4096)
[VT] ESC at 1861 next=0x5b (chunk=4096)
[VT] ESC at 1871 next=0x5b (chunk=4096)
[VT] ESC at 1875 next=0x5b (chunk=4096)
[VT] ESC at 1883 next=0x5b (chunk=4096)
[VT] ESC at 1902 next=0x5b (chunk=4096)
[VT] ESC at 1921 next=0x5b (chunk=4096)
[VT] ESC at 1928 next=0x5b (chunk=4096)
[VT] ESC at 1932 next=0x5b (chunk=4096)
[VT] ESC at 1940 next=0x5b (chunk=4096)
[VT] ESC at 1959 next=0x5b (chunk=4096)
[VT] ESC at 1975 next=0x5b (chunk=4096)
[VT] ESC at 1980 next=0x5b (chunk=4096)
[VT] ESC at 1984 next=0x5b (chunk=4096)
[VT] ESC at 1992 next=0x5b (chunk=4096)
[VT] ESC at 2011 next=0x5b (chunk=4096)
[VT] ESC at 2030 next=0x5b (chunk=4096)
[VT] ESC at 2037 next=0x5b (chunk=4096)
[VT] ESC at 2041 next=0x5b (chunk=4096)
[VT] ESC at 2049 next=0x5b (chunk=4096)
[VT] ESC at 2068 next=0x5b (chunk=4096)
[VT] ESC at 2084 next=0x5b (chunk=4096)
[VT] ESC at 2091 next=0x5b (chunk=4096)
[VT] ESC at 2095 next=0x5b (chunk=4096)
[VT] ESC at 2103 next=0x5b (chunk=4096)
[VT] ESC at 2122 next=0x5b (chunk=4096)
[VT] ESC at 2138 next=0x5b (chunk=4096)
[VT] ESC at 2145 next=0x5b (chunk=4096)
[VT] ESC at 2149 next=0x5b (chunk=4096)
[VT] ESC at 2157 next=0x5b (chunk=4096)
[VT] ESC at 2176 next=0x5b (chunk=4096)
[VT] ESC at 2195 next=0x5b (chunk=4096)
[VT] ESC at 2202 next=0x5b (chunk=4096)
[VT] ESC at 2206 next=0x5b (chunk=4096)
[VT] ESC at 2214 next=0x5b (chunk=4096)
[VT] ESC at 2233 next=0x5b (chunk=4096)
[VT] ESC at 2277 next=0x5b (chunk=4096)
[VT] ESC at 2284 next=0x5b (chunk=4096)
[VT] ESC at 2303 next=0x5b (chunk=4096)
[VT] ESC at 2347 next=0x5b (chunk=4096)
[VT] ESC at 2351 next=0x5b (chunk=4096)
[VT] ESC at 2359 next=0x5b (chunk=4096)
[VT] ESC at 2378 next=0x5b (chunk=4096)
[VT] ESC at 2400 next=0x5b (chunk=4096)
[VT] ESC at 2404 next=0x5b (chunk=4096)
[VT] ESC at 2412 next=0x5b (chunk=4096)
[VT] ESC at 2431 next=0x5b (chunk=4096)
[VT] ESC at 2448 next=0x5b (chunk=4096)
[VT] ESC at 2452 next=0x5b (chunk=4096)
[VT] ESC at 2460 next=0x5b (chunk=4096)
[VT] ESC at 2479 next=0x5b (chunk=4096)
[VT] ESC at 2496 next=0x5b (chunk=4096)
[VT] ESC at 2500 next=0x5b (chunk=4096)
[VT] ESC at 2508 next=0x5b (chunk=4096)
[VT] ESC at 2527 next=0x5b (chunk=4096)
[VT] ESC at 2549 next=0x5b (chunk=4096)
[VT] ESC at 2553 next=0x5b (chunk=4096)
[VT] ESC at 2561 next=0x5b (chunk=4096)
[VT] ESC at 2580 next=0x5b (chunk=4096)
[VT] ESC at 2597 next=0x5b (chunk=4096)
[VT] ESC at 2601 next=0x5b (chunk=4096)
[VT] ESC at 2609 next=0x5b (chunk=4096)
[VT] ESC at 2628 next=0x5b (chunk=4096)
[VT] ESC at 2650 next=0x5b (chunk=4096)
[VT] ESC at 2654 next=0x5b (chunk=4096)
[VT] ESC at 2662 next=0x5b (chunk=4096)
[VT] ESC at 2681 next=0x5b (chunk=4096)
[VT] ESC at 2699 next=0x5b (chunk=4096)
[VT] ESC at 2703 next=0x5b (chunk=4096)
[VT] ESC at 2711 next=0x5b (chunk=4096)
[VT] ESC at 2730 next=0x5b (chunk=4096)
[VT] ESC at 2752 next=0x5b (chunk=4096)
[VT] ESC at 2756 next=0x5b (chunk=4096)
[VT] ESC at 2764 next=0x5b (chunk=4096)
[VT] ESC at 2783 next=0x5b (chunk=4096)
[VT] ESC at 2800 next=0x5b (chunk=4096)
[VT] ESC at 2804 next=0x5b (chunk=4096)
[VT] ESC at 2812 next=0x5b (chunk=4096)
[VT] ESC at 2831 next=0x5b (chunk=4096)
[VT] ESC at 2853 next=0x5b (chunk=4096)
[VT] ESC at 2857 next=0x5b (chunk=4096)
[VT] ESC at 2865 next=0x5b (chunk=4096)
[VT] ESC at 2884 next=0x5b (chunk=4096)
[VT] ESC at 2909 next=0x5b (chunk=4096)
[VT] ESC at 2913 next=0x5b (chunk=4096)
[VT] ESC at 2921 next=0x5b (chunk=4096)
[VT] ESC at 2940 next=0x5b (chunk=4096)
[VT] ESC at 2957 next=0x5b (chunk=4096)
[VT] ESC at 2961 next=0x5b (chunk=4096)
[VT] ESC at 2969 next=0x5b (chunk=4096)
[VT] ESC at 2988 next=0x5b (chunk=4096)
[VT] ESC at 3010 next=0x5b (chunk=4096)
[VT] ESC at 3014 next=0x5b (chunk=4096)
[VT] ESC at 3022 next=0x5b (chunk=4096)
[VT] ESC at 3041 next=0x5b (chunk=4096)
[VT] ESC at 3059 next=0x5b (chunk=4096)
[VT] ESC at 3063 next=0x5b (chunk=4096)
[VT] ESC at 3071 next=0x5b (chunk=4096)
[VT] ESC at 3090 next=0x5b (chunk=4096)
[VT] ESC at 3112 next=0x5b (chunk=4096)
[VT] ESC at 3116 next=0x5b (chunk=4096)
[VT] ESC at 3124 next=0x5b (chunk=4096)
[VT] ESC at 3143 next=0x5b (chunk=4096)
[VT] ESC at 3160 next=0x5b (chunk=4096)
[VT] ESC at 3164 next=0x5b (chunk=4096)
[VT] ESC at 3172 next=0x5b (chunk=4096)
[VT] ESC at 3191 next=0x5b (chunk=4096)
[VT] ESC at 3210 next=0x5b (chunk=4096)
[VT] ESC at 3217 next=0x5b (chunk=4096)
[VT] ESC at 3221 next=0x5b (chunk=4096)
[VT] ESC at 3229 next=0x5b (chunk=4096)
[VT] ESC at 3248 next=0x5b (chunk=4096)
[VT] ESC at 3264 next=0x5b (chunk=4096)
[VT] ESC at 3271 next=0x5b (chunk=4096)
[VT] ESC at 3275 next=0x5b (chunk=4096)
[VT] ESC at 3283 next=0x5b (chunk=4096)
[VT] ESC at 3302 next=0x5b (chunk=4096)
[VT] ESC at 3318 next=0x5b (chunk=4096)
[VT] ESC at 3323 next=0x5b (chunk=4096)
[VT] ESC at 3327 next=0x5b (chunk=4096)
[VT] ESC at 3335 next=0x5b (chunk=4096)
[VT] ESC at 3354 next=0x5b (chunk=4096)
[VT] ESC at 3373 next=0x5b (chunk=4096)
[VT] ESC at 3380 next=0x5b (chunk=4096)
[VT] ESC at 3384 next=0x5b (chunk=4096)
[VT] ESC at 3392 next=0x5b (chunk=4096)
[VT] ESC at 3411 next=0x5b (chunk=4096)
[VT] ESC at 3427 next=0x5b (chunk=4096)
[VT] ESC at 3433 next=0x5b (chunk=4096)
[VT] ESC at 3437 next=0x5b (chunk=4096)
[VT] ESC at 3445 next=0x5b (chunk=4096)
[VT] ESC at 3464 next=0x5b (chunk=4096)
[VT] ESC at 3483 next=0x5b (chunk=4096)
[VT] ESC at 3490 next=0x5b (chunk=4096)
[VT] ESC at 3494 next=0x5b (chunk=4096)
[VT] ESC at 3502 next=0x5b (chunk=4096)
[VT] ESC at 3521 next=0x5b (chunk=4096)
[VT] ESC at 3537 next=0x5b (chunk=4096)
[VT] ESC at 3542 next=0x5b (chunk=4096)
[VT] ESC at 3546 next=0x5b (chunk=4096)
[VT] ESC at 3554 next=0x5b (chunk=4096)
[VT] ESC at 3573 next=0x5b (chunk=4096)
[VT] ESC at 3592 next=0x5b (chunk=4096)
[VT] ESC at 3599 next=0x5b (chunk=4096)
[VT] ESC at 3603 next=0x5b (chunk=4096)
[VT] ESC at 3611 next=0x5b (chunk=4096)
[VT] ESC at 3630 next=0x5b (chunk=4096)
[VT] ESC at 3646 next=0x5b (chunk=4096)
[VT] ESC at 3652 next=0x5b (chunk=4096)
[VT] ESC at 3656 next=0x5b (chunk=4096)
[VT] ESC at 3664 next=0x5b (chunk=4096)
[VT] ESC at 3683 next=0x5b (chunk=4096)
[VT] ESC at 3702 next=0x5b (chunk=4096)
[VT] ESC at 3709 next=0x5b (chunk=4096)
[VT] ESC at 3713 next=0x5b (chunk=4096)
[VT] ESC at 3721 next=0x5b (chunk=4096)
[VT] ESC at 3740 next=0x5b (chunk=4096)
[VT] ESC at 3756 next=0x5b (chunk=4096)
[VT] ESC at 3761 next=0x5b (chunk=4096)
[VT] ESC at 3765 next=0x5b (chunk=4096)
[VT] ESC at 3773 next=0x5b (chunk=4096)
[VT] ESC at 3792 next=0x5b (chunk=4096)
[VT] ESC at 3811 next=0x5b (chunk=4096)
[VT] ESC at 3818 next=0x5b (chunk=4096)
[VT] ESC at 3822 next=0x5b (chunk=4096)
[VT] ESC at 3830 next=0x5b (chunk=4096)
[VT] ESC at 3849 next=0x5b (chunk=4096)
[VT] ESC at 3865 next=0x5b (chunk=4096)
[VT] ESC at 3878 next=0x5b (chunk=4096)
[VT] ESC at 3882 next=0x5b (chunk=4096)
[VT] ESC at 3890 next=0x5b (chunk=4096)
[VT] ESC at 3909 next=0x5b (chunk=4096)
[VT] ESC at 3953 next=0x5b (chunk=4096)
[VT] ESC at 3960 next=0x5b (chunk=4096)
[VT] ESC at 3979 next=0x5b (chunk=4096)
[VT] ESC at 4023 next=0x5b (chunk=4096)
[VT] ESC at 4027 next=0x5b (chunk=4096)
[VT] ESC at 4035 next=0x5b (chunk=4096)
[VT] ESC at 4054 next=0x5b (chunk=4096)
[VT] ESC at 4083 next=0x5b (chunk=4096)
[VT] ESC at 4087 next=0x5b (chunk=4096)
[VT] ESC at 4095 next=0x00 (chunk=4096)
[VT] ESC at 18 next=0x5b (chunk=4096)
[VT] ESC at 40 next=0x5b (chunk=4096)
[VT] ESC at 44 next=0x5b (chunk=4096)
[VT] ESC at 52 next=0x5b (chunk=4096)
[VT] ESC at 71 next=0x5b (chunk=4096)
[VT] ESC at 113 next=0x5b (chunk=4096)
[VT] ESC at 117 next=0x5b (chunk=4096)
[VT] ESC at 125 next=0x5b (chunk=4096)
[VT] ESC at 141 next=0x5b (chunk=4096)
[VT] ESC at 163 next=0x5b (chunk=4096)
[VT] ESC at 167 next=0x5b (chunk=4096)
[VT] ESC at 175 next=0x5b (chunk=4096)
[VT] ESC at 194 next=0x5b (chunk=4096)
[VT] ESC at 213 next=0x5b (chunk=4096)
[VT] ESC at 217 next=0x5b (chunk=4096)
[VT] ESC at 225 next=0x5b (chunk=4096)
[VT] ESC at 244 next=0x5b (chunk=4096)
[VT] ESC at 261 next=0x5b (chunk=4096)
[VT] ESC at 265 next=0x5b (chunk=4096)
[VT] ESC at 273 next=0x5b (chunk=4096)
[VT] ESC at 292 next=0x5b (chunk=4096)
[VT] ESC at 308 next=0x5b (chunk=4096)
[VT] ESC at 337 next=0x5b (chunk=4096)
[VT] ESC at 341 next=0x5b (chunk=4096)
[VT] ESC at 349 next=0x5b (chunk=4096)
[VT] ESC at 368 next=0x5b (chunk=4096)
[VT] ESC at 384 next=0x5b (chunk=4096)
[VT] ESC at 389 next=0x5b (chunk=4096)
[VT] ESC at 393 next=0x5b (chunk=4096)
[VT] ESC at 401 next=0x5b (chunk=4096)
[VT] ESC at 420 next=0x5b (chunk=4096)
[VT] ESC at 436 next=0x5b (chunk=4096)
[VT] ESC at 446 next=0x5b (chunk=4096)
[VT] ESC at 450 next=0x5b (chunk=4096)
[VT] ESC at 458 next=0x5b (chunk=4096)
[VT] ESC at 477 next=0x5b (chunk=4096)
[VT] ESC at 493 next=0x5b (chunk=4096)
[VT] ESC at 500 next=0x5b (chunk=4096)
[VT] ESC at 504 next=0x5b (chunk=4096)
[VT] ESC at 512 next=0x5b (chunk=4096)
[VT] ESC at 531 next=0x5b (chunk=4096)
[VT] ESC at 547 next=0x5b (chunk=4096)
[VT] ESC at 555 next=0x5b (chunk=4096)
[VT] ESC at 559 next=0x5b (chunk=4096)
[VT] ESC at 567 next=0x5b (chunk=4096)
[VT] ESC at 586 next=0x5b (chunk=4096)
[VT] ESC at 602 next=0x5b (chunk=4096)
[VT] ESC at 609 next=0x5b (chunk=4096)
[VT] ESC at 613 next=0x5b (chunk=4096)
[VT] ESC at 621 next=0x5b (chunk=4096)
[VT] ESC at 640 next=0x5b (chunk=4096)
[VT] ESC at 656 next=0x5b (chunk=4096)
[VT] ESC at 669 next=0x5b (chunk=4096)
[VT] ESC at 673 next=0x5b (chunk=4096)
[VT] ESC at 681 next=0x5b (chunk=4096)
[VT] ESC at 700 next=0x5b (chunk=4096)
[VT] ESC at 744 next=0x5b (chunk=4096)
[VT] ESC at 751 next=0x5b (chunk=4096)
[VT] ESC at 770 next=0x5b (chunk=4096)
[VT] ESC at 881 next=0x5b (chunk=4096)
[VT] ESC at 888 next=0x5b (chunk=4096)
[VT] ESC at 907 next=0x5b (chunk=4096)
[VT] ESC at 1018 next=0x5b (chunk=4096)
[VT] ESC at 1025 next=0x5b (chunk=4096)
[VT] ESC at 1044 next=0x5b (chunk=4096)
[VT] ESC at 1070 next=0x5b (chunk=4096)
[VT] ESC at 1074 next=0x5b (chunk=4096)
[VT] ESC at 1082 next=0x5b (chunk=4096)
[VT] ESC at 1100 next=0x5b (chunk=4096)
[VT] ESC at 1119 next=0x5b (chunk=4096)
[VT] ESC at 1123 next=0x5b (chunk=4096)
[VT] ESC at 1131 next=0x5b (chunk=4096)
[VT] ESC at 1150 next=0x5b (chunk=4096)
[VT] ESC at 1240 next=0x5b (chunk=4096)
[VT] ESC at 1244 next=0x5b (chunk=4096)
[VT] ESC at 1252 next=0x5b (chunk=4096)
[VT] ESC at 1271 next=0x5b (chunk=4096)
[VT] ESC at 1297 next=0x5b (chunk=4096)
[VT] ESC at 1304 next=0x5b (chunk=4096)
[VT] ESC at 1323 next=0x5b (chunk=4096)
[VT] ESC at 1349 next=0x5b (chunk=4096)
[VT] ESC at 1353 next=0x5b (chunk=4096)
[VT] ESC at 1361 next=0x5b (chunk=4096)
[VT] ESC at 1379 next=0x5b (chunk=4096)
[VT] ESC at 1398 next=0x5b (chunk=4096)
[VT] ESC at 1402 next=0x5b (chunk=4096)
[VT] ESC at 1410 next=0x5b (chunk=4096)
[VT] ESC at 1429 next=0x5b (chunk=4096)
[VT] ESC at 1447 next=0x5b (chunk=4096)
[VT] ESC at 1451 next=0x5b (chunk=4096)
[VT] ESC at 1459 next=0x5b (chunk=4096)
[VT] ESC at 1478 next=0x5b (chunk=4096)
[VT] ESC at 1528 next=0x5b (chunk=4096)
[VT] ESC at 1532 next=0x5b (chunk=4096)
[VT] ESC at 1540 next=0x5b (chunk=4096)
[VT] ESC at 1559 next=0x5b (chunk=4096)
[VT] ESC at 1613 next=0x5b (chunk=4096)
[VT] ESC at 1617 next=0x5b (chunk=4096)
[VT] ESC at 1625 next=0x5b (chunk=4096)
[VT] ESC at 1644 next=0x5b (chunk=4096)
[VT] ESC at 1670 next=0x5b (chunk=4096)
[VT] ESC at 1677 next=0x5b (chunk=4096)
[VT] ESC at 1696 next=0x5b (chunk=4096)
[VT] ESC at 1722 next=0x5b (chunk=4096)
[VT] ESC at 1726 next=0x5b (chunk=4096)
[VT] ESC at 1734 next=0x5b (chunk=4096)
[VT] ESC at 1752 next=0x5b (chunk=4096)
[VT] ESC at 1771 next=0x5b (chunk=4096)
[VT] ESC at 1775 next=0x5b (chunk=4096)
[VT] ESC at 1783 next=0x5b (chunk=4096)
[VT] ESC at 1802 next=0x5b (chunk=4096)
[VT] ESC at 1892 next=0x5b (chunk=4096)
[VT] ESC at 1896 next=0x5b (chunk=4096)
[VT] ESC at 1904 next=0x5b (chunk=4096)
[VT] ESC at 1923 next=0x5b (chunk=4096)
[VT] ESC at 1949 next=0x5b (chunk=4096)
[VT] ESC at 1956 next=0x5b (chunk=4096)
[VT] ESC at 1975 next=0x5b (chunk=4096)
[VT] ESC at 2001 next=0x5b (chunk=4096)
[VT] ESC at 2005 next=0x5b (chunk=4096)
[VT] ESC at 2013 next=0x5b (chunk=4096)
[VT] ESC at 2031 next=0x5b (chunk=4096)
[VT] ESC at 2050 next=0x5b (chunk=4096)
[VT] ESC at 2054 next=0x5b (chunk=4096)
[VT] ESC at 2062 next=0x5b (chunk=4096)
[VT] ESC at 2081 next=0x5b (chunk=4096)
[VT] ESC at 2099 next=0x5b (chunk=4096)
[VT] ESC at 2103 next=0x5b (chunk=4096)
[VT] ESC at 2111 next=0x5b (chunk=4096)
[VT] ESC at 2129 next=0x5b (chunk=4096)
[VT] ESC at 2150 next=0x5b (chunk=4096)
[VT] ESC at 2154 next=0x5b (chunk=4096)
[VT] ESC at 2162 next=0x5b (chunk=4096)
[VT] ESC at 2181 next=0x5b (chunk=4096)
[VT] ESC at 2198 next=0x5b (chunk=4096)
[VT] ESC at 2202 next=0x5b (chunk=4096)
[VT] ESC at 2210 next=0x5b (chunk=4096)
[VT] ESC at 2229 next=0x5b (chunk=4096)
[VT] ESC at 2247 next=0x5b (chunk=4096)
[VT] ESC at 2251 next=0x5b (chunk=4096)
[VT] ESC at 2259 next=0x5b (chunk=4096)
[VT] ESC at 2278 next=0x5b (chunk=4096)
[VT] ESC at 2295 next=0x5b (chunk=4096)
[VT] ESC at 2299 next=0x5b (chunk=4096)
[VT] ESC at 2307 next=0x5b (chunk=4096)
[VT] ESC at 2326 next=0x5b (chunk=4096)
[VT] ESC at 2359 next=0x5b (chunk=4096)
[VT] ESC at 2363 next=0x5b (chunk=4096)
[VT] ESC at 2371 next=0x5b (chunk=4096)
[VT] ESC at 2390 next=0x5b (chunk=4096)
[VT] ESC at 2407 next=0x5b (chunk=4096)
[VT] ESC at 2411 next=0x5b (chunk=4096)
[VT] ESC at 2419 next=0x5b (chunk=4096)
[VT] ESC at 2438 next=0x5b (chunk=4096)
[VT] ESC at 2465 next=0x5b (chunk=4096)
[VT] ESC at 2469 next=0x5b (chunk=4096)
[VT] ESC at 2477 next=0x5b (chunk=4096)
[VT] ESC at 2496 next=0x5b (chunk=4096)
[VT] ESC at 2547 next=0x5b (chunk=4096)
[VT] ESC at 2551 next=0x5b (chunk=4096)
[VT] ESC at 2559 next=0x5b (chunk=4096)
[VT] ESC at 2578 next=0x5b (chunk=4096)
[VT] ESC at 2604 next=0x5b (chunk=4096)
[VT] ESC at 2611 next=0x5b (chunk=4096)
[VT] ESC at 2630 next=0x5b (chunk=4096)
[VT] ESC at 2656 next=0x5b (chunk=4096)
[VT] ESC at 2660 next=0x5b (chunk=4096)
[VT] ESC at 2668 next=0x5b (chunk=4096)
[VT] ESC at 2686 next=0x5b (chunk=4096)
[VT] ESC at 2705 next=0x5b (chunk=4096)
[VT] ESC at 2709 next=0x5b (chunk=4096)
[VT] ESC at 2717 next=0x5b (chunk=4096)
[VT] ESC at 2733 next=0x5b (chunk=4096)
[VT] ESC at 2971 next=0x5b (chunk=4096)
[VT] ESC at 2975 next=0x5b (chunk=4096)
[VT] ESC at 2983 next=0x5b (chunk=4096)
[VT] ESC at 3002 next=0x5b (chunk=4096)
[VT] ESC at 3028 next=0x5b (chunk=4096)
[VT] ESC at 3035 next=0x5b (chunk=4096)
[VT] ESC at 3054 next=0x5b (chunk=4096)
[VT] ESC at 3128 next=0x5b (chunk=4096)
[VT] ESC at 3132 next=0x5b (chunk=4096)
[VT] ESC at 3140 next=0x5b (chunk=4096)
[VT] ESC at 3159 next=0x5b (chunk=4096)
[VT] ESC at 3179 next=0x5b (chunk=4096)
[VT] ESC at 3183 next=0x5b (chunk=4096)
[VT] ESC at 3191 next=0x5b (chunk=4096)
[VT] ESC at 3210 next=0x5b (chunk=4096)
[VT] ESC at 3232 next=0x5b (chunk=4096)
[VT] ESC at 3236 next=0x5b (chunk=4096)
[VT] ESC at 3244 next=0x5b (chunk=4096)
[VT] ESC at 3263 next=0x5b (chunk=4096)
[VT] ESC at 3281 next=0x5b (chunk=4096)
[VT] ESC at 3285 next=0x5b (chunk=4096)
[VT] ESC at 3293 next=0x5b (chunk=4096)
[VT] ESC at 3312 next=0x5b (chunk=4096)
[VT] ESC at 3335 next=0x5b (chunk=4096)
[VT] ESC at 3339 next=0x5b (chunk=4096)
[VT] ESC at 3347 next=0x5b (chunk=4096)
[VT] ESC at 3366 next=0x5b (chunk=4096)
[VT] ESC at 3390 next=0x5b (chunk=4096)
[VT] ESC at 3394 next=0x5b (chunk=4096)
[VT] ESC at 3402 next=0x5b (chunk=4096)
[VT] ESC at 3421 next=0x5b (chunk=4096)
[VT] ESC at 3447 next=0x5b (chunk=4096)
[VT] ESC at 3454 next=0x5b (chunk=4096)
[VT] ESC at 3473 next=0x5b (chunk=4096)
[VT] ESC at 3584 next=0x5b (chunk=4096)
[VT] ESC at 3591 next=0x5b (chunk=4096)
[VT] ESC at 3610 next=0x5b (chunk=4096)
[VT] ESC at 3721 next=0x5b (chunk=4096)
[VT] ESC at 3728 next=0x5b (chunk=4096)
[VT] ESC at 3747 next=0x5b (chunk=4096)
[VT] ESC at 3858 next=0x5b (chunk=4096)
[VT] ESC at 3865 next=0x5b (chunk=4096)
[VT] ESC at 3884 next=0x5b (chunk=4096)
[VT] ESC at 3910 next=0x5b (chunk=4096)
[VT] ESC at 3914 next=0x5b (chunk=4096)
[VT] ESC at 3922 next=0x5b (chunk=4096)
[VT] ESC at 3940 next=0x5b (chunk=4096)
[VT] ESC at 3964 next=0x5b (chunk=4096)
[VT] ESC at 3968 next=0x5b (chunk=4096)
[VT] ESC at 3976 next=0x5b (chunk=4096)
[VT] ESC at 3995 next=0x5b (chunk=4096)
[VT] ESC at 4015 next=0x5b (chunk=4096)
[VT] ESC at 4019 next=0x5b (chunk=4096)
[VT] ESC at 4027 next=0x5b (chunk=4096)
[VT] ESC at 4046 next=0x5b (chunk=4096)
[VT] ESC at 4065 next=0x5b (chunk=4096)
[VT] ESC at 4069 next=0x5b (chunk=4096)
[VT] ESC at 4077 next=0x5b (chunk=4096)
[VT] ESC at 0 next=0x5b (chunk=2865)
[VT] ESC at 26 next=0x5b (chunk=2865)
[VT] ESC at 30 next=0x5b (chunk=2865)
[VT] ESC at 38 next=0x5b (chunk=2865)
[VT] ESC at 57 next=0x5b (chunk=2865)
[VT] ESC at 92 next=0x5b (chunk=2865)
[VT] ESC at 96 next=0x5b (chunk=2865)
[VT] ESC at 104 next=0x5b (chunk=2865)
[VT] ESC at 123 next=0x5b (chunk=2865)
[VT] ESC at 166 next=0x5b (chunk=2865)
[VT] ESC at 170 next=0x5b (chunk=2865)
[VT] ESC at 178 next=0x5b (chunk=2865)
[VT] ESC at 197 next=0x5b (chunk=2865)
[VT] ESC at 229 next=0x5b (chunk=2865)
[VT] ESC at 236 next=0x5b (chunk=2865)
[VT] ESC at 255 next=0x5b (chunk=2865)
[VT] ESC at 287 next=0x5b (chunk=2865)
[VT] ESC at 291 next=0x5b (chunk=2865)
[VT] ESC at 299 next=0x5b (chunk=2865)
[VT] ESC at 318 next=0x5b (chunk=2865)
[VT] ESC at 341 next=0x5b (chunk=2865)
[VT] ESC at 345 next=0x5b (chunk=2865)
[VT] ESC at 353 next=0x5b (chunk=2865)
[VT] ESC at 372 next=0x5b (chunk=2865)
[VT] ESC at 460 next=0x5b (chunk=2865)
[VT] ESC at 467 next=0x5b (chunk=2865)
[VT] ESC at 486 next=0x5b (chunk=2865)
[VT] ESC at 597 next=0x5b (chunk=2865)
[VT] ESC at 604 next=0x5b (chunk=2865)
[VT] ESC at 623 next=0x5b (chunk=2865)
[VT] ESC at 734 next=0x5b (chunk=2865)
[VT] ESC at 741 next=0x5b (chunk=2865)
[VT] ESC at 760 next=0x5b (chunk=2865)
[VT] ESC at 871 next=0x5b (chunk=2865)
[VT] ESC at 878 next=0x5b (chunk=2865)
[VT] ESC at 897 next=0x5b (chunk=2865)
[VT] ESC at 1008 next=0x5b (chunk=2865)
[VT] ESC at 1015 next=0x5b (chunk=2865)
[VT] ESC at 1034 next=0x5b (chunk=2865)
[VT] ESC at 1145 next=0x5b (chunk=2865)
[VT] ESC at 1152 next=0x5b (chunk=2865)
[VT] ESC at 1171 next=0x5b (chunk=2865)
[VT] ESC at 1282 next=0x5b (chunk=2865)
[VT] ESC at 1289 next=0x5b (chunk=2865)
[VT] ESC at 1308 next=0x5b (chunk=2865)
[VT] ESC at 1419 next=0x5b (chunk=2865)
[VT] ESC at 1426 next=0x5b (chunk=2865)
[VT] ESC at 1445 next=0x5b (chunk=2865)
[VT] ESC at 1556 next=0x5b (chunk=2865)
[VT] ESC at 1563 next=0x5b (chunk=2865)
[VT] ESC at 1582 next=0x5b (chunk=2865)
[VT] ESC at 1693 next=0x5b (chunk=2865)
[VT] ESC at 1700 next=0x5b (chunk=2865)
[VT] ESC at 1719 next=0x5b (chunk=2865)
[VT] ESC at 1830 next=0x5b (chunk=2865)
[VT] ESC at 1837 next=0x5b (chunk=2865)
[VT] ESC at 1856 next=0x5b (chunk=2865)
[VT] ESC at 1967 next=0x5b (chunk=2865)
[VT] ESC at 1974 next=0x5b (chunk=2865)
[VT] ESC at 1993 next=0x5b (chunk=2865)
[VT] ESC at 2104 next=0x5b (chunk=2865)
[VT] ESC at 2111 next=0x5b (chunk=2865)
[VT] ESC at 2130 next=0x5b (chunk=2865)
[VT] ESC at 2241 next=0x5b (chunk=2865)
[VT] ESC at 2248 next=0x5b (chunk=2865)
[VT] ESC at 2267 next=0x5b (chunk=2865)
[VT] ESC at 2378 next=0x5b (chunk=2865)
[VT] ESC at 2385 next=0x5b (chunk=2865)
[VT] ESC at 2404 next=0x5b (chunk=2865)
[VT] ESC at 2422 next=0x5b (chunk=2865)
[VT] ESC at 2426 next=0x5b (chunk=2865)
[VT] ESC at 2433 next=0x5b (chunk=2865)
[VT] ESC at 2452 next=0x5b (chunk=2865)
[VT] ESC at 2484 next=0x5b (chunk=2865)
[VT] ESC at 2488 next=0x5b (chunk=2865)
[VT] ESC at 2496 next=0x5b (chunk=2865)
[VT] ESC at 2515 next=0x5b (chunk=2865)
[VT] ESC at 2599 next=0x5b (chunk=2865)
[VT] ESC at 2603 next=0x5b (chunk=2865)
[VT] ESC at 2611 next=0x5b (chunk=2865)
[VT] ESC at 2630 next=0x5b (chunk=2865)
[VT] ESC at 2653 next=0x5b (chunk=2865)
[VT] ESC at 2657 next=0x5b (chunk=2865)
[VT] ESC at 2665 next=0x5b (chunk=2865)
[VT] ESC at 2684 next=0x5b (chunk=2865)
[VT] ESC at 2702 next=0x5b (chunk=2865)
[VT] ESC at 2709 next=0x5b (chunk=2865)
[VT] ESC at 2728 next=0x5b (chunk=2865)
[VT] ESC at 2839 next=0x5b (chunk=2865)
[VT] ESC at 2843 next=0x5b (chunk=2865)
[VT] ESC at 2851 next=0x5b (chunk=2865)
[VT] ESC at 2857 next=0x5b (chunk=2865)
[VT] ESC at 354 next=0x5b (chunk=2036)
[VT] ESC at 391 next=0x5b (chunk=2036)
[VT] ESC at 426 next=0x5b (chunk=2036)
[VT] ESC at 436 next=0x5b (chunk=2036)
[VT] ESC at 493 next=0x5b (chunk=2036)
[VT] ESC at 496 next=0x5b (chunk=2036)
[VT] ESC at 505 next=0x5b (chunk=2036)
[VT] ESC at 542 next=0x5b (chunk=2036)
[VT] ESC at 579 next=0x5b (chunk=2036)
[VT] ESC at 616 next=0x5b (chunk=2036)
[VT] ESC at 640 next=0x5b (chunk=2036)
[VT] ESC at 662 next=0x5b (chunk=2036)
[VT] ESC at 700 next=0x5b (chunk=2036)
[VT] ESC at 738 next=0x5b (chunk=2036)
[VT] ESC at 776 next=0x5b (chunk=2036)
[VT] ESC at 785 next=0x5b (chunk=2036)
[VT] ESC at 829 next=0x5b (chunk=2036)
[VT] ESC at 832 next=0x5b (chunk=2036)
[VT] ESC at 840 next=0x5b (chunk=2036)
[VT] ESC at 862 next=0x5b (chunk=2036)
[VT] ESC at 899 next=0x5b (chunk=2036)
[VT] ESC at 936 next=0x5b (chunk=2036)
[VT] ESC at 943 next=0x5b (chunk=2036)
[VT] ESC at 980 next=0x5b (chunk=2036)
[VT] ESC at 1018 next=0x5b (chunk=2036)
[VT] ESC at 1043 next=0x5b (chunk=2036)
[VT] ESC at 1051 next=0x5b (chunk=2036)
[VT] ESC at 1086 next=0x5b (chunk=2036)
[VT] ESC at 1089 next=0x5b (chunk=2036)
[VT] ESC at 1096 next=0x5b (chunk=2036)
[VT] ESC at 1118 next=0x5b (chunk=2036)
[VT] ESC at 1157 next=0x5b (chunk=2036)
[VT] ESC at 1182 next=0x5b (chunk=2036)
[VT] ESC at 1191 next=0x5b (chunk=2036)
[VT] ESC at 1212 next=0x5b (chunk=2036)
[VT] ESC at 1249 next=0x5b (chunk=2036)
[VT] ESC at 1273 next=0x5b (chunk=2036)
[VT] ESC at 1276 next=0x5b (chunk=2036)
[VT] ESC at 1281 next=0x5b (chunk=2036)
[VT] ESC at 1285 next=0x5b (chunk=2036)
[VT] ESC at 1587 next=0x5b (chunk=2036)
[VT] ESC at 1592 next=0x5b (chunk=2036)
[VT] ESC at 1612 next=0x5b (chunk=2036)
[VT] ESC at 1615 next=0x5b (chunk=2036)
[VT] ESC at 1620 next=0x5b (chunk=2036)
[VT] ESC at 1922 next=0x5b (chunk=2036)
[VT] ESC at 1927 next=0x5b (chunk=2036)
[VT] ESC at 1961 next=0x5b (chunk=2036)
[VT] ESC at 1964 next=0x5b (chunk=2036)
[VT] ESC at 1969 next=0x5b (chunk=2036)
[VT] ESC at 1974 next=0x5b (chunk=2036)
[VT] ESC at 2018 next=0x5b (chunk=2036)
[VT] ESC at 2022 next=0x5b (chunk=2036)
[VT] ESC at 2026 next=0x5b (chunk=2036)
[VT] ESC at 2030 next=0x5b (chunk=2036)
[VT] ESC at 0 next=0x5b (chunk=32)
[VT] ESC at 8 next=0x5b (chunk=32)
[VT] ESC at 16 next=0x5b (chunk=32)
[VT] ESC at 24 next=0x5b (chunk=32)
[VT] ESC at 0 next=0x5b (chunk=6)
[VT] ESC at 0 next=0x5b (chunk=17)
[VT] ESC at 4 next=0x5b (chunk=17)
[VT] ESC at 12 next=0x5b (chunk=17)
[VT] ESC at 0 next=0x5b (chunk=32)
[VT] ESC at 8 next=0x5b (chunk=32)
[VT] ESC at 16 next=0x5b (chunk=32)
[VT] ESC at 24 next=0x5b (chunk=32)
[VT] ESC at 0 next=0x5b (chunk=5)
[VT] ESC at 0 next=0x5b (chunk=4)
[VT] ESC at 0 next=0x5b (chunk=16)
[VT] ESC at 8 next=0x5b (chunk=16)
[VT] ESC at 0 next=0x5b (chunk=8)
[VT] ESC at 0 next=0x5b (chunk=8)
[VT] ESC at 0 next=0x5b (chunk=6)
[VT] ESC at 0 next=0x37 (chunk=7)
[VT] ESC at 2 next=0x5b (chunk=7)
[VT] ESC at 5 next=0x38 (chunk=7)
[VT] ESC at 0 next=0x5b (chunk=6)
[VT] ESC at 0 next=0x5b (chunk=5)
[VT] ESC at 0 next=0x5b (chunk=4)
[VT] ESC at 0 next=0x5b (chunk=16)
[VT] ESC at 8 next=0x5b (chunk=16)
[VT] ESC at 0 next=0x5b (chunk=8)
[VT] ESC at 0 next=0x5b (chunk=8)
[VT] ESC at 0 next=0x5b (chunk=49)
[VT] ESC at 8 next=0x5b (chunk=49)
[VT] ESC at 16 next=0x5b (chunk=49)
[VT] ESC at 24 next=0x5b (chunk=49)
[VT] ESC at 32 next=0x5b (chunk=49)
[VT] ESC at 36 next=0x5b (chunk=49)
[VT] ESC at 44 next=0x5b (chunk=49)
[VT] ESC at 0 next=0x5b (chunk=5)
[VT] ESC at 0 next=0x5b (chunk=4)
[VT] ESC at 0 next=0x5b (chunk=16)
[VT] ESC at 8 next=0x5b (chunk=16)
[VT] ESC at 0 next=0x5b (chunk=8)
[VT] ESC at 0 next=0x5b (chunk=8)
[VT] ESC at 0 next=0x5b (chunk=6)
[VT] ESC at 0 next=0x37 (chunk=7)
[VT] ESC at 2 next=0x5b (chunk=7)
[VT] ESC at 5 next=0x38 (chunk=7)
[VT] ESC at 0 next=0x5d (chunk=6)
[VT] ESC at 4 next=0x5c (chunk=6)
[VT] ESC at 0 next=0x5b (chunk=6)
[VT] ESC at 0 next=0x5b (chunk=16)
[VT] ESC at 8 next=0x5b (chunk=16)
[VT] ESC at 0 next=0x5b (chunk=4096)
[VT] ESC at 8 next=0x5b (chunk=4096)
[VT] ESC at 14 next=0x5b (chunk=4096)
[VT] ESC at 22 next=0x5b (chunk=4096)
[VT] ESC at 41 next=0x5b (chunk=4096)
[VT] ESC at 59 next=0x5b (chunk=4096)
[VT] ESC at 63 next=0x5b (chunk=4096)
[VT] ESC at 71 next=0x5b (chunk=4096)
[VT] ESC at 90 next=0x5b (chunk=4096)
[VT] ESC at 107 next=0x5b (chunk=4096)
[VT] ESC at 111 next=0x5b (chunk=4096)
[VT] ESC at 119 next=0x5b (chunk=4096)
[VT] ESC at 138 next=0x5b (chunk=4096)
[VT] ESC at 155 next=0x5b (chunk=4096)
[VT] ESC at 159 next=0x5b (chunk=4096)
[VT] ESC at 167 next=0x5b (chunk=4096)
[VT] ESC at 186 next=0x5b (chunk=4096)
[VT] ESC at 203 next=0x5b (chunk=4096)
[VT] ESC at 207 next=0x5b (chunk=4096)
[VT] ESC at 215 next=0x5b (chunk=4096)
[VT] ESC at 234 next=0x5b (chunk=4096)
[VT] ESC at 251 next=0x5b (chunk=4096)
[VT] ESC at 255 next=0x5b (chunk=4096)
[VT] ESC at 263 next=0x5b (chunk=4096)
[VT] ESC at 282 next=0x5b (chunk=4096)
[VT] ESC at 299 next=0x5b (chunk=4096)
[VT] ESC at 303 next=0x5b (chunk=4096)
[VT] ESC at 311 next=0x5b (chunk=4096)
[VT] ESC at 330 next=0x5b (chunk=4096)
[VT] ESC at 347 next=0x5b (chunk=4096)
[VT] ESC at 351 next=0x5b (chunk=4096)
[VT] ESC at 359 next=0x5b (chunk=4096)
[VT] ESC at 378 next=0x5b (chunk=4096)
[VT] ESC at 396 next=0x5b (chunk=4096)
[VT] ESC at 400 next=0x5b (chunk=4096)
[VT] ESC at 408 next=0x5b (chunk=4096)
[VT] ESC at 427 next=0x5b (chunk=4096)
[VT] ESC at 444 next=0x5b (chunk=4096)
[VT] ESC at 448 next=0x5b (chunk=4096)
[VT] ESC at 456 next=0x5b (chunk=4096)
[VT] ESC at 475 next=0x5b (chunk=4096)
[VT] ESC at 493 next=0x5b (chunk=4096)
[VT] ESC at 497 next=0x5b (chunk=4096)
[VT] ESC at 505 next=0x5b (chunk=4096)
[VT] ESC at 524 next=0x5b (chunk=4096)
[VT] ESC at 541 next=0x5b (chunk=4096)
[VT] ESC at 545 next=0x5b (chunk=4096)
[VT] ESC at 553 next=0x5b (chunk=4096)
[VT] ESC at 572 next=0x5b (chunk=4096)
[VT] ESC at 589 next=0x5b (chunk=4096)
[VT] ESC at 593 next=0x5b (chunk=4096)
[VT] ESC at 601 next=0x5b (chunk=4096)
[VT] ESC at 620 next=0x5b (chunk=4096)
[VT] ESC at 637 next=0x5b (chunk=4096)
[VT] ESC at 641 next=0x5b (chunk=4096)
[VT] ESC at 649 next=0x5b (chunk=4096)
[VT] ESC at 668 next=0x5b (chunk=4096)
[VT] ESC at 685 next=0x5b (chunk=4096)
[VT] ESC at 689 next=0x5b (chunk=4096)
[VT] ESC at 697 next=0x5b (chunk=4096)
[VT] ESC at 716 next=0x5b (chunk=4096)
[VT] ESC at 733 next=0x5b (chunk=4096)
[VT] ESC at 737 next=0x5b (chunk=4096)
[VT] ESC at 745 next=0x5b (chunk=4096)
[VT] ESC at 764 next=0x5b (chunk=4096)
[VT] ESC at 781 next=0x5b (chunk=4096)
[VT] ESC at 785 next=0x5b (chunk=4096)
[VT] ESC at 793 next=0x5b (chunk=4096)
[VT] ESC at 812 next=0x5b (chunk=4096)
[VT] ESC at 828 next=0x5b (chunk=4096)
[VT] ESC at 833 next=0x5b (chunk=4096)
[VT] ESC at 837 next=0x5b (chunk=4096)
[VT] ESC at 845 next=0x5b (chunk=4096)
[VT] ESC at 864 next=0x5b (chunk=4096)
[VT] ESC at 880 next=0x5b (chunk=4096)
[VT] ESC at 886 next=0x5b (chunk=4096)
[VT] ESC at 890 next=0x5b (chunk=4096)
[VT] ESC at 898 next=0x5b (chunk=4096)
[VT] ESC at 917 next=0x5b (chunk=4096)
[VT] ESC at 933 next=0x5b (chunk=4096)
[VT] ESC at 938 next=0x5b (chunk=4096)
[VT] ESC at 942 next=0x5b (chunk=4096)
[VT] ESC at 950 next=0x5b (chunk=4096)
[VT] ESC at 969 next=0x5b (chunk=4096)
[VT] ESC at 985 next=0x5b (chunk=4096)
[VT] ESC at 990 next=0x5b (chunk=4096)
[VT] ESC at 994 next=0x5b (chunk=4096)
[VT] ESC at 1002 next=0x5b (chunk=4096)
[VT] ESC at 1021 next=0x5b (chunk=4096)
[VT] ESC at 1037 next=0x5b (chunk=4096)
[VT] ESC at 1042 next=0x5b (chunk=4096)
[VT] ESC at 1046 next=0x5b (chunk=4096)
[VT] ESC at 1054 next=0x5b (chunk=4096)
[VT] ESC at 1073 next=0x5b (chunk=4096)
[VT] ESC at 1089 next=0x5b (chunk=4096)
[VT] ESC at 1096 next=0x5b (chunk=4096)
[VT] ESC at 1100 next=0x5b (chunk=4096)
[VT] ESC at 1108 next=0x5b (chunk=4096)
[VT] ESC at 1127 next=0x5b (chunk=4096)
[VT] ESC at 1143 next=0x5b (chunk=4096)
[VT] ESC at 1148 next=0x5b (chunk=4096)
[VT] ESC at 1152 next=0x5b (chunk=4096)
[VT] ESC at 1160 next=0x5b (chunk=4096)
[VT] ESC at 1179 next=0x5b (chunk=4096)
[VT] ESC at 1195 next=0x5b (chunk=4096)
[VT] ESC at 1200 next=0x5b (chunk=4096)
[VT] ESC at 1204 next=0x5b (chunk=4096)
[VT] ESC at 1212 next=0x5b (chunk=4096)
[VT] ESC at 1231 next=0x5b (chunk=4096)
[VT] ESC at 1247 next=0x5b (chunk=4096)
[VT] ESC at 1252 next=0x5b (chunk=4096)
[VT] ESC at 1256 next=0x5b (chunk=4096)
[VT] ESC at 1264 next=0x5b (chunk=4096)
[VT] ESC at 1283 next=0x5b (chunk=4096)
[VT] ESC at 1299 next=0x5b (chunk=4096)
[VT] ESC at 1304 next=0x5b (chunk=4096)
[VT] ESC at 1308 next=0x5b (chunk=4096)
[VT] ESC at 1316 next=0x5b (chunk=4096)
[VT] ESC at 1335 next=0x5b (chunk=4096)
[VT] ESC at 1351 next=0x5b (chunk=4096)
[VT] ESC at 1358 next=0x5b (chunk=4096)
[VT] ESC at 1362 next=0x5b (chunk=4096)
[VT] ESC at 1370 next=0x5b (chunk=4096)
[VT] ESC at 1389 next=0x5b (chunk=4096)
[VT] ESC at 1405 next=0x5b (chunk=4096)
[VT] ESC at 1410 next=0x5b (chunk=4096)
[VT] ESC at 1414 next=0x5b (chunk=4096)
[VT] ESC at 1422 next=0x5b (chunk=4096)
[VT] ESC at 1441 next=0x5b (chunk=4096)
[VT] ESC at 1457 next=0x5b (chunk=4096)
[VT] ESC at 1462 next=0x5b (chunk=4096)
[VT] ESC at 1466 next=0x5b (chunk=4096)
[VT] ESC at 1474 next=0x5b (chunk=4096)
[VT] ESC at 1493 next=0x5b (chunk=4096)
[VT] ESC at 1509 next=0x5b (chunk=4096)
[VT] ESC at 1514 next=0x5b (chunk=4096)
[VT] ESC at 1518 next=0x5b (chunk=4096)
[VT] ESC at 1526 next=0x5b (chunk=4096)
[VT] ESC at 1545 next=0x5b (chunk=4096)
[VT] ESC at 1561 next=0x5b (chunk=4096)
[VT] ESC at 1566 next=0x5b (chunk=4096)
[VT] ESC at 1570 next=0x5b (chunk=4096)
[VT] ESC at 1578 next=0x5b (chunk=4096)
[VT] ESC at 1597 next=0x5b (chunk=4096)
[VT] ESC at 1613 next=0x5b (chunk=4096)
[VT] ESC at 1618 next=0x5b (chunk=4096)
[VT] ESC at 1622 next=0x5b (chunk=4096)
[VT] ESC at 1630 next=0x5b (chunk=4096)
[VT] ESC at 1649 next=0x5b (chunk=4096)
[VT] ESC at 1671 next=0x5b (chunk=4096)
[VT] ESC at 1675 next=0x5b (chunk=4096)
[VT] ESC at 1683 next=0x5b (chunk=4096)
[VT] ESC at 1702 next=0x5b (chunk=4096)
[VT] ESC at 1724 next=0x5b (chunk=4096)
[VT] ESC at 1728 next=0x5b (chunk=4096)
[VT] ESC at 1736 next=0x5b (chunk=4096)
[VT] ESC at 1755 next=0x5b (chunk=4096)
[VT] ESC at 1777 next=0x5b (chunk=4096)
[VT] ESC at 1781 next=0x5b (chunk=4096)
[VT] ESC at 1789 next=0x5b (chunk=4096)
[VT] ESC at 1808 next=0x5b (chunk=4096)
[VT] ESC at 1825 next=0x5b (chunk=4096)
[VT] ESC at 1829 next=0x5b (chunk=4096)
[VT] ESC at 1837 next=0x5b (chunk=4096)
[VT] ESC at 1856 next=0x5b (chunk=4096)
[VT] ESC at 1878 next=0x5b (chunk=4096)
[VT] ESC at 1882 next=0x5b (chunk=4096)
[VT] ESC at 1890 next=0x5b (chunk=4096)
[VT] ESC at 1909 next=0x5b (chunk=4096)
[VT] ESC at 1928 next=0x5b (chunk=4096)
[VT] ESC at 1932 next=0x5b (chunk=4096)
[VT] ESC at 1940 next=0x5b (chunk=4096)
[VT] ESC at 1959 next=0x5b (chunk=4096)
[VT] ESC at 1978 next=0x5b (chunk=4096)
[VT] ESC at 1982 next=0x5b (chunk=4096)
[VT] ESC at 1990 next=0x5b (chunk=4096)
[VT] ESC at 2009 next=0x5b (chunk=4096)
[VT] ESC at 2031 next=0x5b (chunk=4096)
[VT] ESC at 2035 next=0x5b (chunk=4096)
[VT] ESC at 2043 next=0x5b (chunk=4096)
[VT] ESC at 2062 next=0x5b (chunk=4096)
[VT] ESC at 2079 next=0x5b (chunk=4096)
[VT] ESC at 2083 next=0x5b (chunk=4096)
[VT] ESC at 2091 next=0x5b (chunk=4096)
[VT] ESC at 2110 next=0x5b (chunk=4096)
[VT] ESC at 2132 next=0x5b (chunk=4096)
[VT] ESC at 2136 next=0x5b (chunk=4096)
[VT] ESC at 2144 next=0x5b (chunk=4096)
[VT] ESC at 2163 next=0x5b (chunk=4096)
[VT] ESC at 2182 next=0x5b (chunk=4096)
[VT] ESC at 2186 next=0x5b (chunk=4096)
[VT] ESC at 2194 next=0x5b (chunk=4096)
[VT] ESC at 2213 next=0x5b (chunk=4096)
[VT] ESC at 2232 next=0x5b (chunk=4096)
[VT] ESC at 2236 next=0x5b (chunk=4096)
[VT] ESC at 2244 next=0x5b (chunk=4096)
[VT] ESC at 2263 next=0x5b (chunk=4096)
[VT] ESC at 2285 next=0x5b (chunk=4096)
[VT] ESC at 2289 next=0x5b (chunk=4096)
[VT] ESC at 2297 next=0x5b (chunk=4096)
[VT] ESC at 2316 next=0x5b (chunk=4096)
[VT] ESC at 2333 next=0x5b (chunk=4096)
[VT] ESC at 2337 next=0x5b (chunk=4096)
[VT] ESC at 2345 next=0x5b (chunk=4096)
[VT] ESC at 2364 next=0x5b (chunk=4096)
[VT] ESC at 2386 next=0x5b (chunk=4096)
[VT] ESC at 2390 next=0x5b (chunk=4096)
[VT] ESC at 2398 next=0x5b (chunk=4096)
[VT] ESC at 2417 next=0x5b (chunk=4096)
[VT] ESC at 2436 next=0x5b (chunk=4096)
[VT] ESC at 2440 next=0x5b (chunk=4096)
[VT] ESC at 2448 next=0x5b (chunk=4096)
[VT] ESC at 2467 next=0x5b (chunk=4096)
[VT] ESC at 2486 next=0x5b (chunk=4096)
[VT] ESC at 2490 next=0x5b (chunk=4096)
[VT] ESC at 2498 next=0x5b (chunk=4096)
[VT] ESC at 2517 next=0x5b (chunk=4096)
[VT] ESC at 2536 next=0x5b (chunk=4096)
[VT] ESC at 2540 next=0x5b (chunk=4096)
[VT] ESC at 2548 next=0x5b (chunk=4096)
[VT] ESC at 2567 next=0x5b (chunk=4096)
[VT] ESC at 2586 next=0x5b (chunk=4096)
[VT] ESC at 2593 next=0x5b (chunk=4096)
[VT] ESC at 2597 next=0x5b (chunk=4096)
[VT] ESC at 2605 next=0x5b (chunk=4096)
[VT] ESC at 2624 next=0x5b (chunk=4096)
[VT] ESC at 2640 next=0x5b (chunk=4096)
[VT] ESC at 2647 next=0x5b (chunk=4096)
[VT] ESC at 2651 next=0x5b (chunk=4096)
[VT] ESC at 2659 next=0x5b (chunk=4096)
[VT] ESC at 2678 next=0x5b (chunk=4096)
[VT] ESC at 2694 next=0x5b (chunk=4096)
[VT] ESC at 2701 next=0x5b (chunk=4096)
[VT] ESC at 2705 next=0x5b (chunk=4096)
[VT] ESC at 2713 next=0x5b (chunk=4096)
[VT] ESC at 2732 next=0x5b (chunk=4096)
[VT] ESC at 2748 next=0x5b (chunk=4096)
[VT] ESC at 2755 next=0x5b (chunk=4096)
[VT] ESC at 2759 next=0x5b (chunk=4096)
[VT] ESC at 2767 next=0x5b (chunk=4096)
[VT] ESC at 2786 next=0x5b (chunk=4096)
[VT] ESC at 2802 next=0x5b (chunk=4096)
[VT] ESC at 2807 next=0x5b (chunk=4096)
[VT] ESC at 2811 next=0x5b (chunk=4096)
[VT] ESC at 2819 next=0x5b (chunk=4096)
[VT] ESC at 2838 next=0x5b (chunk=4096)
[VT] ESC at 2857 next=0x5b (chunk=4096)
[VT] ESC at 2864 next=0x5b (chunk=4096)
[VT] ESC at 2868 next=0x5b (chunk=4096)
[VT] ESC at 2876 next=0x5b (chunk=4096)
[VT] ESC at 2895 next=0x5b (chunk=4096)
[VT] ESC at 2911 next=0x5b (chunk=4096)
[VT] ESC at 2918 next=0x5b (chunk=4096)
[VT] ESC at 2922 next=0x5b (chunk=4096)
[VT] ESC at 2930 next=0x5b (chunk=4096)
[VT] ESC at 2949 next=0x5b (chunk=4096)
[VT] ESC at 2965 next=0x5b (chunk=4096)
[VT] ESC at 2972 next=0x5b (chunk=4096)
[VT] ESC at 2976 next=0x5b (chunk=4096)
[VT] ESC at 2984 next=0x5b (chunk=4096)
[VT] ESC at 3003 next=0x5b (chunk=4096)
[VT] ESC at 3022 next=0x5b (chunk=4096)
[VT] ESC at 3029 next=0x5b (chunk=4096)
[VT] ESC at 3033 next=0x5b (chunk=4096)
[VT] ESC at 3041 next=0x5b (chunk=4096)
[VT] ESC at 3060 next=0x5b (chunk=4096)
[VT] ESC at 3076 next=0x5b (chunk=4096)
[VT] ESC at 3081 next=0x5b (chunk=4096)
[VT] ESC at 3085 next=0x5b (chunk=4096)
[VT] ESC at 3093 next=0x5b (chunk=4096)
[VT] ESC at 3112 next=0x5b (chunk=4096)
[VT] ESC at 3131 next=0x5b (chunk=4096)
[VT] ESC at 3138 next=0x5b (chunk=4096)
[VT] ESC at 3142 next=0x5b (chunk=4096)
[VT] ESC at 3150 next=0x5b (chunk=4096)
[VT] ESC at 3169 next=0x5b (chunk=4096)
[VT] ESC at 3185 next=0x5b (chunk=4096)
[VT] ESC at 3195 next=0x5b (chunk=4096)
[VT] ESC at 3199 next=0x5b (chunk=4096)
[VT] ESC at 3207 next=0x5b (chunk=4096)
[VT] ESC at 3226 next=0x5b (chunk=4096)
[VT] ESC at 3245 next=0x5b (chunk=4096)
[VT] ESC at 3252 next=0x5b (chunk=4096)
[VT] ESC at 3256 next=0x5b (chunk=4096)
[VT] ESC at 3264 next=0x5b (chunk=4096)
[VT] ESC at 3283 next=0x5b (chunk=4096)
[VT] ESC at 3299 next=0x5b (chunk=4096)
[VT] ESC at 3304 next=0x5b (chunk=4096)
[VT] ESC at 3308 next=0x5b (chunk=4096)
[VT] ESC at 3316 next=0x5b (chunk=4096)
[VT] ESC at 3335 next=0x5b (chunk=4096)
[VT] ESC at 3354 next=0x5b (chunk=4096)
[VT] ESC at 3361 next=0x5b (chunk=4096)
[VT] ESC at 3365 next=0x5b (chunk=4096)
[VT] ESC at 3373 next=0x5b (chunk=4096)
[VT] ESC at 3392 next=0x5b (chunk=4096)
[VT] ESC at 3408 next=0x5b (chunk=4096)
[VT] ESC at 3415 next=0x5b (chunk=4096)
[VT] ESC at 3419 next=0x5b (chunk=4096)
[VT] ESC at 3427 next=0x5b (chunk=4096)
[VT] ESC at 3446 next=0x5b (chunk=4096)
[VT] ESC at 3462 next=0x5b (chunk=4096)
[VT] ESC at 3469 next=0x5b (chunk=4096)
[VT] ESC at 3473 next=0x5b (chunk=4096)
[VT] ESC at 3481 next=0x5b (chunk=4096)
[VT] ESC at 3500 next=0x5b (chunk=4096)
[VT] ESC at 3519 next=0x5b (chunk=4096)
[VT] ESC at 3526 next=0x5b (chunk=4096)
[VT] ESC at 3530 next=0x5b (chunk=4096)
[VT] ESC at 3538 next=0x5b (chunk=4096)
[VT] ESC at 3557 next=0x5b (chunk=4096)
[VT] ESC at 3579 next=0x5b (chunk=4096)
[VT] ESC at 3583 next=0x5b (chunk=4096)
[VT] ESC at 3591 next=0x5b (chunk=4096)
[VT] ESC at 3610 next=0x5b (chunk=4096)
[VT] ESC at 3627 next=0x5b (chunk=4096)
[VT] ESC at 3631 next=0x5b (chunk=4096)
[VT] ESC at 3639 next=0x5b (chunk=4096)
[VT] ESC at 3658 next=0x5b (chunk=4096)
[VT] ESC at 3675 next=0x5b (chunk=4096)
[VT] ESC at 3679 next=0x5b (chunk=4096)
[VT] ESC at 3687 next=0x5b (chunk=4096)
[VT] ESC at 3706 next=0x5b (chunk=4096)
[VT] ESC at 3728 next=0x5b (chunk=4096)
[VT] ESC at 3732 next=0x5b (chunk=4096)
[VT] ESC at 3740 next=0x5b (chunk=4096)
[VT] ESC at 3759 next=0x5b (chunk=4096)
[VT] ESC at 3776 next=0x5b (chunk=4096)
[VT] ESC at 3780 next=0x5b (chunk=4096)
[VT] ESC at 3788 next=0x5b (chunk=4096)
[VT] ESC at 3807 next=0x5b (chunk=4096)
[VT] ESC at 3829 next=0x5b (chunk=4096)
[VT] ESC at 3833 next=0x5b (chunk=4096)
[VT] ESC at 3841 next=0x5b (chunk=4096)
[VT] ESC at 3860 next=0x5b (chunk=4096)
[VT] ESC at 3878 next=0x5b (chunk=4096)
[VT] ESC at 3882 next=0x5b (chunk=4096)
[VT] ESC at 3890 next=0x5b (chunk=4096)
[VT] ESC at 3909 next=0x5b (chunk=4096)
[VT] ESC at 3931 next=0x5b (chunk=4096)
[VT] ESC at 3935 next=0x5b (chunk=4096)
[VT] ESC at 3943 next=0x5b (chunk=4096)
[VT] ESC at 3962 next=0x5b (chunk=4096)
[VT] ESC at 3979 next=0x5b (chunk=4096)
[VT] ESC at 3983 next=0x5b (chunk=4096)
[VT] ESC at 3991 next=0x5b (chunk=4096)
[VT] ESC at 4010 next=0x5b (chunk=4096)
[VT] ESC at 4032 next=0x5b (chunk=4096)
[VT] ESC at 4036 next=0x5b (chunk=4096)
[VT] ESC at 4044 next=0x5b (chunk=4096)
[VT] ESC at 4063 next=0x5b (chunk=4096)
[VT] ESC at 4088 next=0x5b (chunk=4096)
[VT] ESC at 4092 next=0x5b (chunk=4096)
[VT] Terminal OnCreate
[VT] ESC at 0 next=0x5b (chunk=4)
[VT] ESC at 0 next=0x5b (chunk=19)
[VT] ESC at 3 next=0x5b (chunk=19)
[VT] ESC at 11 next=0x5b (chunk=19)
[VT] ESC at 0 next=0x5b (chunk=4)
[VT] ESC at 0 next=0x5b (chunk=7)
[VT] ESC at 0 next=0x5b (chunk=195)
[VT] ESC at 8 next=0x5d (chunk=195)
[VT] ESC at 15 next=0x5d (chunk=195)
[VT] ESC at 22 next=0x5b (chunk=195)
[VT] ESC at 27 next=0x5b (chunk=195)
[VT] ESC at 33 next=0x5b (chunk=195)
[VT] ESC at 36 next=0x5b (chunk=195)
[VT] ESC at 40 next=0x5b (chunk=195)
[VT] ESC at 49 next=0x5b (chunk=195)
[VT] ESC at 58 next=0x5b (chunk=195)
[VT] ESC at 67 next=0x5b (chunk=195)
[VT] ESC at 76 next=0x5b (chunk=195)
[VT] ESC at 85 next=0x5b (chunk=195)
[VT] ESC at 94 next=0x5b (chunk=195)
[VT] ESC at 98 next=0x5d (chunk=195)
[VT] ESC at 131 next=0x5c (chunk=195)
[VT] ESC at 133 next=0x5d (chunk=195)
[VT] ESC at 152 next=0x5c (chunk=195)
[VT] ESC at 154 next=0x5b (chunk=195)
[VT] ESC at 157 next=0x5d (chunk=195)
[VT] ESC at 167 next=0x5c (chunk=195)
[VT] ESC at 169 next=0x5b (chunk=195)
[VT] ESC at 173 next=0x5b (chunk=195)
[VT] ESC at 176 next=0x5d (chunk=195)
[VT] ESC at 186 next=0x5c (chunk=195)
[VT] ESC at 188 next=0x5b (chunk=195)
[VT] ESC at 192 next=0x5b (chunk=195)
[VT] ESC at 0 next=0x5b (chunk=34)
[VT] ESC at 3 next=0x5b (chunk=34)
[VT] ESC at 11 next=0x5b (chunk=34)
[VT] ESC at 18 next=0x5b (chunk=34)
[VT] ESC at 26 next=0x5b (chunk=34)
[VT] ESC at 0 next=0x5b (chunk=32)
[VT] ESC at 8 next=0x5b (chunk=32)
[VT] ESC at 16 next=0x5b (chunk=32)
[VT] ESC at 24 next=0x5b (chunk=32)
[VT] ESC at 0 next=0x5b (chunk=5)
[VT] ESC at 0 next=0x5d (chunk=8)
[VT] ESC at 0 next=0x5b (chunk=4)
[VT] ESC at 0 next=0x5b (chunk=7)
[VT] ESC at 0 next=0x5f (chunk=57)
[VT] ESC at 36 next=0x5c (chunk=57)
[VT] ESC at 38 next=0x5b (chunk=57)
[VT] ESC at 41 next=0x5b (chunk=57)
[VT] ESC at 49 next=0x5b (chunk=57)
[VT] ESC at 0 next=0x5b (chunk=16)
[VT] ESC at 8 next=0x5b (chunk=16)
[VT] ESC at 0 next=0x5b (chunk=16)
[VT] ESC at 8 next=0x5b (chunk=16)
[VT] ESC at 0 next=0x5b (chunk=16)
[VT] ESC at 8 next=0x5b (chunk=16)
[VT] ESC at 0 next=0x5b (chunk=4096)
[VT] ESC at 8 next=0x5b (chunk=4096)
[VT] ESC at 14 next=0x5b (chunk=4096)
[VT] ESC at 20 next=0x5b (chunk=4096)
[VT] ESC at 39 next=0x5b (chunk=4096)
[VT] ESC at 141 next=0x5b (chunk=4096)
[VT] ESC at 147 next=0x5b (chunk=4096)
[VT] ESC at 166 next=0x5b (chunk=4096)
[VT] ESC at 268 next=0x5b (chunk=4096)
[VT] ESC at 274 next=0x5b (chunk=4096)
[VT] ESC at 293 next=0x5b (chunk=4096)
[VT] ESC at 395 next=0x5b (chunk=4096)
[VT] ESC at 401 next=0x5b (chunk=4096)
[VT] ESC at 420 next=0x5b (chunk=4096)
[VT] ESC at 522 next=0x5b (chunk=4096)
[VT] ESC at 528 next=0x5b (chunk=4096)
[VT] ESC at 547 next=0x5b (chunk=4096)
[VT] ESC at 649 next=0x5b (chunk=4096)
[VT] ESC at 655 next=0x5b (chunk=4096)
[VT] ESC at 674 next=0x5b (chunk=4096)
[VT] ESC at 776 next=0x5b (chunk=4096)
[VT] ESC at 782 next=0x5b (chunk=4096)
[VT] ESC at 801 next=0x5b (chunk=4096)
[VT] ESC at 903 next=0x5b (chunk=4096)
[VT] ESC at 909 next=0x5b (chunk=4096)
[VT] ESC at 928 next=0x5b (chunk=4096)
[VT] ESC at 1030 next=0x5b (chunk=4096)
[VT] ESC at 1036 next=0x5b (chunk=4096)
[VT] ESC at 1055 next=0x5b (chunk=4096)
[VT] ESC at 1157 next=0x5b (chunk=4096)
[VT] ESC at 1164 next=0x5b (chunk=4096)
[VT] ESC at 1183 next=0x5b (chunk=4096)
[VT] ESC at 1285 next=0x5b (chunk=4096)
[VT] ESC at 1292 next=0x5b (chunk=4096)
[VT] ESC at 1311 next=0x5b (chunk=4096)
[VT] ESC at 1413 next=0x5b (chunk=4096)
[VT] ESC at 1420 next=0x5b (chunk=4096)
[VT] ESC at 1439 next=0x5b (chunk=4096)
[VT] ESC at 1541 next=0x5b (chunk=4096)
[VT] ESC at 1548 next=0x5b (chunk=4096)
[VT] ESC at 1567 next=0x5b (chunk=4096)
[VT] ESC at 1669 next=0x5b (chunk=4096)
[VT] ESC at 1676 next=0x5b (chunk=4096)
[VT] ESC at 1695 next=0x5b (chunk=4096)
[VT] ESC at 1797 next=0x5b (chunk=4096)
[VT] ESC at 1804 next=0x5b (chunk=4096)
[VT] ESC at 1823 next=0x5b (chunk=4096)
[VT] ESC at 1925 next=0x5b (chunk=4096)
[VT] ESC at 1932 next=0x5b (chunk=4096)
[VT] ESC at 1951 next=0x5b (chunk=4096)
[VT] ESC at 2053 next=0x5b (chunk=4096)
[VT] ESC at 2060 next=0x5b (chunk=4096)
[VT] ESC at 2079 next=0x5b (chunk=4096)
[VT] ESC at 2181 next=0x5b (chunk=4096)
[VT] ESC at 2188 next=0x5b (chunk=4096)
[VT] ESC at 2207 next=0x5b (chunk=4096)
[VT] ESC at 2309 next=0x5b (chunk=4096)
[VT] ESC at 2316 next=0x5b (chunk=4096)
[VT] ESC at 2335 next=0x5b (chunk=4096)
[VT] ESC at 2437 next=0x5b (chunk=4096)
[VT] ESC at 2444 next=0x5b (chunk=4096)
[VT] ESC at 2463 next=0x5b (chunk=4096)
[VT] ESC at 2565 next=0x5b (chunk=4096)
[VT] ESC at 2572 next=0x5b (chunk=4096)
[VT] ESC at 2591 next=0x5b (chunk=4096)
[VT] ESC at 2693 next=0x5b (chunk=4096)
[VT] ESC at 2700 next=0x5b (chunk=4096)
[VT] ESC at 2719 next=0x5b (chunk=4096)
[VT] ESC at 2821 next=0x5b (chunk=4096)
[VT] ESC at 2828 next=0x5b (chunk=4096)
[VT] ESC at 2847 next=0x5b (chunk=4096)
[VT] ESC at 2949 next=0x5b (chunk=4096)
[VT] ESC at 2956 next=0x5b (chunk=4096)
[VT] ESC at 2975 next=0x5b (chunk=4096)
[VT] ESC at 3077 next=0x5b (chunk=4096)
[VT] ESC at 3084 next=0x5b (chunk=4096)
[VT] ESC at 3103 next=0x5b (chunk=4096)
[VT] ESC at 3205 next=0x5b (chunk=4096)
[VT] ESC at 3212 next=0x5b (chunk=4096)
[VT] ESC at 3231 next=0x5b (chunk=4096)
[VT] ESC at 3333 next=0x5b (chunk=4096)
[VT] ESC at 3340 next=0x5b (chunk=4096)
[VT] ESC at 3359 next=0x5b (chunk=4096)
[VT] ESC at 3461 next=0x5b (chunk=4096)
[VT] ESC at 3468 next=0x5b (chunk=4096)
[VT] ESC at 3487 next=0x5b (chunk=4096)
[VT] ESC at 3589 next=0x5b (chunk=4096)
[VT] ESC at 3596 next=0x5b (chunk=4096)
[VT] ESC at 3615 next=0x5b (chunk=4096)
[VT] ESC at 3717 next=0x5b (chunk=4096)
[VT] ESC at 3724 next=0x5b (chunk=4096)
[VT] ESC at 3743 next=0x5b (chunk=4096)
[VT] ESC at 3845 next=0x5b (chunk=4096)
[VT] ESC at 3852 next=0x5b (chunk=4096)
[VT] ESC at 3871 next=0x5b (chunk=4096)
[VT] ESC at 3973 next=0x5b (chunk=4096)
[VT] ESC at 3980 next=0x5b (chunk=4096)
[VT] ESC at 3999 next=0x5b (chunk=4096)
[VT] ESC at 5 next=0x5b (chunk=2577)
[VT] ESC at 12 next=0x5b (chunk=2577)
[VT] ESC at 31 next=0x5b (chunk=2577)
[VT] ESC at 133 next=0x5b (chunk=2577)
[VT] ESC at 140 next=0x5b (chunk=2577)
[VT] ESC at 159 next=0x5b (chunk=2577)
[VT] ESC at 261 next=0x5b (chunk=2577)
[VT] ESC at 268 next=0x5b (chunk=2577)
[VT] ESC at 287 next=0x5b (chunk=2577)
[VT] ESC at 389 next=0x5b (chunk=2577)
[VT] ESC at 396 next=0x5b (chunk=2577)
[VT] ESC at 415 next=0x5b (chunk=2577)
[VT] ESC at 517 next=0x5b (chunk=2577)
[VT] ESC at 524 next=0x5b (chunk=2577)
[VT] ESC at 543 next=0x5b (chunk=2577)
[VT] ESC at 645 next=0x5b (chunk=2577)
[VT] ESC at 652 next=0x5b (chunk=2577)
[VT] ESC at 671 next=0x5b (chunk=2577)
[VT] ESC at 773 next=0x5b (chunk=2577)
[VT] ESC at 780 next=0x5b (chunk=2577)
[VT] ESC at 799 next=0x5b (chunk=2577)
[VT] ESC at 901 next=0x5b (chunk=2577)
[VT] ESC at 908 next=0x5b (chunk=2577)
[VT] ESC at 927 next=0x5b (chunk=2577)
[VT] ESC at 1029 next=0x5b (chunk=2577)
[VT] ESC at 1036 next=0x5b (chunk=2577)
[VT] ESC at 1055 next=0x5b (chunk=2577)
[VT] ESC at 1157 next=0x5b (chunk=2577)
[VT] ESC at 1164 next=0x5b (chunk=2577)
[VT] ESC at 1183 next=0x5b (chunk=2577)
[VT] ESC at 1285 next=0x5b (chunk=2577)
[VT] ESC at 1292 next=0x5b (chunk=2577)
[VT] ESC at 1311 next=0x5b (chunk=2577)
[VT] ESC at 1413 next=0x5b (chunk=2577)
[VT] ESC at 1420 next=0x5b (chunk=2577)
[VT] ESC at 1439 next=0x5b (chunk=2577)
[VT] ESC at 1541 next=0x5b (chunk=2577)
[VT] ESC at 1548 next=0x5b (chunk=2577)
[VT] ESC at 1567 next=0x5b (chunk=2577)
[VT] ESC at 1669 next=0x5b (chunk=2577)
[VT] ESC at 1676 next=0x5b (chunk=2577)
[VT] ESC at 1695 next=0x5b (chunk=2577)
[VT] ESC at 1797 next=0x5b (chunk=2577)
[VT] ESC at 1804 next=0x5b (chunk=2577)
[VT] ESC at 1823 next=0x5b (chunk=2577)
[VT] ESC at 1925 next=0x5b (chunk=2577)
[VT] ESC at 1932 next=0x5b (chunk=2577)
[VT] ESC at 1951 next=0x5b (chunk=2577)
[VT] ESC at 2053 next=0x5b (chunk=2577)
[VT] ESC at 2060 next=0x5b (chunk=2577)
[VT] ESC at 2079 next=0x5b (chunk=2577)
[VT] ESC at 2181 next=0x5b (chunk=2577)
[VT] ESC at 2188 next=0x5b (chunk=2577)
[VT] ESC at 2207 next=0x5b (chunk=2577)
[VT] ESC at 2309 next=0x5b (chunk=2577)
[VT] ESC at 2316 next=0x5b (chunk=2577)
[VT] ESC at 2335 next=0x5b (chunk=2577)
[VT] ESC at 2437 next=0x5b (chunk=2577)
[VT] ESC at 2444 next=0x5b (chunk=2577)
[VT] ESC at 2463 next=0x5b (chunk=2577)
[VT] ESC at 2565 next=0x5b (chunk=2577)
[VT] ESC at 2569 next=0x5b (chunk=2577)
[VT] ESC at 0 next=0x5b (chunk=4096)
[VT] ESC at 8 next=0x5b (chunk=4096)
[VT] ESC at 14 next=0x5b (chunk=4096)
[VT] ESC at 20 next=0x5b (chunk=4096)
[VT] ESC at 39 next=0x5b (chunk=4096)
[VT] ESC at 152 next=0x5b (chunk=4096)
[VT] ESC at 158 next=0x5b (chunk=4096)
[VT] ESC at 177 next=0x5b (chunk=4096)
[VT] ESC at 290 next=0x5b (chunk=4096)
[VT] ESC at 296 next=0x5b (chunk=4096)
[VT] ESC at 315 next=0x5b (chunk=4096)
[VT] ESC at 428 next=0x5b (chunk=4096)
[VT] ESC at 434 next=0x5b (chunk=4096)
[VT] ESC at 453 next=0x5b (chunk=4096)
[VT] ESC at 566 next=0x5b (chunk=4096)
[VT] ESC at 572 next=0x5b (chunk=4096)
[VT] ESC at 591 next=0x5b (chunk=4096)
[VT] ESC at 704 next=0x5b (chunk=4096)
[VT] ESC at 710 next=0x5b (chunk=4096)
[VT] ESC at 729 next=0x5b (chunk=4096)
[VT] ESC at 842 next=0x5b (chunk=4096)
[VT] ESC at 848 next=0x5b (chunk=4096)
[VT] ESC at 867 next=0x5b (chunk=4096)
[VT] ESC at 980 next=0x5b (chunk=4096)
[VT] ESC at 986 next=0x5b (chunk=4096)
[VT] ESC at 1005 next=0x5b (chunk=4096)
[VT] ESC at 1118 next=0x5b (chunk=4096)
[VT] ESC at 1124 next=0x5b (chunk=4096)
[VT] ESC at 1143 next=0x5b (chunk=4096)
[VT] ESC at 1256 next=0x5b (chunk=4096)
[VT] ESC at 1263 next=0x5b (chunk=4096)
[VT] ESC at 1282 next=0x5b (chunk=4096)
[VT] ESC at 1395 next=0x5b (chunk=4096)
[VT] ESC at 1402 next=0x5b (chunk=4096)
[VT] ESC at 1421 next=0x5b (chunk=4096)
[VT] ESC at 1534 next=0x5b (chunk=4096)
[VT] ESC at 1541 next=0x5b (chunk=4096)
[VT] ESC at 1560 next=0x5b (chunk=4096)
[VT] ESC at 1673 next=0x5b (chunk=4096)
[VT] ESC at 1680 next=0x5b (chunk=4096)
[VT] ESC at 1699 next=0x5b (chunk=4096)
[VT] ESC at 1812 next=0x5b (chunk=4096)
[VT] ESC at 1819 next=0x5b (chunk=4096)
[VT] ESC at 1838 next=0x5b (chunk=4096)
[VT] ESC at 1951 next=0x5b (chunk=4096)
[VT] ESC at 1958 next=0x5b (chunk=4096)
[VT] ESC at 1977 next=0x5b (chunk=4096)
[VT] ESC at 2090 next=0x5b (chunk=4096)
[VT] ESC at 2097 next=0x5b (chunk=4096)
[VT] ESC at 2116 next=0x5b (chunk=4096)
[VT] ESC at 2229 next=0x5b (chunk=4096)
[VT] ESC at 2236 next=0x5b (chunk=4096)
[VT] ESC at 2255 next=0x5b (chunk=4096)
[VT] ESC at 2368 next=0x5b (chunk=4096)
[VT] ESC at 2375 next=0x5b (chunk=4096)
[VT] ESC at 2394 next=0x5b (chunk=4096)
[VT] ESC at 2507 next=0x5b (chunk=4096)
[VT] ESC at 2514 next=0x5b (chunk=4096)
[VT] ESC at 2533 next=0x5b (chunk=4096)
[VT] ESC at 2646 next=0x5b (chunk=4096)
[VT] ESC at 2653 next=0x5b (chunk=4096)
[VT] ESC at 2672 next=0x5b (chunk=4096)
[VT] ESC at 2785 next=0x5b (chunk=4096)
[VT] ESC at 2792 next=0x5b (chunk=4096)
[VT] ESC at 2811 next=0x5b (chunk=4096)
[VT] ESC at 2924 next=0x5b (chunk=4096)
[VT] ESC at 2931 next=0x5b (chunk=4096)
[VT] ESC at 2950 next=0x5b (chunk=4096)
[VT] ESC at 3063 next=0x5b (chunk=4096)
[VT] ESC at 3070 next=0x5b (chunk=4096)
[VT] ESC at 3089 next=0x5b (chunk=4096)
[VT] ESC at 3202 next=0x5b (chunk=4096)
[VT] ESC at 3209 next=0x5b (chunk=4096)
[VT] ESC at 3228 next=0x5b (chunk=4096)
[VT] ESC at 3341 next=0x5b (chunk=4096)
[VT] ESC at 3348 next=0x5b (chunk=4096)
[VT] ESC at 3367 next=0x5b (chunk=4096)
[VT] ESC at 3480 next=0x5b (chunk=4096)
[VT] ESC at 3487 next=0x5b (chunk=4096)
[VT] ESC at 3506 next=0x5b (chunk=4096)
[VT] ESC at 3619 next=0x5b (chunk=4096)
[VT] ESC at 3626 next=0x5b (chunk=4096)
[VT] ESC at 3645 next=0x5b (chunk=4096)
[VT] ESC at 3758 next=0x5b (chunk=4096)
[VT] ESC at 3765 next=0x5b (chunk=4096)
[VT] ESC at 3784 next=0x5b (chunk=4096)
[VT] ESC at 3897 next=0x5b (chunk=4096)
[VT] ESC at 3904 next=0x5b (chunk=4096)
[VT] ESC at 3923 next=0x5b (chunk=4096)
[VT] ESC at 4036 next=0x5b (chunk=4096)
[VT] ESC at 4043 next=0x5b (chunk=4096)
[VT] ESC at 4062 next=0x5b (chunk=4096)
[VT] ESC at 79 next=0x5b (chunk=3149)
[VT] ESC at 86 next=0x5b (chunk=3149)
[VT] ESC at 105 next=0x5b (chunk=3149)
[VT] ESC at 218 next=0x5b (chunk=3149)
[VT] ESC at 225 next=0x5b (chunk=3149)
[VT] ESC at 244 next=0x5b (chunk=3149)
[VT] ESC at 357 next=0x5b (chunk=3149)
[VT] ESC at 364 next=0x5b (chunk=3149)
[VT] ESC at 383 next=0x5b (chunk=3149)
[VT] ESC at 496 next=0x5b (chunk=3149)
[VT] ESC at 503 next=0x5b (chunk=3149)
[VT] ESC at 522 next=0x5b (chunk=3149)
[VT] ESC at 635 next=0x5b (chunk=3149)
[VT] ESC at 642 next=0x5b (chunk=3149)
[VT] ESC at 661 next=0x5b (chunk=3149)
[VT] ESC at 774 next=0x5b (chunk=3149)
[VT] ESC at 781 next=0x5b (chunk=3149)
[VT] ESC at 800 next=0x5b (chunk=3149)
[VT] ESC at 913 next=0x5b (chunk=3149)
[VT] ESC at 920 next=0x5b (chunk=3149)
[VT] ESC at 939 next=0x5b (chunk=3149)
[VT] ESC at 1052 next=0x5b (chunk=3149)
[VT] ESC at 1059 next=0x5b (chunk=3149)
[VT] ESC at 1078 next=0x5b (chunk=3149)
[VT] ESC at 1191 next=0x5b (chunk=3149)
[VT] ESC at 1198 next=0x5b (chunk=3149)
[VT] ESC at 1217 next=0x5b (chunk=3149)
[VT] ESC at 1330 next=0x5b (chunk=3149)
[VT] ESC at 1337 next=0x5b (chunk=3149)
[VT] ESC at 1356 next=0x5b (chunk=3149)
[VT] ESC at 1469 next=0x5b (chunk=3149)
[VT] ESC at 1476 next=0x5b (chunk=3149)
[VT] ESC at 1495 next=0x5b (chunk=3149)
[VT] ESC at 1608 next=0x5b (chunk=3149)
[VT] ESC at 1615 next=0x5b (chunk=3149)
[VT] ESC at 1634 next=0x5b (chunk=3149)
[VT] ESC at 1747 next=0x5b (chunk=3149)
[VT] ESC at 1754 next=0x5b (chunk=3149)
[VT] ESC at 1773 next=0x5b (chunk=3149)
[VT] ESC at 1886 next=0x5b (chunk=3149)
[VT] ESC at 1893 next=0x5b (chunk=3149)
[VT] ESC at 1912 next=0x5b (chunk=3149)
[VT] ESC at 2025 next=0x5b (chunk=3149)
[VT] ESC at 2032 next=0x5b (chunk=3149)
[VT] ESC at 2051 next=0x5b (chunk=3149)
[VT] ESC at 2164 next=0x5b (chunk=3149)
[VT] ESC at 2171 next=0x5b (chunk=3149)
[VT] ESC at 2190 next=0x5b (chunk=3149)
[VT] ESC at 2303 next=0x5b (chunk=3149)
[VT] ESC at 2310 next=0x5b (chunk=3149)
[VT] ESC at 2329 next=0x5b (chunk=3149)
[VT] ESC at 2442 next=0x5b (chunk=3149)
[VT] ESC at 2449 next=0x5b (chunk=3149)
[VT] ESC at 2468 next=0x5b (chunk=3149)
[VT] ESC at 2581 next=0x5b (chunk=3149)
[VT] ESC at 2588 next=0x5b (chunk=3149)
[VT] ESC at 2607 next=0x5b (chunk=3149)
[VT] ESC at 2720 next=0x5b (chunk=3149)
[VT] ESC at 2727 next=0x5b (chunk=3149)
[VT] ESC at 2746 next=0x5b (chunk=3149)
[VT] ESC at 2859 next=0x5b (chunk=3149)
[VT] ESC at 2866 next=0x5b (chunk=3149)
[VT] ESC at 2885 next=0x5b (chunk=3149)
[VT] ESC at 2998 next=0x5b (chunk=3149)
[VT] ESC at 3005 next=0x5b (chunk=3149)
[VT] ESC at 3024 next=0x5b (chunk=3149)
[VT] ESC at 3137 next=0x5b (chunk=3149)
[VT] ESC at 3141 next=0x5b (chunk=3149)
[VT] ESC at 0 next=0x5d (chunk=13)
[VT] ESC at 0 next=0x5b (chunk=4096)
[VT] ESC at 8 next=0x5b (chunk=4096)
[VT] ESC at 14 next=0x5b (chunk=4096)
[VT] ESC at 22 next=0x5b (chunk=4096)
[VT] ESC at 41 next=0x5b (chunk=4096)
[VT] ESC at 59 next=0x5b (chunk=4096)
[VT] ESC at 63 next=0x5b (chunk=4096)
[VT] ESC at 71 next=0x5b (chunk=4096)
[VT] ESC at 90 next=0x5b (chunk=4096)
[VT] ESC at 107 next=0x5b (chunk=4096)
[VT] ESC at 111 next=0x5b (chunk=4096)
[VT] ESC at 119 next=0x5b (chunk=4096)
[VT] ESC at 138 next=0x5b (chunk=4096)
[VT] ESC at 155 next=0x5b (chunk=4096)
[VT] ESC at 159 next=0x5b (chunk=4096)
[VT] ESC at 167 next=0x5b (chunk=4096)
[VT] ESC at 186 next=0x5b (chunk=4096)
[VT] ESC at 203 next=0x5b (chunk=4096)
[VT] ESC at 207 next=0x5b (chunk=4096)
[VT] ESC at 215 next=0x5b (chunk=4096)
[VT] ESC at 234 next=0x5b (chunk=4096)
[VT] ESC at 251 next=0x5b (chunk=4096)
[VT] ESC at 255 next=0x5b (chunk=4096)
[VT] ESC at 263 next=0x5b (chunk=4096)
[VT] ESC at 282 next=0x5b (chunk=4096)
[VT] ESC at 299 next=0x5b (chunk=4096)
[VT] ESC at 303 next=0x5b (chunk=4096)
[VT] ESC at 311 next=0x5b (chunk=4096)
[VT] ESC at 330 next=0x5b (chunk=4096)
[VT] ESC at 347 next=0x5b (chunk=4096)
[VT] ESC at 351 next=0x5b (chunk=4096)
[VT] ESC at 359 next=0x5b (chunk=4096)
[VT] ESC at 378 next=0x5b (chunk=4096)
[VT] ESC at 396 next=0x5b (chunk=4096)
[VT] ESC at 400 next=0x5b (chunk=4096)
[VT] ESC at 408 next=0x5b (chunk=4096)
[VT] ESC at 427 next=0x5b (chunk=4096)
[VT] ESC at 444 next=0x5b (chunk=4096)
[VT] ESC at 448 next=0x5b (chunk=4096)
[VT] ESC at 456 next=0x5b (chunk=4096)
[VT] ESC at 475 next=0x5b (chunk=4096)
[VT] ESC at 493 next=0x5b (chunk=4096)
[VT] ESC at 497 next=0x5b (chunk=4096)
[VT] ESC at 505 next=0x5b (chunk=4096)
[VT] ESC at 524 next=0x5b (chunk=4096)
[VT] ESC at 541 next=0x5b (chunk=4096)
[VT] ESC at 545 next=0x5b (chunk=4096)
[VT] ESC at 553 next=0x5b (chunk=4096)
[VT] ESC at 572 next=0x5b (chunk=4096)
[VT] ESC at 589 next=0x5b (chunk=4096)
[VT] ESC at 593 next=0x5b (chunk=4096)
[VT] ESC at 601 next=0x5b (chunk=4096)
[VT] ESC at 620 next=0x5b (chunk=4096)
[VT] ESC at 637 next=0x5b (chunk=4096)
[VT] ESC at 641 next=0x5b (chunk=4096)
[VT] ESC at 649 next=0x5b (chunk=4096)
[VT] ESC at 668 next=0x5b (chunk=4096)
[VT] ESC at 685 next=0x5b (chunk=4096)
[VT] ESC at 689 next=0x5b (chunk=4096)
[VT] ESC at 697 next=0x5b (chunk=4096)
[VT] ESC at 716 next=0x5b (chunk=4096)
[VT] ESC at 733 next=0x5b (chunk=4096)
[VT] ESC at 737 next=0x5b (chunk=4096)
[VT] ESC at 745 next=0x5b (chunk=4096)
[VT] ESC at 764 next=0x5b (chunk=4096)
[VT] ESC at 781 next=0x5b (chunk=4096)
[VT] ESC at 785 next=0x5b (chunk=4096)
[VT] ESC at 793 next=0x5b (chunk=4096)
[VT] ESC at 812 next=0x5b (chunk=4096)
[VT] ESC at 828 next=0x5b (chunk=4096)
[VT] ESC at 833 next=0x5b (chunk=4096)
[VT] ESC at 837 next=0x5b (chunk=4096)
[VT] ESC at 845 next=0x5b (chunk=4096)
[VT] ESC at 864 next=0x5b (chunk=4096)
[VT] ESC at 880 next=0x5b (chunk=4096)
[VT] ESC at 886 next=0x5b (chunk=4096)
[VT] ESC at 890 next=0x5b (chunk=4096)
[VT] ESC at 898 next=0x5b (chunk=4096)
[VT] ESC at 917 next=0x5b (chunk=4096)
[VT] ESC at 933 next=0x5b (chunk=4096)
[VT] ESC at 938 next=0x5b (chunk=4096)
[VT] ESC at 942 next=0x5b (chunk=4096)
[VT] ESC at 950 next=0x5b (chunk=4096)
[VT] ESC at 969 next=0x5b (chunk=4096)
[VT] ESC at 985 next=0x5b (chunk=4096)
[VT] ESC at 990 next=0x5b (chunk=4096)
[VT] ESC at 994 next=0x5b (chunk=4096)
[VT] ESC at 1002 next=0x5b (chunk=4096)
[VT] ESC at 1021 next=0x5b (chunk=4096)
[VT] ESC at 1037 next=0x5b (chunk=4096)
[VT] ESC at 1042 next=0x5b (chunk=4096)
[VT] ESC at 1046 next=0x5b (chunk=4096)
[VT] ESC at 1054 next=0x5b (chunk=4096)
[VT] ESC at 1073 next=0x5b (chunk=4096)
[VT] ESC at 1089 next=0x5b (chunk=4096)
[VT] ESC at 1096 next=0x5b (chunk=4096)
[VT] ESC at 1100 next=0x5b (chunk=4096)
[VT] ESC at 1108 next=0x5b (chunk=4096)
[VT] ESC at 1127 next=0x5b (chunk=4096)
[VT] ESC at 1143 next=0x5b (chunk=4096)
[VT] ESC at 1148 next=0x5b (chunk=4096)
[VT] ESC at 1152 next=0x5b (chunk=4096)
[VT] ESC at 1160 next=0x5b (chunk=4096)
[VT] ESC at 1179 next=0x5b (chunk=4096)
[VT] ESC at 1195 next=0x5b (chunk=4096)
[VT] ESC at 1200 next=0x5b (chunk=4096)
[VT] ESC at 1204 next=0x5b (chunk=4096)
[VT] ESC at 1212 next=0x5b (chunk=4096)
[VT] ESC at 1231 next=0x5b (chunk=4096)
[VT] ESC at 1247 next=0x5b (chunk=4096)
[VT] ESC at 1252 next=0x5b (chunk=4096)
[VT] ESC at 1256 next=0x5b (chunk=4096)
[VT] ESC at 1264 next=0x5b (chunk=4096)
[VT] ESC at 1283 next=0x5b (chunk=4096)
[VT] ESC at 1299 next=0x5b (chunk=4096)
[VT] ESC at 1304 next=0x5b (chunk=4096)
[VT] ESC at 1308 next=0x5b (chunk=4096)
[VT] ESC at 1316 next=0x5b (chunk=4096)
[VT] ESC at 1335 next=0x5b (chunk=4096)
[VT] ESC at 1351 next=0x5b (chunk=4096)
[VT] ESC at 1358 next=0x5b (chunk=4096)
[VT] ESC at 1362 next=0x5b (chunk=4096)
[VT] ESC at 1370 next=0x5b (chunk=4096)
[VT] ESC at 1389 next=0x5b (chunk=4096)
[VT] ESC at 1405 next=0x5b (chunk=4096)
[VT] ESC at 1410 next=0x5b (chunk=4096)
[VT] ESC at 1414 next=0x5b (chunk=4096)
[VT] ESC at 1422 next=0x5b (chunk=4096)
[VT] ESC at 1441 next=0x5b (chunk=4096)
[VT] ESC at 1457 next=0x5b (chunk=4096)
[VT] ESC at 1462 next=0x5b (chunk=4096)
[VT] ESC at 1466 next=0x5b (chunk=4096)
[VT] ESC at 1474 next=0x5b (chunk=4096)
[VT] ESC at 1493 next=0x5b (chunk=4096)
[VT] ESC at 1509 next=0x5b (chunk=4096)
[VT] ESC at 1514 next=0x5b (chunk=4096)
[VT] ESC at 1518 next=0x5b (chunk=4096)
[VT] ESC at 1526 next=0x5b (chunk=4096)
[VT] ESC at 1545 next=0x5b (chunk=4096)
[VT] ESC at 1561 next=0x5b (chunk=4096)
[VT] ESC at 1566 next=0x5b (chunk=4096)
[VT] ESC at 1570 next=0x5b (chunk=4096)
[VT] ESC at 1578 next=0x5b (chunk=4096)
[VT] ESC at 1597 next=0x5b (chunk=4096)
[VT] ESC at 1613 next=0x5b (chunk=4096)
[VT] ESC at 1618 next=0x5b (chunk=4096)
[VT] ESC at 1622 next=0x5b (chunk=4096)
[VT] ESC at 1630 next=0x5b (chunk=4096)
[VT] ESC at 1649 next=0x5b (chunk=4096)
[VT] ESC at 1671 next=0x5b (chunk=4096)
[VT] ESC at 1675 next=0x5b (chunk=4096)
[VT] ESC at 1683 next=0x5b (chunk=4096)
[VT] ESC at 1702 next=0x5b (chunk=4096)
[VT] ESC at 1724 next=0x5b (chunk=4096)
[VT] ESC at 1728 next=0x5b (chunk=4096)
[VT] ESC at 1736 next=0x5b (chunk=4096)
[VT] ESC at 1755 next=0x5b (chunk=4096)
[VT] ESC at 1777 next=0x5b (chunk=4096)
[VT] ESC at 1781 next=0x5b (chunk=4096)
[VT] ESC at 1789 next=0x5b (chunk=4096)
[VT] ESC at 1808 next=0x5b (chunk=4096)
[VT] ESC at 1825 next=0x5b (chunk=4096)
[VT] ESC at 1829 next=0x5b (chunk=4096)
[VT] ESC at 1837 next=0x5b (chunk=4096)
[VT] ESC at 1856 next=0x5b (chunk=4096)
[VT] ESC at 1878 next=0x5b (chunk=4096)
[VT] ESC at 1882 next=0x5b (chunk=4096)
[VT] ESC at 1890 next=0x5b (chunk=4096)
[VT] ESC at 1909 next=0x5b (chunk=4096)
[VT] ESC at 1928 next=0x5b (chunk=4096)
[VT] ESC at 1932 next=0x5b (chunk=4096)
[VT] ESC at 1940 next=0x5b (chunk=4096)
[VT] ESC at 1959 next=0x5b (chunk=4096)
[VT] ESC at 1978 next=0x5b (chunk=4096)
[VT] ESC at 1982 next=0x5b (chunk=4096)
[VT] ESC at 1990 next=0x5b (chunk=4096)
[VT] ESC at 2009 next=0x5b (chunk=4096)
[VT] ESC at 2031 next=0x5b (chunk=4096)
[VT] ESC at 2035 next=0x5b (chunk=4096)
[VT] ESC at 2043 next=0x5b (chunk=4096)
[VT] ESC at 2062 next=0x5b (chunk=4096)
[VT] ESC at 2079 next=0x5b (chunk=4096)
[VT] ESC at 2083 next=0x5b (chunk=4096)
[VT] ESC at 2091 next=0x5b (chunk=4096)
[VT] ESC at 2110 next=0x5b (chunk=4096)
[VT] ESC at 2132 next=0x5b (chunk=4096)
[VT] ESC at 2136 next=0x5b (chunk=4096)
[VT] ESC at 2144 next=0x5b (chunk=4096)
[VT] ESC at 2163 next=0x5b (chunk=4096)
[VT] ESC at 2182 next=0x5b (chunk=4096)
[VT] ESC at 2186 next=0x5b (chunk=4096)
[VT] ESC at 2194 next=0x5b (chunk=4096)
[VT] ESC at 2213 next=0x5b (chunk=4096)
[VT] ESC at 2232 next=0x5b (chunk=4096)
[VT] ESC at 2236 next=0x5b (chunk=4096)
[VT] ESC at 2244 next=0x5b (chunk=4096)
[VT] ESC at 2263 next=0x5b (chunk=4096)
[VT] ESC at 2285 next=0x5b (chunk=4096)
[VT] ESC at 2289 next=0x5b (chunk=4096)
[VT] ESC at 2297 next=0x5b (chunk=4096)
[VT] ESC at 2316 next=0x5b (chunk=4096)
[VT] ESC at 2333 next=0x5b (chunk=4096)
[VT] ESC at 2337 next=0x5b (chunk=4096)
[VT] ESC at 2345 next=0x5b (chunk=4096)
[VT] ESC at 2364 next=0x5b (chunk=4096)
[VT] ESC at 2386 next=0x5b (chunk=4096)
[VT] ESC at 2390 next=0x5b (chunk=4096)
[VT] ESC at 2398 next=0x5b (chunk=4096)
[VT] ESC at 2417 next=0x5b (chunk=4096)
[VT] ESC at 2436 next=0x5b (chunk=4096)
[VT] ESC at 2440 next=0x5b (chunk=4096)
[VT] ESC at 2448 next=0x5b (chunk=4096)
[VT] ESC at 2467 next=0x5b (chunk=4096)
[VT] ESC at 2486 next=0x5b (chunk=4096)
[VT] ESC at 2490 next=0x5b (chunk=4096)
[VT] ESC at 2498 next=0x5b (chunk=4096)
[VT] ESC at 2517 next=0x5b (chunk=4096)
[VT] ESC at 2536 next=0x5b (chunk=4096)
[VT] ESC at 2540 next=0x5b (chunk=4096)
[VT] ESC at 2548 next=0x5b (chunk=4096)
[VT] ESC at 2567 next=0x5b (chunk=4096)
[VT] ESC at 2586 next=0x5b (chunk=4096)
[VT] ESC at 2593 next=0x5b (chunk=4096)
[VT] ESC at 2597 next=0x5b (chunk=4096)
[VT] ESC at 2605 next=0x5b (chunk=4096)
[VT] ESC at 2624 next=0x5b (chunk=4096)
[VT] ESC at 2640 next=0x5b (chunk=4096)
[VT] ESC at 2647 next=0x5b (chunk=4096)
[VT] ESC at 2651 next=0x5b (chunk=4096)
[VT] ESC at 2659 next=0x5b (chunk=4096)
[VT] ESC at 2678 next=0x5b (chunk=4096)
[VT] ESC at 2694 next=0x5b (chunk=4096)
[VT] ESC at 2701 next=0x5b (chunk=4096)
[VT] ESC at 2705 next=0x5b (chunk=4096)
[VT] ESC at 2713 next=0x5b (chunk=4096)
[VT] ESC at 2732 next=0x5b (chunk=4096)
[VT] ESC at 2748 next=0x5b (chunk=4096)
[VT] ESC at 2755 next=0x5b (chunk=4096)
[VT] ESC at 2759 next=0x5b (chunk=4096)
[VT] ESC at 2767 next=0x5b (chunk=4096)
[VT] ESC at 2786 next=0x5b (chunk=4096)
[VT] ESC at 2802 next=0x5b (chunk=4096)
[VT] ESC at 2807 next=0x5b (chunk=4096)
[VT] ESC at 2811 next=0x5b (chunk=4096)
[VT] ESC at 2819 next=0x5b (chunk=4096)
[VT] ESC at 2838 next=0x5b (chunk=4096)
[VT] ESC at 2857 next=0x5b (chunk=4096)
[VT] ESC at 2864 next=0x5b (chunk=4096)
[VT] ESC at 2868 next=0x5b (chunk=4096)
[VT] ESC at 2876 next=0x5b (chunk=4096)
[VT] ESC at 2895 next=0x5b (chunk=4096)
[VT] ESC at 2911 next=0x5b (chunk=4096)
[VT] ESC at 2918 next=0x5b (chunk=4096)
[VT] ESC at 2922 next=0x5b (chunk=4096)
[VT] ESC at 2930 next=0x5b (chunk=4096)
[VT] ESC at 2949 next=0x5b (chunk=4096)
[VT] ESC at 2965 next=0x5b (chunk=4096)
[VT] ESC at 2972 next=0x5b (chunk=4096)
[VT] ESC at 2976 next=0x5b (chunk=4096)
[VT] ESC at 2984 next=0x5b (chunk=4096)
[VT] ESC at 3003 next=0x5b (chunk=4096)
[VT] ESC at 3022 next=0x5b (chunk=4096)
[VT] ESC at 3029 next=0x5b (chunk=4096)
[VT] ESC at 3033 next=0x5b (chunk=4096)
[VT] ESC at 3041 next=0x5b (chunk=4096)
[VT] ESC at 3060 next=0x5b (chunk=4096)
[VT] ESC at 3076 next=0x5b (chunk=4096)
[VT] ESC at 3081 next=0x5b (chunk=4096)
[VT] ESC at 3085 next=0x5b (chunk=4096)
[VT] ESC at 3093 next=0x5b (chunk=4096)
[VT] ESC at 3112 next=0x5b (chunk=4096)
[VT] ESC at 3131 next=0x5b (chunk=4096)
[VT] ESC at 3138 next=0x5b (chunk=4096)
[VT] ESC at 3142 next=0x5b (chunk=4096)
[VT] ESC at 3150 next=0x5b (chunk=4096)
[VT] ESC at 3169 next=0x5b (chunk=4096)
[VT] ESC at 3185 next=0x5b (chunk=4096)
[VT] ESC at 3195 next=0x5b (chunk=4096)
[VT] ESC at 3199 next=0x5b (chunk=4096)
[VT] ESC at 3207 next=0x5b (chunk=4096)
[VT] ESC at 3226 next=0x5b (chunk=4096)
[VT] ESC at 3245 next=0x5b (chunk=4096)
[VT] ESC at 3252 next=0x5b (chunk=4096)
[VT] ESC at 3256 next=0x5b (chunk=4096)
[VT] ESC at 3264 next=0x5b (chunk=4096)
[VT] ESC at 3283 next=0x5b (chunk=4096)
[VT] ESC at 3299 next=0x5b (chunk=4096)
[VT] ESC at 3304 next=0x5b (chunk=4096)
[VT] ESC at 3308 next=0x5b (chunk=4096)
[VT] ESC at 3316 next=0x5b (chunk=4096)
[VT] ESC at 3335 next=0x5b (chunk=4096)
[VT] ESC at 3354 next=0x5b (chunk=4096)
[VT] ESC at 3361 next=0x5b (chunk=4096)
[VT] ESC at 3365 next=0x5b (chunk=4096)
[VT] ESC at 3373 next=0x5b (chunk=4096)
[VT] ESC at 3392 next=0x5b (chunk=4096)
[VT] ESC at 3408 next=0x5b (chunk=4096)
[VT] ESC at 3415 next=0x5b (chunk=4096)
[VT] ESC at 3419 next=0x5b (chunk=4096)
[VT] ESC at 3427 next=0x5b (chunk=4096)
[VT] ESC at 3446 next=0x5b (chunk=4096)
[VT] ESC at 3462 next=0x5b (chunk=4096)
[VT] ESC at 3469 next=0x5b (chunk=4096)
[VT] ESC at 3473 next=0x5b (chunk=4096)
[VT] ESC at 3481 next=0x5b (chunk=4096)
[VT] ESC at 3500 next=0x5b (chunk=4096)
[VT] ESC at 3519 next=0x5b (chunk=4096)
[VT] ESC at 3526 next=0x5b (chunk=4096)
[VT] ESC at 3530 next=0x5b (chunk=4096)
[VT] ESC at 3538 next=0x5b (chunk=4096)
[VT] ESC at 3557 next=0x5b (chunk=4096)
[VT] ESC at 3579 next=0x5b (chunk=4096)
[VT] ESC at 3583 next=0x5b (chunk=4096)
[VT] ESC at 3591 next=0x5b (chunk=4096)
[VT] ESC at 3610 next=0x5b (chunk=4096)
[VT] ESC at 3627 next=0x5b (chunk=4096)
[VT] ESC at 3631 next=0x5b (chunk=4096)
[VT] ESC at 3639 next=0x5b (chunk=4096)
[VT] ESC at 3658 next=0x5b (chunk=4096)
[VT] ESC at 3675 next=0x5b (chunk=4096)
[VT] ESC at 3679 next=0x5b (chunk=4096)
[VT] ESC at 3687 next=0x5b (chunk=4096)
[VT] ESC at 3706 next=0x5b (chunk=4096)
[VT] ESC at 3728 next=0x5b (chunk=4096)
[VT] ESC at 3732 next=0x5b (chunk=4096)
[VT] ESC at 3740 next=0x5b (chunk=4096)
[VT] ESC at 3759 next=0x5b (chunk=4096)
[VT] ESC at 3776 next=0x5b (chunk=4096)
[VT] ESC at 3780 next=0x5b (chunk=4096)
[VT] ESC at 3788 next=0x5b (chunk=4096)
[VT] ESC at 3807 next=0x5b (chunk=4096)
[VT] ESC at 3829 next=0x5b (chunk=4096)
[VT] ESC at 3833 next=0x5b (chunk=4096)
[VT] ESC at 3841 next=0x5b (chunk=4096)
[VT] ESC at 3860 next=0x5b (chunk=4096)
[VT] ESC at 3878 next=0x5b (chunk=4096)
[VT] ESC at 3882 next=0x5b (chunk=4096)
[VT] ESC at 3890 next=0x5b (chunk=4096)
[VT] ESC at 3909 next=0x5b (chunk=4096)
[VT] ESC at 3931 next=0x5b (chunk=4096)
[VT] ESC at 3935 next=0x5b (chunk=4096)
[VT] ESC at 3943 next=0x5b (chunk=4096)
[VT] ESC at 3962 next=0x5b (chunk=4096)
[VT] ESC at 3979 next=0x5b (chunk=4096)
[VT] ESC at 3983 next=0x5b (chunk=4096)
[VT] ESC at 3991 next=0x5b (chunk=4096)
[VT] ESC at 4010 next=0x5b (chunk=4096)
[VT] ESC at 4032 next=0x5b (chunk=4096)
[VT] ESC at 4036 next=0x5b (chunk=4096)
[VT] ESC at 4044 next=0x5b (chunk=4096)
[VT] ESC at 4063 next=0x5b (chunk=4096)
[VT] ESC at 4088 next=0x5b (chunk=4096)
[VT] ESC at 4092 next=0x5b (chunk=4096)
[VT] ESC at 4 next=0x5b (chunk=3687)
[VT] ESC at 23 next=0x5b (chunk=3687)
[VT] ESC at 40 next=0x5b (chunk=3687)
[VT] ESC at 44 next=0x5b (chunk=3687)
[VT] ESC at 52 next=0x5b (chunk=3687)
[VT] ESC at 71 next=0x5b (chunk=3687)
[VT] ESC at 93 next=0x5b (chunk=3687)
[VT] ESC at 97 next=0x5b (chunk=3687)
[VT] ESC at 105 next=0x5b (chunk=3687)
[VT] ESC at 124 next=0x5b (chunk=3687)
[VT] ESC at 142 next=0x5b (chunk=3687)
[VT] ESC at 146 next=0x5b (chunk=3687)
[VT] ESC at 154 next=0x5b (chunk=3687)
[VT] ESC at 173 next=0x5b (chunk=3687)
[VT] ESC at 195 next=0x5b (chunk=3687)
[VT] ESC at 199 next=0x5b (chunk=3687)
[VT] ESC at 207 next=0x5b (chunk=3687)
[VT] ESC at 226 next=0x5b (chunk=3687)
[VT] ESC at 245 next=0x5b (chunk=3687)
[VT] ESC at 252 next=0x5b (chunk=3687)
[VT] ESC at 256 next=0x5b (chunk=3687)
[VT] ESC at 264 next=0x5b (chunk=3687)
[VT] ESC at 283 next=0x5b (chunk=3687)
[VT] ESC at 299 next=0x5b (chunk=3687)
[VT] ESC at 306 next=0x5b (chunk=3687)
[VT] ESC at 310 next=0x5b (chunk=3687)
[VT] ESC at 318 next=0x5b (chunk=3687)
[VT] ESC at 337 next=0x5b (chunk=3687)
[VT] ESC at 353 next=0x5b (chunk=3687)
[VT] ESC at 358 next=0x5b (chunk=3687)
[VT] ESC at 362 next=0x5b (chunk=3687)
[VT] ESC at 370 next=0x5b (chunk=3687)
[VT] ESC at 389 next=0x5b (chunk=3687)
[VT] ESC at 408 next=0x5b (chunk=3687)
[VT] ESC at 415 next=0x5b (chunk=3687)
[VT] ESC at 419 next=0x5b (chunk=3687)
[VT] ESC at 427 next=0x5b (chunk=3687)
[VT] ESC at 446 next=0x5b (chunk=3687)
[VT] ESC at 462 next=0x5b (chunk=3687)
[VT] ESC at 468 next=0x5b (chunk=3687)
[VT] ESC at 472 next=0x5b (chunk=3687)
[VT] ESC at 480 next=0x5b (chunk=3687)
[VT] ESC at 499 next=0x5b (chunk=3687)
[VT] ESC at 518 next=0x5b (chunk=3687)
[VT] ESC at 525 next=0x5b (chunk=3687)
[VT] ESC at 529 next=0x5b (chunk=3687)
[VT] ESC at 537 next=0x5b (chunk=3687)
[VT] ESC at 556 next=0x5b (chunk=3687)
[VT] ESC at 572 next=0x5b (chunk=3687)
[VT] ESC at 577 next=0x5b (chunk=3687)
[VT] ESC at 581 next=0x5b (chunk=3687)
[VT] ESC at 589 next=0x5b (chunk=3687)
[VT] ESC at 608 next=0x5b (chunk=3687)
[VT] ESC at 627 next=0x5b (chunk=3687)
[VT] ESC at 634 next=0x5b (chunk=3687)
[VT] ESC at 638 next=0x5b (chunk=3687)
[VT] ESC at 646 next=0x5b (chunk=3687)
[VT] ESC at 665 next=0x5b (chunk=3687)
[VT] ESC at 681 next=0x5b (chunk=3687)
[VT] ESC at 687 next=0x5b (chunk=3687)
[VT] ESC at 691 next=0x5b (chunk=3687)
[VT] ESC at 699 next=0x5b (chunk=3687)
[VT] ESC at 718 next=0x5b (chunk=3687)
[VT] ESC at 737 next=0x5b (chunk=3687)
[VT] ESC at 744 next=0x5b (chunk=3687)
[VT] ESC at 748 next=0x5b (chunk=3687)
[VT] ESC at 756 next=0x5b (chunk=3687)
[VT] ESC at 775 next=0x5b (chunk=3687)
[VT] ESC at 791 next=0x5b (chunk=3687)
[VT] ESC at 796 next=0x5b (chunk=3687)
[VT] ESC at 800 next=0x5b (chunk=3687)
[VT] ESC at 808 next=0x5b (chunk=3687)
[VT] ESC at 827 next=0x5b (chunk=3687)
[VT] ESC at 846 next=0x5b (chunk=3687)
[VT] ESC at 853 next=0x5b (chunk=3687)
[VT] ESC at 857 next=0x5b (chunk=3687)
[VT] ESC at 865 next=0x5b (chunk=3687)
[VT] ESC at 884 next=0x5b (chunk=3687)
[VT] ESC at 900 next=0x5b (chunk=3687)
[VT] ESC at 913 next=0x5b (chunk=3687)
[VT] ESC at 917 next=0x5b (chunk=3687)
[VT] ESC at 925 next=0x5b (chunk=3687)
[VT] ESC at 944 next=0x5b (chunk=3687)
[VT] ESC at 973 next=0x5b (chunk=3687)
[VT] ESC at 977 next=0x5b (chunk=3687)
[VT] ESC at 985 next=0x5b (chunk=3687)
[VT] ESC at 1004 next=0x5b (chunk=3687)
[VT] ESC at 1026 next=0x5b (chunk=3687)
[VT] ESC at 1030 next=0x5b (chunk=3687)
[VT] ESC at 1038 next=0x5b (chunk=3687)
[VT] ESC at 1057 next=0x5b (chunk=3687)
[VT] ESC at 1099 next=0x5b (chunk=3687)
[VT] ESC at 1103 next=0x5b (chunk=3687)
[VT] ESC at 1111 next=0x5b (chunk=3687)
[VT] ESC at 1127 next=0x5b (chunk=3687)
[VT] ESC at 1149 next=0x5b (chunk=3687)
[VT] ESC at 1153 next=0x5b (chunk=3687)
[VT] ESC at 1161 next=0x5b (chunk=3687)
[VT] ESC at 1180 next=0x5b (chunk=3687)
[VT] ESC at 1199 next=0x5b (chunk=3687)
[VT] ESC at 1203 next=0x5b (chunk=3687)
[VT] ESC at 1211 next=0x5b (chunk=3687)
[VT] ESC at 1230 next=0x5b (chunk=3687)
[VT] ESC at 1246 next=0x5b (chunk=3687)
[VT] ESC at 1275 next=0x5b (chunk=3687)
[VT] ESC at 1279 next=0x5b (chunk=3687)
[VT] ESC at 1287 next=0x5b (chunk=3687)
[VT] ESC at 1306 next=0x5b (chunk=3687)
[VT] ESC at 1322 next=0x5b (chunk=3687)
[VT] ESC at 1327 next=0x5b (chunk=3687)
[VT] ESC at 1331 next=0x5b (chunk=3687)
[VT] ESC at 1339 next=0x5b (chunk=3687)
[VT] ESC at 1358 next=0x5b (chunk=3687)
[VT] ESC at 1374 next=0x5b (chunk=3687)
[VT] ESC at 1384 next=0x5b (chunk=3687)
[VT] ESC at 1388 next=0x5b (chunk=3687)
[VT] ESC at 1396 next=0x5b (chunk=3687)
[VT] ESC at 1415 next=0x5b (chunk=3687)
[VT] ESC at 1431 next=0x5b (chunk=3687)
[VT] ESC at 1438 next=0x5b (chunk=3687)
[VT] ESC at 1442 next=0x5b (chunk=3687)
[VT] ESC at 1450 next=0x5b (chunk=3687)
[VT] ESC at 1469 next=0x5b (chunk=3687)
[VT] ESC at 1485 next=0x5b (chunk=3687)
[VT] ESC at 1493 next=0x5b (chunk=3687)
[VT] ESC at 1497 next=0x5b (chunk=3687)
[VT] ESC at 1505 next=0x5b (chunk=3687)
[VT] ESC at 1524 next=0x5b (chunk=3687)
[VT] ESC at 1540 next=0x5b (chunk=3687)
[VT] ESC at 1547 next=0x5b (chunk=3687)
[VT] ESC at 1551 next=0x5b (chunk=3687)
[VT] ESC at 1559 next=0x5b (chunk=3687)
[VT] ESC at 1578 next=0x5b (chunk=3687)
[VT] ESC at 1594 next=0x5b (chunk=3687)
[VT] ESC at 1607 next=0x5b (chunk=3687)
[VT] ESC at 1611 next=0x5b (chunk=3687)
[VT] ESC at 1619 next=0x5b (chunk=3687)
[VT] ESC at 1637 next=0x5b (chunk=3687)
[VT] ESC at 1656 next=0x5b (chunk=3687)
[VT] ESC at 1660 next=0x5b (chunk=3687)
[VT] ESC at 1668 next=0x5b (chunk=3687)
[VT] ESC at 1687 next=0x5b (chunk=3687)
[VT] ESC at 1777 next=0x5b (chunk=3687)
[VT] ESC at 1781 next=0x5b (chunk=3687)
[VT] ESC at 1789 next=0x5b (chunk=3687)
[VT] ESC at 1807 next=0x5b (chunk=3687)
[VT] ESC at 1826 next=0x5b (chunk=3687)
[VT] ESC at 1830 next=0x5b (chunk=3687)
[VT] ESC at 1838 next=0x5b (chunk=3687)
[VT] ESC at 1857 next=0x5b (chunk=3687)
[VT] ESC at 1875 next=0x5b (chunk=3687)
[VT] ESC at 1879 next=0x5b (chunk=3687)
[VT] ESC at 1887 next=0x5b (chunk=3687)
[VT] ESC at 1906 next=0x5b (chunk=3687)
[VT] ESC at 1979 next=0x5b (chunk=3687)
[VT] ESC at 1983 next=0x5b (chunk=3687)
[VT] ESC at 1991 next=0x5b (chunk=3687)
[VT] ESC at 2010 next=0x5b (chunk=3687)
[VT] ESC at 2041 next=0x5b (chunk=3687)
[VT] ESC at 2045 next=0x5b (chunk=3687)
[VT] ESC at 2053 next=0x5b (chunk=3687)
[VT] ESC at 2071 next=0x5b (chunk=3687)
[VT] ESC at 2090 next=0x5b (chunk=3687)
[VT] ESC at 2094 next=0x5b (chunk=3687)
[VT] ESC at 2102 next=0x5b (chunk=3687)
[VT] ESC at 2121 next=0x5b (chunk=3687)
[VT] ESC at 2211 next=0x5b (chunk=3687)
[VT] ESC at 2215 next=0x5b (chunk=3687)
[VT] ESC at 2223 next=0x5b (chunk=3687)
[VT] ESC at 2241 next=0x5b (chunk=3687)
[VT] ESC at 2260 next=0x5b (chunk=3687)
[VT] ESC at 2264 next=0x5b (chunk=3687)
[VT] ESC at 2272 next=0x5b (chunk=3687)
[VT] ESC at 2291 next=0x5b (chunk=3687)
[VT] ESC at 2309 next=0x5b (chunk=3687)
[VT] ESC at 2313 next=0x5b (chunk=3687)
[VT] ESC at 2321 next=0x5b (chunk=3687)
[VT] ESC at 2339 next=0x5b (chunk=3687)
[VT] ESC at 2360 next=0x5b (chunk=3687)
[VT] ESC at 2364 next=0x5b (chunk=3687)
[VT] ESC at 2372 next=0x5b (chunk=3687)
[VT] ESC at 2391 next=0x5b (chunk=3687)
[VT] ESC at 2408 next=0x5b (chunk=3687)
[VT] ESC at 2412 next=0x5b (chunk=3687)
[VT] ESC at 2420 next=0x5b (chunk=3687)
[VT] ESC at 2439 next=0x5b (chunk=3687)
[VT] ESC at 2457 next=0x5b (chunk=3687)
[VT] ESC at 2461 next=0x5b (chunk=3687)
[VT] ESC at 2469 next=0x5b (chunk=3687)
[VT] ESC at 2488 next=0x5b (chunk=3687)
[VT] ESC at 2505 next=0x5b (chunk=3687)
[VT] ESC at 2509 next=0x5b (chunk=3687)
[VT] ESC at 2517 next=0x5b (chunk=3687)
[VT] ESC at 2536 next=0x5b (chunk=3687)
[VT] ESC at 2559 next=0x5b (chunk=3687)
[VT] ESC at 2563 next=0x5b (chunk=3687)
[VT] ESC at 2571 next=0x5b (chunk=3687)
[VT] ESC at 2590 next=0x5b (chunk=3687)
[VT] ESC at 2607 next=0x5b (chunk=3687)
[VT] ESC at 2611 next=0x5b (chunk=3687)
[VT] ESC at 2619 next=0x5b (chunk=3687)
[VT] ESC at 2638 next=0x5b (chunk=3687)
[VT] ESC at 2660 next=0x5b (chunk=3687)
[VT] ESC at 2664 next=0x5b (chunk=3687)
[VT] ESC at 2672 next=0x5b (chunk=3687)
[VT] ESC at 2691 next=0x5b (chunk=3687)
[VT] ESC at 2757 next=0x5b (chunk=3687)
[VT] ESC at 2761 next=0x5b (chunk=3687)
[VT] ESC at 2769 next=0x5b (chunk=3687)
[VT] ESC at 2787 next=0x5b (chunk=3687)
[VT] ESC at 2806 next=0x5b (chunk=3687)
[VT] ESC at 2810 next=0x5b (chunk=3687)
[VT] ESC at 2818 next=0x5b (chunk=3687)
[VT] ESC at 2834 next=0x5b (chunk=3687)
[VT] ESC at 3072 next=0x5b (chunk=3687)
[VT] ESC at 3076 next=0x5b (chunk=3687)
[VT] ESC at 3084 next=0x5b (chunk=3687)
[VT] ESC at 3103 next=0x5b (chunk=3687)
[VT] ESC at 3123 next=0x5b (chunk=3687)
[VT] ESC at 3127 next=0x5b (chunk=3687)
[VT] ESC at 3135 next=0x5b (chunk=3687)
[VT] ESC at 3154 next=0x5b (chunk=3687)
[VT] ESC at 3176 next=0x5b (chunk=3687)
[VT] ESC at 3180 next=0x5b (chunk=3687)
[VT] ESC at 3188 next=0x5b (chunk=3687)
[VT] ESC at 3207 next=0x5b (chunk=3687)
[VT] ESC at 3230 next=0x5b (chunk=3687)
[VT] ESC at 3234 next=0x5b (chunk=3687)
[VT] ESC at 3242 next=0x5b (chunk=3687)
[VT] ESC at 3261 next=0x5b (chunk=3687)
[VT] ESC at 3285 next=0x5b (chunk=3687)
[VT] ESC at 3289 next=0x5b (chunk=3687)
[VT] ESC at 3297 next=0x5b (chunk=3687)
[VT] ESC at 3315 next=0x5b (chunk=3687)
[VT] ESC at 3339 next=0x5b (chunk=3687)
[VT] ESC at 3343 next=0x5b (chunk=3687)
[VT] ESC at 3351 next=0x5b (chunk=3687)
[VT] ESC at 3370 next=0x5b (chunk=3687)
[VT] ESC at 3392 next=0x5b (chunk=3687)
[VT] ESC at 3396 next=0x5b (chunk=3687)
[VT] ESC at 3404 next=0x5b (chunk=3687)
[VT] ESC at 3423 next=0x5b (chunk=3687)
[VT] ESC at 3442 next=0x5b (chunk=3687)
[VT] ESC at 3446 next=0x5b (chunk=3687)
[VT] ESC at 3454 next=0x5b (chunk=3687)
[VT] ESC at 3473 next=0x5b (chunk=3687)
[VT] ESC at 3528 next=0x5b (chunk=3687)
[VT] ESC at 3532 next=0x5b (chunk=3687)
[VT] ESC at 3539 next=0x5b (chunk=3687)
[VT] ESC at 3558 next=0x5b (chunk=3687)
[VT] ESC at 3585 next=0x5b (chunk=3687)
[VT] ESC at 3589 next=0x5b (chunk=3687)
[VT] ESC at 3597 next=0x5b (chunk=3687)
[VT] ESC at 3616 next=0x5b (chunk=3687)
[VT] ESC at 3639 next=0x5b (chunk=3687)
[VT] ESC at 3643 next=0x5b (chunk=3687)
[VT] ESC at 3647 next=0x5d (chunk=3687)
[VT] ESC at 3660 next=0x5b (chunk=3687)
[VT] ESC at 3665 next=0x5b (chunk=3687)
[VT] ESC at 3673 next=0x5b (chunk=3687)
[VT] ESC at 3679 next=0x5b (chunk=3687)
[VT] ESC at 0 next=0x5b (chunk=214)
[VT] ESC at 8 next=0x5b (chunk=214)
[VT] ESC at 14 next=0x5b (chunk=214)
[VT] ESC at 22 next=0x5b (chunk=214)
[VT] ESC at 41 next=0x5b (chunk=214)
[VT] ESC at 74 next=0x5b (chunk=214)
[VT] ESC at 78 next=0x5b (chunk=214)
[VT] ESC at 86 next=0x5b (chunk=214)
[VT] ESC at 105 next=0x5b (chunk=214)
[VT] ESC at 132 next=0x5b (chunk=214)
[VT] ESC at 136 next=0x5b (chunk=214)
[VT] ESC at 144 next=0x5b (chunk=214)
[VT] ESC at 163 next=0x5b (chunk=214)
[VT] ESC at 184 next=0x5b (chunk=214)
[VT] ESC at 188 next=0x5b (chunk=214)
[VT] ESC at 192 next=0x5b (chunk=214)
[VT] ESC at 200 next=0x5b (chunk=214)
[VT] ESC at 206 next=0x5b (chunk=214)
[VT] ESC at 0 next=0x5b (chunk=192)
[VT] ESC at 8 next=0x5b (chunk=192)
[VT] ESC at 14 next=0x5b (chunk=192)
[VT] ESC at 22 next=0x5b (chunk=192)
[VT] ESC at 41 next=0x5b (chunk=192)
[VT] ESC at 60 next=0x5b (chunk=192)
[VT] ESC at 64 next=0x5b (chunk=192)
[VT] ESC at 72 next=0x5b (chunk=192)
[VT] ESC at 91 next=0x5b (chunk=192)
[VT] ESC at 162 next=0x5b (chunk=192)
[VT] ESC at 166 next=0x5b (chunk=192)
[VT] ESC at 170 next=0x5b (chunk=192)
[VT] ESC at 178 next=0x5b (chunk=192)
[VT] ESC at 184 next=0x5b (chunk=192)
[VT] ESC at 0 next=0x5b (chunk=144)
[VT] ESC at 8 next=0x5b (chunk=144)
[VT] ESC at 14 next=0x5b (chunk=144)
[VT] ESC at 22 next=0x5b (chunk=144)
[VT] ESC at 41 next=0x5b (chunk=144)
[VT] ESC at 114 next=0x5b (chunk=144)
[VT] ESC at 118 next=0x5b (chunk=144)
[VT] ESC at 122 next=0x5b (chunk=144)
[VT] ESC at 130 next=0x5b (chunk=144)
[VT] ESC at 136 next=0x5b (chunk=144)
[VT] ESC at 0 next=0x5b (chunk=192)
[VT] ESC at 8 next=0x5b (chunk=192)
[VT] ESC at 14 next=0x5b (chunk=192)
[VT] ESC at 22 next=0x5b (chunk=192)
[VT] ESC at 41 next=0x5b (chunk=192)
[VT] ESC at 60 next=0x5b (chunk=192)
[VT] ESC at 64 next=0x5b (chunk=192)
[VT] ESC at 72 next=0x5b (chunk=192)
[VT] ESC at 91 next=0x5b (chunk=192)
[VT] ESC at 162 next=0x5b (chunk=192)
[VT] ESC at 166 next=0x5b (chunk=192)
[VT] ESC at 170 next=0x5b (chunk=192)
[VT] ESC at 178 next=0x5b (chunk=192)
[VT] ESC at 184 next=0x5b (chunk=192)
[VT] ESC at 0 next=0x5b (chunk=144)
[VT] ESC at 8 next=0x5b (chunk=144)
[VT] ESC at 14 next=0x5b (chunk=144)
[VT] ESC at 22 next=0x5b (chunk=144)
[VT] ESC at 41 next=0x5b (chunk=144)
[VT] ESC at 114 next=0x5b (chunk=144)
[VT] ESC at 118 next=0x5b (chunk=144)
[VT] ESC at 122 next=0x5b (chunk=144)
[VT] ESC at 130 next=0x5b (chunk=144)
[VT] ESC at 136 next=0x5b (chunk=144)
[VT] ESC at 0 next=0x5b (chunk=191)
[VT] ESC at 8 next=0x5b (chunk=191)
[VT] ESC at 14 next=0x5b (chunk=191)
[VT] ESC at 22 next=0x5b (chunk=191)
[VT] ESC at 41 next=0x5b (chunk=191)
[VT] ESC at 58 next=0x5b (chunk=191)
[VT] ESC at 62 next=0x5b (chunk=191)
[VT] ESC at 70 next=0x5b (chunk=191)
[VT] ESC at 89 next=0x5b (chunk=191)
[VT] ESC at 161 next=0x5b (chunk=191)
[VT] ESC at 165 next=0x5b (chunk=191)
[VT] ESC at 169 next=0x5b (chunk=191)
[VT] ESC at 177 next=0x5b (chunk=191)
[VT] ESC at 183 next=0x5b (chunk=191)
[VT] ESC at 0 next=0x5b (chunk=88)
[VT] ESC at 8 next=0x5b (chunk=88)
[VT] ESC at 14 next=0x5b (chunk=88)
[VT] ESC at 22 next=0x5b (chunk=88)
[VT] ESC at 41 next=0x5b (chunk=88)
[VT] ESC at 58 next=0x5b (chunk=88)
[VT] ESC at 62 next=0x5b (chunk=88)
[VT] ESC at 66 next=0x5b (chunk=88)
[VT] ESC at 74 next=0x5b (chunk=88)
[VT] ESC at 80 next=0x5b (chunk=88)
[VT] ESC at 0 next=0x5b (chunk=88)
[VT] ESC at 8 next=0x5b (chunk=88)
[VT] ESC at 14 next=0x5b (chunk=88)
[VT] ESC at 22 next=0x5b (chunk=88)
[VT] ESC at 41 next=0x5b (chunk=88)
[VT] ESC at 58 next=0x5b (chunk=88)
[VT] ESC at 62 next=0x5b (chunk=88)
[VT] ESC at 66 next=0x5b (chunk=88)
[VT] ESC at 74 next=0x5b (chunk=88)
[VT] ESC at 80 next=0x5b (chunk=88)
[VT] ESC at 0 next=0x5b (chunk=144)
[VT] ESC at 8 next=0x5b (chunk=144)
[VT] ESC at 14 next=0x5b (chunk=144)
[VT] ESC at 22 next=0x5b (chunk=144)
[VT] ESC at 41 next=0x5b (chunk=144)
[VT] ESC at 114 next=0x5b (chunk=144)
[VT] ESC at 118 next=0x5b (chunk=144)
[VT] ESC at 122 next=0x5b (chunk=144)
[VT] ESC at 130 next=0x5b (chunk=144)
[VT] ESC at 136 next=0x5b (chunk=144)
[VT] ESC at 0 next=0x5b (chunk=191)
[VT] ESC at 8 next=0x5b (chunk=191)
[VT] ESC at 14 next=0x5b (chunk=191)
[VT] ESC at 22 next=0x5b (chunk=191)
[VT] ESC at 41 next=0x5b (chunk=191)
[VT] ESC at 58 next=0x5b (chunk=191)
[VT] ESC at 62 next=0x5b (chunk=191)
[VT] ESC at 70 next=0x5b (chunk=191)
[VT] ESC at 89 next=0x5b (chunk=191)
[VT] ESC at 161 next=0x5b (chunk=191)
[VT] ESC at 165 next=0x5b (chunk=191)
[VT] ESC at 169 next=0x5b (chunk=191)
[VT] ESC at 177 next=0x5b (chunk=191)
[VT] ESC at 183 next=0x5b (chunk=191)
[VT] ESC at 0 next=0x5b (chunk=144)
[VT] ESC at 8 next=0x5b (chunk=144)
[VT] ESC at 14 next=0x5b (chunk=144)
[VT] ESC at 22 next=0x5b (chunk=144)
[VT] ESC at 41 next=0x5b (chunk=144)
[VT] ESC at 114 next=0x5b (chunk=144)
[VT] ESC at 118 next=0x5b (chunk=144)
[VT] ESC at 122 next=0x5b (chunk=144)
[VT] ESC at 130 next=0x5b (chunk=144)
[VT] ESC at 136 next=0x5b (chunk=144)
[VT] ESC at 0 next=0x5b (chunk=191)
[VT] ESC at 8 next=0x5b (chunk=191)
[VT] ESC at 14 next=0x5b (chunk=191)
[VT] ESC at 22 next=0x5b (chunk=191)
[VT] ESC at 41 next=0x5b (chunk=191)
[VT] ESC at 58 next=0x5b (chunk=191)
[VT] ESC at 62 next=0x5b (chunk=191)
[VT] ESC at 70 next=0x5b (chunk=191)
[VT] ESC at 89 next=0x5b (chunk=191)
[VT] ESC at 161 next=0x5b (chunk=191)
[VT] ESC at 165 next=0x5b (chunk=191)
[VT] ESC at 169 next=0x5b (chunk=191)
[VT] ESC at 177 next=0x5b (chunk=191)
[VT] ESC at 183 next=0x5b (chunk=191)
[VT] ESC at 0 next=0x5b (chunk=144)
[VT] ESC at 8 next=0x5b (chunk=144)
[VT] ESC at 14 next=0x5b (chunk=144)
[VT] ESC at 22 next=0x5b (chunk=144)
[VT] ESC at 41 next=0x5b (chunk=144)
[VT] ESC at 114 next=0x5b (chunk=144)
[VT] ESC at 118 next=0x5b (chunk=144)
[VT] ESC at 122 next=0x5b (chunk=144)
[VT] ESC at 130 next=0x5b (chunk=144)
[VT] ESC at 136 next=0x5b (chunk=144)
[VT] ESC at 0 next=0x5d (chunk=13)
[VT] ESC at 0 next=0x5b (chunk=3158)
[VT] ESC at 8 next=0x5b (chunk=3158)
[VT] ESC at 14 next=0x5b (chunk=3158)
[VT] ESC at 22 next=0x5b (chunk=3158)
[VT] ESC at 41 next=0x5b (chunk=3158)
[VT] ESC at 76 next=0x5b (chunk=3158)
[VT] ESC at 80 next=0x5b (chunk=3158)
[VT] ESC at 88 next=0x5b (chunk=3158)
[VT] ESC at 107 next=0x5b (chunk=3158)
[VT] ESC at 142 next=0x5b (chunk=3158)
[VT] ESC at 146 next=0x5b (chunk=3158)
[VT] ESC at 154 next=0x5b (chunk=3158)
[VT] ESC at 173 next=0x5b (chunk=3158)
[VT] ESC at 208 next=0x5b (chunk=3158)
[VT] ESC at 212 next=0x5b (chunk=3158)
[VT] ESC at 220 next=0x5b (chunk=3158)
[VT] ESC at 239 next=0x5b (chunk=3158)
[VT] ESC at 274 next=0x5b (chunk=3158)
[VT] ESC at 278 next=0x5b (chunk=3158)
[VT] ESC at 286 next=0x5b (chunk=3158)
[VT] ESC at 305 next=0x5b (chunk=3158)
[VT] ESC at 340 next=0x5b (chunk=3158)
[VT] ESC at 344 next=0x5b (chunk=3158)
[VT] ESC at 352 next=0x5b (chunk=3158)
[VT] ESC at 371 next=0x5b (chunk=3158)
[VT] ESC at 406 next=0x5b (chunk=3158)
[VT] ESC at 410 next=0x5b (chunk=3158)
[VT] ESC at 418 next=0x5b (chunk=3158)
[VT] ESC at 437 next=0x5b (chunk=3158)
[VT] ESC at 472 next=0x5b (chunk=3158)
[VT] ESC at 476 next=0x5b (chunk=3158)
[VT] ESC at 484 next=0x5b (chunk=3158)
[VT] ESC at 503 next=0x5b (chunk=3158)
[VT] ESC at 538 next=0x5b (chunk=3158)
[VT] ESC at 542 next=0x5b (chunk=3158)
[VT] ESC at 550 next=0x5b (chunk=3158)
[VT] ESC at 569 next=0x5b (chunk=3158)
[VT] ESC at 660 next=0x5b (chunk=3158)
[VT] ESC at 664 next=0x5b (chunk=3158)
[VT] ESC at 672 next=0x5b (chunk=3158)
[VT] ESC at 691 next=0x5b (chunk=3158)
[VT] ESC at 782 next=0x5b (chunk=3158)
[VT] ESC at 786 next=0x5b (chunk=3158)
[VT] ESC at 794 next=0x5b (chunk=3158)
[VT] ESC at 813 next=0x5b (chunk=3158)
[VT] ESC at 904 next=0x5b (chunk=3158)
[VT] ESC at 908 next=0x5b (chunk=3158)
[VT] ESC at 916 next=0x5b (chunk=3158)
[VT] ESC at 935 next=0x5b (chunk=3158)
[VT] ESC at 1026 next=0x5b (chunk=3158)
[VT] ESC at 1030 next=0x5b (chunk=3158)
[VT] ESC at 1038 next=0x5b (chunk=3158)
[VT] ESC at 1057 next=0x5b (chunk=3158)
[VT] ESC at 1148 next=0x5b (chunk=3158)
[VT] ESC at 1152 next=0x5b (chunk=3158)
[VT] ESC at 1160 next=0x5b (chunk=3158)
[VT] ESC at 1179 next=0x5b (chunk=3158)
[VT] ESC at 1205 next=0x5b (chunk=3158)
[VT] ESC at 1209 next=0x5b (chunk=3158)
[VT] ESC at 1217 next=0x5b (chunk=3158)
[VT] ESC at 1236 next=0x5b (chunk=3158)
[VT] ESC at 1267 next=0x5b (chunk=3158)
[VT] ESC at 1271 next=0x5b (chunk=3158)
[VT] ESC at 1279 next=0x5b (chunk=3158)
[VT] ESC at 1298 next=0x5b (chunk=3158)
[VT] ESC at 1368 next=0x5b (chunk=3158)
[VT] ESC at 1372 next=0x5b (chunk=3158)
[VT] ESC at 1379 next=0x5b (chunk=3158)
[VT] ESC at 1397 next=0x5b (chunk=3158)
[VT] ESC at 1416 next=0x5b (chunk=3158)
[VT] ESC at 1420 next=0x5b (chunk=3158)
[VT] ESC at 1427 next=0x5b (chunk=3158)
[VT] ESC at 1446 next=0x5b (chunk=3158)
[VT] ESC at 1554 next=0x5b (chunk=3158)
[VT] ESC at 1558 next=0x5b (chunk=3158)
[VT] ESC at 1565 next=0x5b (chunk=3158)
[VT] ESC at 1583 next=0x5b (chunk=3158)
[VT] ESC at 1602 next=0x5b (chunk=3158)
[VT] ESC at 1606 next=0x5b (chunk=3158)
[VT] ESC at 1613 next=0x5b (chunk=3158)
[VT] ESC at 1632 next=0x5b (chunk=3158)
[VT] ESC at 1740 next=0x5b (chunk=3158)
[VT] ESC at 1744 next=0x5b (chunk=3158)
[VT] ESC at 1751 next=0x5b (chunk=3158)
[VT] ESC at 1769 next=0x5b (chunk=3158)
[VT] ESC at 1788 next=0x5b (chunk=3158)
[VT] ESC at 1792 next=0x5b (chunk=3158)
[VT] ESC at 1799 next=0x5b (chunk=3158)
[VT] ESC at 1818 next=0x5b (chunk=3158)
[VT] ESC at 1926 next=0x5b (chunk=3158)
[VT] ESC at 1930 next=0x5b (chunk=3158)
[VT] ESC at 1937 next=0x5b (chunk=3158)
[VT] ESC at 1955 next=0x5b (chunk=3158)
[VT] ESC at 1974 next=0x5b (chunk=3158)
[VT] ESC at 1978 next=0x5b (chunk=3158)
[VT] ESC at 1985 next=0x5b (chunk=3158)
[VT] ESC at 2004 next=0x5b (chunk=3158)
[VT] ESC at 2022 next=0x5b (chunk=3158)
[VT] ESC at 2026 next=0x5b (chunk=3158)
[VT] ESC at 2033 next=0x5b (chunk=3158)
[VT] ESC at 2051 next=0x5b (chunk=3158)
[VT] ESC at 2072 next=0x5b (chunk=3158)
[VT] ESC at 2076 next=0x5b (chunk=3158)
[VT] ESC at 2084 next=0x5b (chunk=3158)
[VT] ESC at 2103 next=0x5b (chunk=3158)
[VT] ESC at 2120 next=0x5b (chunk=3158)
[VT] ESC at 2124 next=0x5b (chunk=3158)
[VT] ESC at 2132 next=0x5b (chunk=3158)
[VT] ESC at 2151 next=0x5b (chunk=3158)
[VT] ESC at 2169 next=0x5b (chunk=3158)
[VT] ESC at 2173 next=0x5b (chunk=3158)
[VT] ESC at 2181 next=0x5b (chunk=3158)
[VT] ESC at 2200 next=0x5b (chunk=3158)
[VT] ESC at 2217 next=0x5b (chunk=3158)
[VT] ESC at 2221 next=0x5b (chunk=3158)
[VT] ESC at 2229 next=0x5b (chunk=3158)
[VT] ESC at 2248 next=0x5b (chunk=3158)
[VT] ESC at 2281 next=0x5b (chunk=3158)
[VT] ESC at 2285 next=0x5b (chunk=3158)
[VT] ESC at 2293 next=0x5b (chunk=3158)
[VT] ESC at 2312 next=0x5b (chunk=3158)
[VT] ESC at 2329 next=0x5b (chunk=3158)
[VT] ESC at 2333 next=0x5b (chunk=3158)
[VT] ESC at 2341 next=0x5b (chunk=3158)
[VT] ESC at 2360 next=0x5b (chunk=3158)
[VT] ESC at 2387 next=0x5b (chunk=3158)
[VT] ESC at 2391 next=0x5b (chunk=3158)
[VT] ESC at 2399 next=0x5b (chunk=3158)
[VT] ESC at 2418 next=0x5b (chunk=3158)
[VT] ESC at 2487 next=0x5b (chunk=3158)
[VT] ESC at 2491 next=0x5b (chunk=3158)
[VT] ESC at 2498 next=0x5b (chunk=3158)
[VT] ESC at 2516 next=0x5b (chunk=3158)
[VT] ESC at 2535 next=0x5b (chunk=3158)
[VT] ESC at 2539 next=0x5b (chunk=3158)
[VT] ESC at 2546 next=0x5b (chunk=3158)
[VT] ESC at 2562 next=0x5b (chunk=3158)
[VT] ESC at 2854 next=0x5b (chunk=3158)
[VT] ESC at 2858 next=0x5b (chunk=3158)
[VT] ESC at 2865 next=0x5b (chunk=3158)
[VT] ESC at 2884 next=0x5b (chunk=3158)
[VT] ESC at 2916 next=0x5b (chunk=3158)
[VT] ESC at 2920 next=0x5b (chunk=3158)
[VT] ESC at 2928 next=0x5b (chunk=3158)
[VT] ESC at 2947 next=0x5b (chunk=3158)
[VT] ESC at 2967 next=0x5b (chunk=3158)
[VT] ESC at 2971 next=0x5b (chunk=3158)
[VT] ESC at 2979 next=0x5b (chunk=3158)
[VT] ESC at 2998 next=0x5b (chunk=3158)
[VT] ESC at 3020 next=0x5b (chunk=3158)
[VT] ESC at 3024 next=0x5b (chunk=3158)
[VT] ESC at 3032 next=0x5b (chunk=3158)
[VT] ESC at 3051 next=0x5b (chunk=3158)
[VT] ESC at 3074 next=0x5b (chunk=3158)
[VT] ESC at 3078 next=0x5b (chunk=3158)
[VT] ESC at 3086 next=0x5b (chunk=3158)
[VT] ESC at 3105 next=0x5b (chunk=3158)
[VT] ESC at 3129 next=0x5b (chunk=3158)
[VT] ESC at 3133 next=0x5b (chunk=3158)
[VT] ESC at 3137 next=0x5b (chunk=3158)
[VT] ESC at 3144 next=0x5b (chunk=3158)
[VT] ESC at 3150 next=0x5b (chunk=3158)
[VT] ESC at 0 next=0x5b (chunk=1111)
[VT] ESC at 8 next=0x5b (chunk=1111)
[VT] ESC at 14 next=0x5b (chunk=1111)
[VT] ESC at 20 next=0x5b (chunk=1111)
[VT] ESC at 38 next=0x5b (chunk=1111)
[VT] ESC at 57 next=0x5b (chunk=1111)
[VT] ESC at 61 next=0x5b (chunk=1111)
[VT] ESC at 67 next=0x5b (chunk=1111)
[VT] ESC at 86 next=0x5b (chunk=1111)
[VT] ESC at 194 next=0x5b (chunk=1111)
[VT] ESC at 198 next=0x5b (chunk=1111)
[VT] ESC at 204 next=0x5b (chunk=1111)
[VT] ESC at 222 next=0x5b (chunk=1111)
[VT] ESC at 241 next=0x5b (chunk=1111)
[VT] ESC at 245 next=0x5b (chunk=1111)
[VT] ESC at 251 next=0x5b (chunk=1111)
[VT] ESC at 270 next=0x5b (chunk=1111)
[VT] ESC at 288 next=0x5b (chunk=1111)
[VT] ESC at 292 next=0x5b (chunk=1111)
[VT] ESC at 298 next=0x5b (chunk=1111)
[VT] ESC at 317 next=0x5b (chunk=1111)
[VT] ESC at 334 next=0x5b (chunk=1111)
[VT] ESC at 338 next=0x5b (chunk=1111)
[VT] ESC at 344 next=0x5b (chunk=1111)
[VT] ESC at 363 next=0x5b (chunk=1111)
[VT] ESC at 468 next=0x5b (chunk=1111)
[VT] ESC at 472 next=0x5b (chunk=1111)
[VT] ESC at 478 next=0x5b (chunk=1111)
[VT] ESC at 496 next=0x5b (chunk=1111)
[VT] ESC at 515 next=0x5b (chunk=1111)
[VT] ESC at 519 next=0x5b (chunk=1111)
[VT] ESC at 525 next=0x5b (chunk=1111)
[VT] ESC at 544 next=0x5b (chunk=1111)
[VT] ESC at 652 next=0x5b (chunk=1111)
[VT] ESC at 656 next=0x5b (chunk=1111)
[VT] ESC at 662 next=0x5b (chunk=1111)
[VT] ESC at 680 next=0x5b (chunk=1111)
[VT] ESC at 700 next=0x5b (chunk=1111)
[VT] ESC at 704 next=0x5b (chunk=1111)
[VT] ESC at 710 next=0x5b (chunk=1111)
[VT] ESC at 729 next=0x5b (chunk=1111)
[VT] ESC at 746 next=0x5b (chunk=1111)
[VT] ESC at 750 next=0x5b (chunk=1111)
[VT] ESC at 756 next=0x5b (chunk=1111)
[VT] ESC at 775 next=0x5b (chunk=1111)
[VT] ESC at 796 next=0x5b (chunk=1111)
[VT] ESC at 800 next=0x5b (chunk=1111)
[VT] ESC at 807 next=0x5b (chunk=1111)
[VT] ESC at 826 next=0x5b (chunk=1111)
[VT] ESC at 863 next=0x5b (chunk=1111)
[VT] ESC at 867 next=0x5b (chunk=1111)
[VT] ESC at 874 next=0x5b (chunk=1111)
[VT] ESC at 892 next=0x5b (chunk=1111)
[VT] ESC at 911 next=0x5b (chunk=1111)
[VT] ESC at 915 next=0x5b (chunk=1111)
[VT] ESC at 922 next=0x5b (chunk=1111)
[VT] ESC at 938 next=0x5b (chunk=1111)
[VT] ESC at 975 next=0x5b (chunk=1111)
[VT] ESC at 979 next=0x5b (chunk=1111)
[VT] ESC at 987 next=0x5b (chunk=1111)
[VT] ESC at 1006 next=0x5b (chunk=1111)
[VT] ESC at 1026 next=0x5b (chunk=1111)
[VT] ESC at 1030 next=0x5b (chunk=1111)
[VT] ESC at 1038 next=0x5b (chunk=1111)
[VT] ESC at 1057 next=0x5b (chunk=1111)
[VT] ESC at 1082 next=0x5b (chunk=1111)
[VT] ESC at 1086 next=0x5b (chunk=1111)
[VT] ESC at 1090 next=0x5b (chunk=1111)
[VT] ESC at 1097 next=0x5b (chunk=1111)
[VT] ESC at 1103 next=0x5b (chunk=1111)
[VT] ESC at 0 next=0x5b (chunk=196)
[VT] ESC at 8 next=0x5b (chunk=196)
[VT] ESC at 14 next=0x5b (chunk=196)
[VT] ESC at 21 next=0x5b (chunk=196)
[VT] ESC at 39 next=0x5b (chunk=196)
[VT] ESC at 58 next=0x5b (chunk=196)
[VT] ESC at 62 next=0x5b (chunk=196)
[VT] ESC at 69 next=0x5b (chunk=196)
[VT] ESC at 87 next=0x5b (chunk=196)
[VT] ESC at 106 next=0x5b (chunk=196)
[VT] ESC at 110 next=0x5b (chunk=196)
[VT] ESC at 117 next=0x5b (chunk=196)
[VT] ESC at 133 next=0x5b (chunk=196)
[VT] ESC at 167 next=0x5b (chunk=196)
[VT] ESC at 171 next=0x5b (chunk=196)
[VT] ESC at 175 next=0x5b (chunk=196)
[VT] ESC at 182 next=0x5b (chunk=196)
[VT] ESC at 188 next=0x5b (chunk=196)
[VT] ESC at 0 next=0x5d (chunk=13)
[VT] ESC at 0 next=0x5b (chunk=250)
[VT] ESC at 8 next=0x5b (chunk=250)
[VT] ESC at 14 next=0x5b (chunk=250)
[VT] ESC at 20 next=0x5b (chunk=250)
[VT] ESC at 38 next=0x5b (chunk=250)
[VT] ESC at 58 next=0x5b (chunk=250)
[VT] ESC at 62 next=0x5b (chunk=250)
[VT] ESC at 68 next=0x5b (chunk=250)
[VT] ESC at 87 next=0x5b (chunk=250)
[VT] ESC at 104 next=0x5b (chunk=250)
[VT] ESC at 108 next=0x5b (chunk=250)
[VT] ESC at 114 next=0x5b (chunk=250)
[VT] ESC at 133 next=0x5b (chunk=250)
[VT] ESC at 154 next=0x5b (chunk=250)
[VT] ESC at 158 next=0x5b (chunk=250)
[VT] ESC at 165 next=0x5b (chunk=250)
[VT] ESC at 184 next=0x5b (chunk=250)
[VT] ESC at 221 next=0x5b (chunk=250)
[VT] ESC at 225 next=0x5b (chunk=250)
[VT] ESC at 229 next=0x5b (chunk=250)
[VT] ESC at 236 next=0x5b (chunk=250)
[VT] ESC at 242 next=0x5b (chunk=250)
[VT] ESC at 0 next=0x5b (chunk=241)
[VT] ESC at 8 next=0x5b (chunk=241)
[VT] ESC at 14 next=0x5b (chunk=241)
[VT] ESC at 21 next=0x5b (chunk=241)
[VT] ESC at 39 next=0x5b (chunk=241)
[VT] ESC at 58 next=0x5b (chunk=241)
[VT] ESC at 62 next=0x5b (chunk=241)
[VT] ESC at 69 next=0x5b (chunk=241)
[VT] ESC at 87 next=0x5b (chunk=241)
[VT] ESC at 106 next=0x5b (chunk=241)
[VT] ESC at 110 next=0x5b (chunk=241)
[VT] ESC at 117 next=0x5b (chunk=241)
[VT] ESC at 135 next=0x5b (chunk=241)
[VT] ESC at 154 next=0x5b (chunk=241)
[VT] ESC at 158 next=0x5b (chunk=241)
[VT] ESC at 165 next=0x5b (chunk=241)
[VT] ESC at 181 next=0x5b (chunk=241)
[VT] ESC at 212 next=0x5b (chunk=241)
[VT] ESC at 216 next=0x5b (chunk=241)
[VT] ESC at 220 next=0x5b (chunk=241)
[VT] ESC at 227 next=0x5b (chunk=241)
[VT] ESC at 233 next=0x5b (chunk=241)
[VT] ESC at 0 next=0x5b (chunk=285)
[VT] ESC at 8 next=0x5b (chunk=285)
[VT] ESC at 14 next=0x5b (chunk=285)
[VT] ESC at 21 next=0x5b (chunk=285)
[VT] ESC at 38 next=0x5b (chunk=285)
[VT] ESC at 57 next=0x5b (chunk=285)
[VT] ESC at 61 next=0x5b (chunk=285)
[VT] ESC at 68 next=0x5b (chunk=285)
[VT] ESC at 86 next=0x5b (chunk=285)
[VT] ESC at 105 next=0x5b (chunk=285)
[VT] ESC at 109 next=0x5b (chunk=285)
[VT] ESC at 116 next=0x5b (chunk=285)
[VT] ESC at 134 next=0x5b (chunk=285)
[VT] ESC at 153 next=0x5b (chunk=285)
[VT] ESC at 157 next=0x5b (chunk=285)
[VT] ESC at 164 next=0x5b (chunk=285)
[VT] ESC at 182 next=0x5b (chunk=285)
[VT] ESC at 201 next=0x5b (chunk=285)
[VT] ESC at 205 next=0x5b (chunk=285)
[VT] ESC at 212 next=0x5b (chunk=285)
[VT] ESC at 228 next=0x5b (chunk=285)
[VT] ESC at 256 next=0x5b (chunk=285)
[VT] ESC at 260 next=0x5b (chunk=285)
[VT] ESC at 264 next=0x5b (chunk=285)
[VT] ESC at 271 next=0x5b (chunk=285)
[VT] ESC at 277 next=0x5b (chunk=285)
[VT] ESC at 0 next=0x5b (chunk=329)
[VT] ESC at 8 next=0x5b (chunk=329)
[VT] ESC at 14 next=0x5b (chunk=329)
[VT] ESC at 21 next=0x5b (chunk=329)
[VT] ESC at 37 next=0x5b (chunk=329)
[VT] ESC at 56 next=0x5b (chunk=329)
[VT] ESC at 60 next=0x5b (chunk=329)
[VT] ESC at 67 next=0x5b (chunk=329)
[VT] ESC at 84 next=0x5b (chunk=329)
[VT] ESC at 103 next=0x5b (chunk=329)
[VT] ESC at 107 next=0x5b (chunk=329)
[VT] ESC at 114 next=0x5b (chunk=329)
[VT] ESC at 132 next=0x5b (chunk=329)
[VT] ESC at 151 next=0x5b (chunk=329)
[VT] ESC at 155 next=0x5b (chunk=329)
[VT] ESC at 162 next=0x5b (chunk=329)
[VT] ESC at 180 next=0x5b (chunk=329)
[VT] ESC at 199 next=0x5b (chunk=329)
[VT] ESC at 203 next=0x5b (chunk=329)
[VT] ESC at 210 next=0x5b (chunk=329)
[VT] ESC at 228 next=0x5b (chunk=329)
[VT] ESC at 247 next=0x5b (chunk=329)
[VT] ESC at 251 next=0x5b (chunk=329)
[VT] ESC at 258 next=0x5b (chunk=329)
[VT] ESC at 275 next=0x5b (chunk=329)
[VT] ESC at 300 next=0x5b (chunk=329)
[VT] ESC at 304 next=0x5b (chunk=329)
[VT] ESC at 308 next=0x5b (chunk=329)
[VT] ESC at 315 next=0x5b (chunk=329)
[VT] ESC at 321 next=0x5b (chunk=329)
[VT] ESC at 0 next=0x5b (chunk=373)
[VT] ESC at 8 next=0x5b (chunk=373)
[VT] ESC at 14 next=0x5b (chunk=373)
[VT] ESC at 21 next=0x5b (chunk=373)
[VT] ESC at 37 next=0x5b (chunk=373)
[VT] ESC at 56 next=0x5b (chunk=373)
[VT] ESC at 60 next=0x5b (chunk=373)
[VT] ESC at 67 next=0x5b (chunk=373)
[VT] ESC at 83 next=0x5b (chunk=373)
[VT] ESC at 102 next=0x5b (chunk=373)
[VT] ESC at 106 next=0x5b (chunk=373)
[VT] ESC at 113 next=0x5b (chunk=373)
[VT] ESC at 130 next=0x5b (chunk=373)
[VT] ESC at 149 next=0x5b (chunk=373)
[VT] ESC at 153 next=0x5b (chunk=373)
[VT] ESC at 160 next=0x5b (chunk=373)
[VT] ESC at 178 next=0x5b (chunk=373)
[VT] ESC at 197 next=0x5b (chunk=373)
[VT] ESC at 201 next=0x5b (chunk=373)
[VT] ESC at 208 next=0x5b (chunk=373)
[VT] ESC at 226 next=0x5b (chunk=373)
[VT] ESC at 245 next=0x5b (chunk=373)
[VT] ESC at 249 next=0x5b (chunk=373)
[VT] ESC at 256 next=0x5b (chunk=373)
[VT] ESC at 274 next=0x5b (chunk=373)
[VT] ESC at 293 next=0x5b (chunk=373)
[VT] ESC at 297 next=0x5b (chunk=373)
[VT] ESC at 305 next=0x5b (chunk=373)
[VT] ESC at 322 next=0x5b (chunk=373)
[VT] ESC at 344 next=0x5b (chunk=373)
[VT] ESC at 348 next=0x5b (chunk=373)
[VT] ESC at 352 next=0x5b (chunk=373)
[VT] ESC at 359 next=0x5b (chunk=373)
[VT] ESC at 365 next=0x5b (chunk=373)
[VT] ESC at 0 next=0x5b (chunk=418)
[VT] ESC at 8 next=0x5b (chunk=418)
[VT] ESC at 14 next=0x5b (chunk=418)
[VT] ESC at 21 next=0x5b (chunk=418)
[VT] ESC at 38 next=0x5b (chunk=418)
[VT] ESC at 57 next=0x5b (chunk=418)
[VT] ESC at 61 next=0x5b (chunk=418)
[VT] ESC at 68 next=0x5b (chunk=418)
[VT] ESC at 84 next=0x5b (chunk=418)
[VT] ESC at 103 next=0x5b (chunk=418)
[VT] ESC at 107 next=0x5b (chunk=418)
[VT] ESC at 114 next=0x5b (chunk=418)
[VT] ESC at 130 next=0x5b (chunk=418)
[VT] ESC at 149 next=0x5b (chunk=418)
[VT] ESC at 153 next=0x5b (chunk=418)
[VT] ESC at 160 next=0x5b (chunk=418)
[VT] ESC at 177 next=0x5b (chunk=418)
[VT] ESC at 196 next=0x5b (chunk=418)
[VT] ESC at 200 next=0x5b (chunk=418)
[VT] ESC at 207 next=0x5b (chunk=418)
[VT] ESC at 225 next=0x5b (chunk=418)
[VT] ESC at 244 next=0x5b (chunk=418)
[VT] ESC at 248 next=0x5b (chunk=418)
[VT] ESC at 255 next=0x5b (chunk=418)
[VT] ESC at 273 next=0x5b (chunk=418)
[VT] ESC at 292 next=0x5b (chunk=418)
[VT] ESC at 296 next=0x5b (chunk=418)
[VT] ESC at 304 next=0x5b (chunk=418)
[VT] ESC at 322 next=0x5b (chunk=418)
[VT] ESC at 341 next=0x5b (chunk=418)
[VT] ESC at 345 next=0x5b (chunk=418)
[VT] ESC at 353 next=0x5b (chunk=418)
[VT] ESC at 370 next=0x5b (chunk=418)
[VT] ESC at 389 next=0x5b (chunk=418)
[VT] ESC at 393 next=0x5b (chunk=418)
[VT] ESC at 397 next=0x5b (chunk=418)
[VT] ESC at 404 next=0x5b (chunk=418)
[VT] ESC at 410 next=0x5b (chunk=418)
[VT] ESC at 0 next=0x5b (chunk=374)
[VT] ESC at 8 next=0x5b (chunk=374)
[VT] ESC at 14 next=0x5b (chunk=374)
[VT] ESC at 21 next=0x5b (chunk=374)
[VT] ESC at 38 next=0x5b (chunk=374)
[VT] ESC at 60 next=0x5b (chunk=374)
[VT] ESC at 64 next=0x5b (chunk=374)
[VT] ESC at 71 next=0x5b (chunk=374)
[VT] ESC at 87 next=0x5b (chunk=374)
[VT] ESC at 106 next=0x5b (chunk=374)
[VT] ESC at 110 next=0x5b (chunk=374)
[VT] ESC at 117 next=0x5b (chunk=374)
[VT] ESC at 133 next=0x5b (chunk=374)
[VT] ESC at 152 next=0x5b (chunk=374)
[VT] ESC at 156 next=0x5b (chunk=374)
[VT] ESC at 163 next=0x5b (chunk=374)
[VT] ESC at 180 next=0x5b (chunk=374)
[VT] ESC at 199 next=0x5b (chunk=374)
[VT] ESC at 203 next=0x5b (chunk=374)
[VT] ESC at 210 next=0x5b (chunk=374)
[VT] ESC at 228 next=0x5b (chunk=374)
[VT] ESC at 247 next=0x5b (chunk=374)
[VT] ESC at 251 next=0x5b (chunk=374)
[VT] ESC at 259 next=0x5b (chunk=374)
[VT] ESC at 277 next=0x5b (chunk=374)
[VT] ESC at 296 next=0x5b (chunk=374)
[VT] ESC at 300 next=0x5b (chunk=374)
[VT] ESC at 308 next=0x5b (chunk=374)
[VT] ESC at 326 next=0x5b (chunk=374)
[VT] ESC at 345 next=0x5b (chunk=374)
[VT] ESC at 349 next=0x5b (chunk=374)
[VT] ESC at 353 next=0x5b (chunk=374)
[VT] ESC at 360 next=0x5b (chunk=374)
[VT] ESC at 366 next=0x5b (chunk=374)
[VT] ESC at 0 next=0x5b (chunk=329)
[VT] ESC at 8 next=0x5b (chunk=329)
[VT] ESC at 14 next=0x5b (chunk=329)
[VT] ESC at 21 next=0x5b (chunk=329)
[VT] ESC at 38 next=0x5b (chunk=329)
[VT] ESC at 63 next=0x5b (chunk=329)
[VT] ESC at 67 next=0x5b (chunk=329)
[VT] ESC at 74 next=0x5b (chunk=329)
[VT] ESC at 90 next=0x5b (chunk=329)
[VT] ESC at 109 next=0x5b (chunk=329)
[VT] ESC at 113 next=0x5b (chunk=329)
[VT] ESC at 120 next=0x5b (chunk=329)
[VT] ESC at 136 next=0x5b (chunk=329)
[VT] ESC at 155 next=0x5b (chunk=329)
[VT] ESC at 159 next=0x5b (chunk=329)
[VT] ESC at 166 next=0x5b (chunk=329)
[VT] ESC at 183 next=0x5b (chunk=329)
[VT] ESC at 202 next=0x5b (chunk=329)
[VT] ESC at 206 next=0x5b (chunk=329)
[VT] ESC at 214 next=0x5b (chunk=329)
[VT] ESC at 232 next=0x5b (chunk=329)
[VT] ESC at 251 next=0x5b (chunk=329)
[VT] ESC at 255 next=0x5b (chunk=329)
[VT] ESC at 263 next=0x5b (chunk=329)
[VT] ESC at 281 next=0x5b (chunk=329)
[VT] ESC at 300 next=0x5b (chunk=329)
[VT] ESC at 304 next=0x5b (chunk=329)
[VT] ESC at 308 next=0x5b (chunk=329)
[VT] ESC at 315 next=0x5b (chunk=329)
[VT] ESC at 321 next=0x5b (chunk=329)
[VT] ESC at 0 next=0x5b (chunk=284)
[VT] ESC at 8 next=0x5b (chunk=284)
[VT] ESC at 14 next=0x5b (chunk=284)
[VT] ESC at 21 next=0x5b (chunk=284)
[VT] ESC at 38 next=0x5b (chunk=284)
[VT] ESC at 66 next=0x5b (chunk=284)
[VT] ESC at 70 next=0x5b (chunk=284)
[VT] ESC at 77 next=0x5b (chunk=284)
[VT] ESC at 93 next=0x5b (chunk=284)
[VT] ESC at 112 next=0x5b (chunk=284)
[VT] ESC at 116 next=0x5b (chunk=284)
[VT] ESC at 123 next=0x5b (chunk=284)
[VT] ESC at 139 next=0x5b (chunk=284)
[VT] ESC at 158 next=0x5b (chunk=284)
[VT] ESC at 162 next=0x5b (chunk=284)
[VT] ESC at 170 next=0x5b (chunk=284)
[VT] ESC at 187 next=0x5b (chunk=284)
[VT] ESC at 206 next=0x5b (chunk=284)
[VT] ESC at 210 next=0x5b (chunk=284)
[VT] ESC at 218 next=0x5b (chunk=284)
[VT] ESC at 236 next=0x5b (chunk=284)
[VT] ESC at 255 next=0x5b (chunk=284)
[VT] ESC at 259 next=0x5b (chunk=284)
[VT] ESC at 263 next=0x5b (chunk=284)
[VT] ESC at 270 next=0x5b (chunk=284)
[VT] ESC at 276 next=0x5b (chunk=284)
[VT] ESC at 0 next=0x5b (chunk=239)
[VT] ESC at 8 next=0x5b (chunk=239)
[VT] ESC at 14 next=0x5b (chunk=239)
[VT] ESC at 21 next=0x5b (chunk=239)
[VT] ESC at 38 next=0x5b (chunk=239)
[VT] ESC at 69 next=0x5b (chunk=239)
[VT] ESC at 73 next=0x5b (chunk=239)
[VT] ESC at 80 next=0x5b (chunk=239)
[VT] ESC at 96 next=0x5b (chunk=239)
[VT] ESC at 115 next=0x5b (chunk=239)
[VT] ESC at 119 next=0x5b (chunk=239)
[VT] ESC at 127 next=0x5b (chunk=239)
[VT] ESC at 143 next=0x5b (chunk=239)
[VT] ESC at 162 next=0x5b (chunk=239)
[VT] ESC at 166 next=0x5b (chunk=239)
[VT] ESC at 174 next=0x5b (chunk=239)
[VT] ESC at 191 next=0x5b (chunk=239)
[VT] ESC at 210 next=0x5b (chunk=239)
[VT] ESC at 214 next=0x5b (chunk=239)
[VT] ESC at 218 next=0x5b (chunk=239)
[VT] ESC at 225 next=0x5b (chunk=239)
[VT] ESC at 231 next=0x5b (chunk=239)
[VT] ESC at 0 next=0x5b (chunk=195)
[VT] ESC at 8 next=0x5b (chunk=195)
[VT] ESC at 14 next=0x5b (chunk=195)
[VT] ESC at 21 next=0x5b (chunk=195)
[VT] ESC at 38 next=0x5b (chunk=195)
[VT] ESC at 72 next=0x5b (chunk=195)
[VT] ESC at 76 next=0x5b (chunk=195)
[VT] ESC at 84 next=0x5b (chunk=195)
[VT] ESC at 100 next=0x5b (chunk=195)
[VT] ESC at 119 next=0x5b (chunk=195)
[VT] ESC at 123 next=0x5b (chunk=195)
[VT] ESC at 131 next=0x5b (chunk=195)
[VT] ESC at 147 next=0x5b (chunk=195)
[VT] ESC at 166 next=0x5b (chunk=195)
[VT] ESC at 170 next=0x5b (chunk=195)
[VT] ESC at 174 next=0x5b (chunk=195)
[VT] ESC at 181 next=0x5b (chunk=195)
[VT] ESC at 187 next=0x5b (chunk=195)
[VT] ESC at 0 next=0x5b (chunk=150)
[VT] ESC at 8 next=0x5b (chunk=150)
[VT] ESC at 14 next=0x5b (chunk=150)
[VT] ESC at 21 next=0x5b (chunk=150)
[VT] ESC at 37 next=0x5b (chunk=150)
[VT] ESC at 74 next=0x5b (chunk=150)
[VT] ESC at 78 next=0x5b (chunk=150)
[VT] ESC at 86 next=0x5b (chunk=150)
[VT] ESC at 102 next=0x5b (chunk=150)
[VT] ESC at 121 next=0x5b (chunk=150)
[VT] ESC at 125 next=0x5b (chunk=150)
[VT] ESC at 129 next=0x5b (chunk=150)
[VT] ESC at 136 next=0x5b (chunk=150)
[VT] ESC at 142 next=0x5b (chunk=150)
[VT] ESC at 0 next=0x5b (chunk=106)
[VT] ESC at 8 next=0x5b (chunk=106)
[VT] ESC at 14 next=0x5b (chunk=106)
[VT] ESC at 21 next=0x5b (chunk=106)
[VT] ESC at 37 next=0x5b (chunk=106)
[VT] ESC at 77 next=0x5b (chunk=106)
[VT] ESC at 81 next=0x5b (chunk=106)
[VT] ESC at 85 next=0x5b (chunk=106)
[VT] ESC at 92 next=0x5b (chunk=106)
[VT] ESC at 98 next=0x5b (chunk=106)
[VT] ESC at 0 next=0x5b (chunk=106)
[VT] ESC at 8 next=0x5b (chunk=106)
[VT] ESC at 14 next=0x5b (chunk=106)
[VT] ESC at 21 next=0x5b (chunk=106)
[VT] ESC at 37 next=0x5b (chunk=106)
[VT] ESC at 77 next=0x5b (chunk=106)
[VT] ESC at 81 next=0x5b (chunk=106)
[VT] ESC at 85 next=0x5b (chunk=106)
[VT] ESC at 92 next=0x5b (chunk=106)
[VT] ESC at 98 next=0x5b (chunk=106)
[VT] ESC at 0 next=0x5b (chunk=106)
[VT] ESC at 8 next=0x5b (chunk=106)
[VT] ESC at 14 next=0x5b (chunk=106)
[VT] ESC at 21 next=0x5b (chunk=106)
[VT] ESC at 37 next=0x5b (chunk=106)
[VT] ESC at 77 next=0x5b (chunk=106)
[VT] ESC at 81 next=0x5b (chunk=106)
[VT] ESC at 85 next=0x5b (chunk=106)
[VT] ESC at 92 next=0x5b (chunk=106)
[VT] ESC at 98 next=0x5b (chunk=106)
[VT] ESC at 0 next=0x5b (chunk=198)
[VT] ESC at 8 next=0x5b (chunk=198)
[VT] ESC at 14 next=0x5b (chunk=198)
[VT] ESC at 21 next=0x5b (chunk=198)
[VT] ESC at 37 next=0x5b (chunk=198)
[VT] ESC at 71 next=0x5b (chunk=198)
[VT] ESC at 75 next=0x5b (chunk=198)
[VT] ESC at 83 next=0x5b (chunk=198)
[VT] ESC at 101 next=0x5b (chunk=198)
[VT] ESC at 120 next=0x5b (chunk=198)
[VT] ESC at 124 next=0x5b (chunk=198)
[VT] ESC at 132 next=0x5b (chunk=198)
[VT] ESC at 150 next=0x5b (chunk=198)
[VT] ESC at 169 next=0x5b (chunk=198)
[VT] ESC at 173 next=0x5b (chunk=198)
[VT] ESC at 177 next=0x5b (chunk=198)
[VT] ESC at 184 next=0x5b (chunk=198)
[VT] ESC at 190 next=0x5b (chunk=198)
[VT] ESC at 0 next=0x5b (chunk=243)
[VT] ESC at 8 next=0x5b (chunk=243)
[VT] ESC at 14 next=0x5b (chunk=243)
[VT] ESC at 21 next=0x5b (chunk=243)
[VT] ESC at 37 next=0x5b (chunk=243)
[VT] ESC at 68 next=0x5b (chunk=243)
[VT] ESC at 72 next=0x5b (chunk=243)
[VT] ESC at 79 next=0x5b (chunk=243)
[VT] ESC at 97 next=0x5b (chunk=243)
[VT] ESC at 116 next=0x5b (chunk=243)
[VT] ESC at 120 next=0x5b (chunk=243)
[VT] ESC at 128 next=0x5b (chunk=243)
[VT] ESC at 146 next=0x5b (chunk=243)
[VT] ESC at 165 next=0x5b (chunk=243)
[VT] ESC at 169 next=0x5b (chunk=243)
[VT] ESC at 177 next=0x5b (chunk=243)
[VT] ESC at 195 next=0x5b (chunk=243)
[VT] ESC at 214 next=0x5b (chunk=243)
[VT] ESC at 218 next=0x5b (chunk=243)
[VT] ESC at 222 next=0x5b (chunk=243)
[VT] ESC at 229 next=0x5b (chunk=243)
[VT] ESC at 235 next=0x5b (chunk=243)
[VT] ESC at 0 next=0x5b (chunk=287)
[VT] ESC at 8 next=0x5b (chunk=287)
[VT] ESC at 14 next=0x5b (chunk=287)
[VT] ESC at 21 next=0x5b (chunk=287)
[VT] ESC at 37 next=0x5b (chunk=287)
[VT] ESC at 65 next=0x5b (chunk=287)
[VT] ESC at 69 next=0x5b (chunk=287)
[VT] ESC at 76 next=0x5b (chunk=287)
[VT] ESC at 94 next=0x5b (chunk=287)
[VT] ESC at 113 next=0x5b (chunk=287)
[VT] ESC at 117 next=0x5b (chunk=287)
[VT] ESC at 124 next=0x5b (chunk=287)
[VT] ESC at 142 next=0x5b (chunk=287)
[VT] ESC at 161 next=0x5b (chunk=287)
[VT] ESC at 165 next=0x5b (chunk=287)
[VT] ESC at 173 next=0x5b (chunk=287)
[VT] ESC at 191 next=0x5b (chunk=287)
[VT] ESC at 210 next=0x5b (chunk=287)
[VT] ESC at 214 next=0x5b (chunk=287)
[VT] ESC at 222 next=0x5b (chunk=287)
[VT] ESC at 239 next=0x5b (chunk=287)
[VT] ESC at 258 next=0x5b (chunk=287)
[VT] ESC at 262 next=0x5b (chunk=287)
[VT] ESC at 266 next=0x5b (chunk=287)
[VT] ESC at 273 next=0x5b (chunk=287)
[VT] ESC at 279 next=0x5b (chunk=287)
[VT] ESC at 0 next=0x5b (chunk=331)
[VT] ESC at 8 next=0x5b (chunk=331)
[VT] ESC at 14 next=0x5b (chunk=331)
[VT] ESC at 21 next=0x5b (chunk=331)
[VT] ESC at 38 next=0x5b (chunk=331)
[VT] ESC at 63 next=0x5b (chunk=331)
[VT] ESC at 67 next=0x5b (chunk=331)
[VT] ESC at 74 next=0x5b (chunk=331)
[VT] ESC at 92 next=0x5b (chunk=331)
[VT] ESC at 111 next=0x5b (chunk=331)
[VT] ESC at 115 next=0x5b (chunk=331)
[VT] ESC at 122 next=0x5b (chunk=331)
[VT] ESC at 140 next=0x5b (chunk=331)
[VT] ESC at 159 next=0x5b (chunk=331)
[VT] ESC at 163 next=0x5b (chunk=331)
[VT] ESC at 170 next=0x5b (chunk=331)
[VT] ESC at 188 next=0x5b (chunk=331)
[VT] ESC at 207 next=0x5b (chunk=331)
[VT] ESC at 211 next=0x5b (chunk=331)
[VT] ESC at 219 next=0x5b (chunk=331)
[VT] ESC at 236 next=0x5b (chunk=331)
[VT] ESC at 255 next=0x5b (chunk=331)
[VT] ESC at 259 next=0x5b (chunk=331)
[VT] ESC at 267 next=0x5b (chunk=331)
[VT] ESC at 283 next=0x5b (chunk=331)
[VT] ESC at 302 next=0x5b (chunk=331)
[VT] ESC at 306 next=0x5b (chunk=331)
[VT] ESC at 310 next=0x5b (chunk=331)
[VT] ESC at 317 next=0x5b (chunk=331)
[VT] ESC at 323 next=0x5b (chunk=331)
[VT] ESC at 0 next=0x5b (chunk=374)
[VT] ESC at 8 next=0x5b (chunk=374)
[VT] ESC at 14 next=0x5b (chunk=374)
[VT] ESC at 21 next=0x5b (chunk=374)
[VT] ESC at 38 next=0x5b (chunk=374)
[VT] ESC at 60 next=0x5b (chunk=374)
[VT] ESC at 64 next=0x5b (chunk=374)
[VT] ESC at 71 next=0x5b (chunk=374)
[VT] ESC at 89 next=0x5b (chunk=374)
[VT] ESC at 108 next=0x5b (chunk=374)
[VT] ESC at 112 next=0x5b (chunk=374)
[VT] ESC at 119 next=0x5b (chunk=374)
[VT] ESC at 137 next=0x5b (chunk=374)
[VT] ESC at 156 next=0x5b (chunk=374)
[VT] ESC at 160 next=0x5b (chunk=374)
[VT] ESC at 167 next=0x5b (chunk=374)
[VT] ESC at 185 next=0x5b (chunk=374)
[VT] ESC at 204 next=0x5b (chunk=374)
[VT] ESC at 208 next=0x5b (chunk=374)
[VT] ESC at 215 next=0x5b (chunk=374)
[VT] ESC at 232 next=0x5b (chunk=374)
[VT] ESC at 251 next=0x5b (chunk=374)
[VT] ESC at 255 next=0x5b (chunk=374)
[VT] ESC at 263 next=0x5b (chunk=374)
[VT] ESC at 279 next=0x5b (chunk=374)
[VT] ESC at 298 next=0x5b (chunk=374)
[VT] ESC at 302 next=0x5b (chunk=374)
[VT] ESC at 310 next=0x5b (chunk=374)
[VT] ESC at 326 next=0x5b (chunk=374)
[VT] ESC at 345 next=0x5b (chunk=374)
[VT] ESC at 349 next=0x5b (chunk=374)
[VT] ESC at 353 next=0x5b (chunk=374)
[VT] ESC at 360 next=0x5b (chunk=374)
[VT] ESC at 366 next=0x5b (chunk=374)
[VT] ESC at 0 next=0x5b (chunk=418)
[VT] ESC at 8 next=0x5b (chunk=418)
[VT] ESC at 14 next=0x5b (chunk=418)
[VT] ESC at 21 next=0x5b (chunk=418)
[VT] ESC at 38 next=0x5b (chunk=418)
[VT] ESC at 57 next=0x5b (chunk=418)
[VT] ESC at 61 next=0x5b (chunk=418)
[VT] ESC at 68 next=0x5b (chunk=418)
[VT] ESC at 86 next=0x5b (chunk=418)
[VT] ESC at 105 next=0x5b (chunk=418)
[VT] ESC at 109 next=0x5b (chunk=418)
[VT] ESC at 116 next=0x5b (chunk=418)
[VT] ESC at 134 next=0x5b (chunk=418)
[VT] ESC at 153 next=0x5b (chunk=418)
[VT] ESC at 157 next=0x5b (chunk=418)
[VT] ESC at 164 next=0x5b (chunk=418)
[VT] ESC at 182 next=0x5b (chunk=418)
[VT] ESC at 201 next=0x5b (chunk=418)
[VT] ESC at 205 next=0x5b (chunk=418)
[VT] ESC at 212 next=0x5b (chunk=418)
[VT] ESC at 229 next=0x5b (chunk=418)
[VT] ESC at 248 next=0x5b (chunk=418)
[VT] ESC at 252 next=0x5b (chunk=418)
[VT] ESC at 259 next=0x5b (chunk=418)
[VT] ESC at 275 next=0x5b (chunk=418)
[VT] ESC at 294 next=0x5b (chunk=418)
[VT] ESC at 298 next=0x5b (chunk=418)
[VT] ESC at 306 next=0x5b (chunk=418)
[VT] ESC at 322 next=0x5b (chunk=418)
[VT] ESC at 341 next=0x5b (chunk=418)
[VT] ESC at 345 next=0x5b (chunk=418)
[VT] ESC at 353 next=0x5b (chunk=418)
[VT] ESC at 370 next=0x5b (chunk=418)
[VT] ESC at 389 next=0x5b (chunk=418)
[VT] ESC at 393 next=0x5b (chunk=418)
[VT] ESC at 397 next=0x5b (chunk=418)
[VT] ESC at 404 next=0x5b (chunk=418)
[VT] ESC at 410 next=0x5b (chunk=418)
[VT] ESC at 0 next=0x5b (chunk=373)
[VT] ESC at 8 next=0x5b (chunk=373)
[VT] ESC at 14 next=0x5b (chunk=373)
[VT] ESC at 21 next=0x5b (chunk=373)
[VT] ESC at 39 next=0x5b (chunk=373)
[VT] ESC at 58 next=0x5b (chunk=373)
[VT] ESC at 62 next=0x5b (chunk=373)
[VT] ESC at 69 next=0x5b (chunk=373)
[VT] ESC at 87 next=0x5b (chunk=373)
[VT] ESC at 106 next=0x5b (chunk=373)
[VT] ESC at 110 next=0x5b (chunk=373)
[VT] ESC at 117 next=0x5b (chunk=373)
[VT] ESC at 135 next=0x5b (chunk=373)
[VT] ESC at 154 next=0x5b (chunk=373)
[VT] ESC at 158 next=0x5b (chunk=373)
[VT] ESC at 165 next=0x5b (chunk=373)
[VT] ESC at 182 next=0x5b (chunk=373)
[VT] ESC at 201 next=0x5b (chunk=373)
[VT] ESC at 205 next=0x5b (chunk=373)
[VT] ESC at 212 next=0x5b (chunk=373)
[VT] ESC at 228 next=0x5b (chunk=373)
[VT] ESC at 247 next=0x5b (chunk=373)
[VT] ESC at 251 next=0x5b (chunk=373)
[VT] ESC at 258 next=0x5b (chunk=373)
[VT] ESC at 274 next=0x5b (chunk=373)
[VT] ESC at 293 next=0x5b (chunk=373)
[VT] ESC at 297 next=0x5b (chunk=373)
[VT] ESC at 305 next=0x5b (chunk=373)
[VT] ESC at 322 next=0x5b (chunk=373)
[VT] ESC at 344 next=0x5b (chunk=373)
[VT] ESC at 348 next=0x5b (chunk=373)
[VT] ESC at 352 next=0x5b (chunk=373)
[VT] ESC at 359 next=0x5b (chunk=373)
[VT] ESC at 365 next=0x5b (chunk=373)
[VT] ESC at 0 next=0x5b (chunk=327)
[VT] ESC at 8 next=0x5b (chunk=327)
[VT] ESC at 14 next=0x5b (chunk=327)
[VT] ESC at 21 next=0x5b (chunk=327)
[VT] ESC at 39 next=0x5b (chunk=327)
[VT] ESC at 58 next=0x5b (chunk=327)
[VT] ESC at 62 next=0x5b (chunk=327)
[VT] ESC at 69 next=0x5b (chunk=327)
[VT] ESC at 87 next=0x5b (chunk=327)
[VT] ESC at 106 next=0x5b (chunk=327)
[VT] ESC at 110 next=0x5b (chunk=327)
[VT] ESC at 117 next=0x5b (chunk=327)
[VT] ESC at 134 next=0x5b (chunk=327)
[VT] ESC at 153 next=0x5b (chunk=327)
[VT] ESC at 157 next=0x5b (chunk=327)
[VT] ESC at 164 next=0x5b (chunk=327)
[VT] ESC at 180 next=0x5b (chunk=327)
[VT] ESC at 199 next=0x5b (chunk=327)
[VT] ESC at 203 next=0x5b (chunk=327)
[VT] ESC at 210 next=0x5b (chunk=327)
[VT] ESC at 226 next=0x5b (chunk=327)
[VT] ESC at 245 next=0x5b (chunk=327)
[VT] ESC at 249 next=0x5b (chunk=327)
[VT] ESC at 256 next=0x5b (chunk=327)
[VT] ESC at 273 next=0x5b (chunk=327)
[VT] ESC at 298 next=0x5b (chunk=327)
[VT] ESC at 302 next=0x5b (chunk=327)
[VT] ESC at 306 next=0x5b (chunk=327)
[VT] ESC at 313 next=0x5b (chunk=327)
[VT] ESC at 319 next=0x5b (chunk=327)
[VT] ESC at 0 next=0x5b (chunk=282)
[VT] ESC at 8 next=0x5b (chunk=282)
[VT] ESC at 14 next=0x5b (chunk=282)
[VT] ESC at 21 next=0x5b (chunk=282)
[VT] ESC at 39 next=0x5b (chunk=282)
[VT] ESC at 58 next=0x5b (chunk=282)
[VT] ESC at 62 next=0x5b (chunk=282)
[VT] ESC at 69 next=0x5b (chunk=282)
[VT] ESC at 86 next=0x5b (chunk=282)
[VT] ESC at 105 next=0x5b (chunk=282)
[VT] ESC at 109 next=0x5b (chunk=282)
[VT] ESC at 116 next=0x5b (chunk=282)
[VT] ESC at 132 next=0x5b (chunk=282)
[VT] ESC at 151 next=0x5b (chunk=282)
[VT] ESC at 155 next=0x5b (chunk=282)
[VT] ESC at 162 next=0x5b (chunk=282)
[VT] ESC at 178 next=0x5b (chunk=282)
[VT] ESC at 197 next=0x5b (chunk=282)
[VT] ESC at 201 next=0x5b (chunk=282)
[VT] ESC at 208 next=0x5b (chunk=282)
[VT] ESC at 225 next=0x5b (chunk=282)
[VT] ESC at 253 next=0x5b (chunk=282)
[VT] ESC at 257 next=0x5b (chunk=282)
[VT] ESC at 261 next=0x5b (chunk=282)
[VT] ESC at 268 next=0x5b (chunk=282)
[VT] ESC at 274 next=0x5b (chunk=282)
[VT] ESC at 0 next=0x5b (chunk=237)
[VT] ESC at 8 next=0x5b (chunk=237)
[VT] ESC at 14 next=0x5b (chunk=237)
[VT] ESC at 21 next=0x5b (chunk=237)
[VT] ESC at 38 next=0x5b (chunk=237)
[VT] ESC at 57 next=0x5b (chunk=237)
[VT] ESC at 61 next=0x5b (chunk=237)
[VT] ESC at 68 next=0x5b (chunk=237)
[VT] ESC at 84 next=0x5b (chunk=237)
[VT] ESC at 103 next=0x5b (chunk=237)
[VT] ESC at 107 next=0x5b (chunk=237)
[VT] ESC at 114 next=0x5b (chunk=237)
[VT] ESC at 130 next=0x5b (chunk=237)
[VT] ESC at 149 next=0x5b (chunk=237)
[VT] ESC at 153 next=0x5b (chunk=237)
[VT] ESC at 160 next=0x5b (chunk=237)
[VT] ESC at 177 next=0x5b (chunk=237)
[VT] ESC at 208 next=0x5b (chunk=237)
[VT] ESC at 212 next=0x5b (chunk=237)
[VT] ESC at 216 next=0x5b (chunk=237)
[VT] ESC at 223 next=0x5b (chunk=237)
[VT] ESC at 229 next=0x5b (chunk=237)
[VT] ESC at 0 next=0x5b (chunk=193)
[VT] ESC at 8 next=0x5b (chunk=193)
[VT] ESC at 14 next=0x5b (chunk=193)
[VT] ESC at 21 next=0x5b (chunk=193)
[VT] ESC at 37 next=0x5b (chunk=193)
[VT] ESC at 56 next=0x5b (chunk=193)
[VT] ESC at 60 next=0x5b (chunk=193)
[VT] ESC at 67 next=0x5b (chunk=193)
[VT] ESC at 83 next=0x5b (chunk=193)
[VT] ESC at 102 next=0x5b (chunk=193)
[VT] ESC at 106 next=0x5b (chunk=193)
[VT] ESC at 113 next=0x5b (chunk=193)
[VT] ESC at 130 next=0x5b (chunk=193)
[VT] ESC at 164 next=0x5b (chunk=193)
[VT] ESC at 168 next=0x5b (chunk=193)
[VT] ESC at 172 next=0x5b (chunk=193)
[VT] ESC at 179 next=0x5b (chunk=193)
[VT] ESC at 185 next=0x5b (chunk=193)
[VT] ESC at 0 next=0x5b (chunk=150)
[VT] ESC at 8 next=0x5b (chunk=150)
[VT] ESC at 14 next=0x5b (chunk=150)
[VT] ESC at 21 next=0x5b (chunk=150)
[VT] ESC at 37 next=0x5b (chunk=150)
[VT] ESC at 56 next=0x5b (chunk=150)
[VT] ESC at 60 next=0x5b (chunk=150)
[VT] ESC at 67 next=0x5b (chunk=150)
[VT] ESC at 84 next=0x5b (chunk=150)
[VT] ESC at 121 next=0x5b (chunk=150)
[VT] ESC at 125 next=0x5b (chunk=150)
[VT] ESC at 129 next=0x5b (chunk=150)
[VT] ESC at 136 next=0x5b (chunk=150)
[VT] ESC at 142 next=0x5b (chunk=150)
[VT] ESC at 0 next=0x5b (chunk=107)
[VT] ESC at 8 next=0x5b (chunk=107)
[VT] ESC at 14 next=0x5b (chunk=107)
[VT] ESC at 21 next=0x5b (chunk=107)
[VT] ESC at 38 next=0x5b (chunk=107)
[VT] ESC at 78 next=0x5b (chunk=107)
[VT] ESC at 82 next=0x5b (chunk=107)
[VT] ESC at 86 next=0x5b (chunk=107)
[VT] ESC at 93 next=0x5b (chunk=107)
[VT] ESC at 99 next=0x5b (chunk=107)
[VT] ESC at 0 next=0x5b (chunk=107)
[VT] ESC at 8 next=0x5b (chunk=107)
[VT] ESC at 14 next=0x5b (chunk=107)
[VT] ESC at 21 next=0x5b (chunk=107)
[VT] ESC at 38 next=0x5b (chunk=107)
[VT] ESC at 78 next=0x5b (chunk=107)
[VT] ESC at 82 next=0x5b (chunk=107)
[VT] ESC at 86 next=0x5b (chunk=107)
[VT] ESC at 93 next=0x5b (chunk=107)
[VT] ESC at 99 next=0x5b (chunk=107)
[VT] ESC at 0 next=0x5b (chunk=107)
[VT] ESC at 8 next=0x5b (chunk=107)
[VT] ESC at 14 next=0x5b (chunk=107)
[VT] ESC at 21 next=0x5b (chunk=107)
[VT] ESC at 38 next=0x5b (chunk=107)
[VT] ESC at 78 next=0x5b (chunk=107)
[VT] ESC at 82 next=0x5b (chunk=107)
[VT] ESC at 86 next=0x5b (chunk=107)
[VT] ESC at 93 next=0x5b (chunk=107)
[VT] ESC at 99 next=0x5b (chunk=107)
[VT] ESC at 0 next=0x5b (chunk=107)
[VT] ESC at 8 next=0x5b (chunk=107)
[VT] ESC at 14 next=0x5b (chunk=107)
[VT] ESC at 21 next=0x5b (chunk=107)
[VT] ESC at 38 next=0x5b (chunk=107)
[VT] ESC at 78 next=0x5b (chunk=107)
[VT] ESC at 82 next=0x5b (chunk=107)
[VT] ESC at 86 next=0x5b (chunk=107)
[VT] ESC at 93 next=0x5b (chunk=107)
[VT] ESC at 99 next=0x5b (chunk=107)
[VT] ESC at 0 next=0x5b (chunk=107)
[VT] ESC at 8 next=0x5b (chunk=107)
[VT] ESC at 14 next=0x5b (chunk=107)
[VT] ESC at 21 next=0x5b (chunk=107)
[VT] ESC at 38 next=0x5b (chunk=107)
[VT] ESC at 78 next=0x5b (chunk=107)
[VT] ESC at 82 next=0x5b (chunk=107)
[VT] ESC at 86 next=0x5b (chunk=107)
[VT] ESC at 93 next=0x5b (chunk=107)
[VT] ESC at 99 next=0x5b (chunk=107)
[VT] ESC at 0 next=0x5b (chunk=107)
[VT] ESC at 8 next=0x5b (chunk=107)
[VT] ESC at 14 next=0x5b (chunk=107)
[VT] ESC at 21 next=0x5b (chunk=107)
[VT] ESC at 38 next=0x5b (chunk=107)
[VT] ESC at 78 next=0x5b (chunk=107)
[VT] ESC at 82 next=0x5b (chunk=107)
[VT] ESC at 86 next=0x5b (chunk=107)
[VT] ESC at 93 next=0x5b (chunk=107)
[VT] ESC at 99 next=0x5b (chunk=107)
[VT] ESC at 0 next=0x5b (chunk=107)
[VT] ESC at 8 next=0x5b (chunk=107)
[VT] ESC at 14 next=0x5b (chunk=107)
[VT] ESC at 21 next=0x5b (chunk=107)
[VT] ESC at 38 next=0x5b (chunk=107)
[VT] ESC at 78 next=0x5b (chunk=107)
[VT] ESC at 82 next=0x5b (chunk=107)
[VT] ESC at 86 next=0x5b (chunk=107)
[VT] ESC at 93 next=0x5b (chunk=107)
[VT] ESC at 99 next=0x5b (chunk=107)
[VT] ESC at 0 next=0x5b (chunk=107)
[VT] ESC at 8 next=0x5b (chunk=107)
[VT] ESC at 14 next=0x5b (chunk=107)
[VT] ESC at 21 next=0x5b (chunk=107)
[VT] ESC at 38 next=0x5b (chunk=107)
[VT] ESC at 78 next=0x5b (chunk=107)
[VT] ESC at 82 next=0x5b (chunk=107)
[VT] ESC at 86 next=0x5b (chunk=107)
[VT] ESC at 93 next=0x5b (chunk=107)
[VT] ESC at 99 next=0x5b (chunk=107)
[VT] ESC at 0 next=0x5b (chunk=107)
[VT] ESC at 8 next=0x5b (chunk=107)
[VT] ESC at 14 next=0x5b (chunk=107)
[VT] ESC at 21 next=0x5b (chunk=107)
[VT] ESC at 38 next=0x5b (chunk=107)
[VT] ESC at 78 next=0x5b (chunk=107)
[VT] ESC at 82 next=0x5b (chunk=107)
[VT] ESC at 86 next=0x5b (chunk=107)
[VT] ESC at 93 next=0x5b (chunk=107)
[VT] ESC at 99 next=0x5b (chunk=107)
[VT] ESC at 0 next=0x5b (chunk=107)
[VT] ESC at 8 next=0x5b (chunk=107)
[VT] ESC at 14 next=0x5b (chunk=107)
[VT] ESC at 21 next=0x5b (chunk=107)
[VT] ESC at 38 next=0x5b (chunk=107)
[VT] ESC at 78 next=0x5b (chunk=107)
[VT] ESC at 82 next=0x5b (chunk=107)
[VT] ESC at 86 next=0x5b (chunk=107)
[VT] ESC at 93 next=0x5b (chunk=107)
[VT] ESC at 99 next=0x5b (chunk=107)
[VT] ESC at 0 next=0x5b (chunk=106)
[VT] ESC at 8 next=0x5b (chunk=106)
[VT] ESC at 14 next=0x5b (chunk=106)
[VT] ESC at 21 next=0x5b (chunk=106)
[VT] ESC at 37 next=0x5b (chunk=106)
[VT] ESC at 77 next=0x5b (chunk=106)
[VT] ESC at 81 next=0x5b (chunk=106)
[VT] ESC at 85 next=0x5b (chunk=106)
[VT] ESC at 92 next=0x5b (chunk=106)
[VT] ESC at 98 next=0x5b (chunk=106)
[VT] ESC at 0 next=0x5b (chunk=106)
[VT] ESC at 8 next=0x5b (chunk=106)
[VT] ESC at 14 next=0x5b (chunk=106)
[VT] ESC at 21 next=0x5b (chunk=106)
[VT] ESC at 37 next=0x5b (chunk=106)
[VT] ESC at 77 next=0x5b (chunk=106)
[VT] ESC at 81 next=0x5b (chunk=106)
[VT] ESC at 85 next=0x5b (chunk=106)
[VT] ESC at 92 next=0x5b (chunk=106)
[VT] ESC at 98 next=0x5b (chunk=106)
[VT] ESC at 0 next=0x5b (chunk=106)
[VT] ESC at 8 next=0x5b (chunk=106)
[VT] ESC at 14 next=0x5b (chunk=106)
[VT] ESC at 21 next=0x5b (chunk=106)
[VT] ESC at 37 next=0x5b (chunk=106)
[VT] ESC at 77 next=0x5b (chunk=106)
[VT] ESC at 81 next=0x5b (chunk=106)
[VT] ESC at 85 next=0x5b (chunk=106)
[VT] ESC at 92 next=0x5b (chunk=106)
[VT] ESC at 98 next=0x5b (chunk=106)
[VT] ESC at 0 next=0x5b (chunk=106)
[VT] ESC at 8 next=0x5b (chunk=106)
[VT] ESC at 14 next=0x5b (chunk=106)
[VT] ESC at 21 next=0x5b (chunk=106)
[VT] ESC at 37 next=0x5b (chunk=106)
[VT] ESC at 77 next=0x5b (chunk=106)
[VT] ESC at 81 next=0x5b (chunk=106)
[VT] ESC at 85 next=0x5b (chunk=106)
[VT] ESC at 92 next=0x5b (chunk=106)
[VT] ESC at 98 next=0x5b (chunk=106)
[VT] ESC at 0 next=0x5b (chunk=106)
[VT] ESC at 8 next=0x5b (chunk=106)
[VT] ESC at 14 next=0x5b (chunk=106)
[VT] ESC at 21 next=0x5b (chunk=106)
[VT] ESC at 37 next=0x5b (chunk=106)
[VT] ESC at 77 next=0x5b (chunk=106)
[VT] ESC at 81 next=0x5b (chunk=106)
[VT] ESC at 85 next=0x5b (chunk=106)
[VT] ESC at 92 next=0x5b (chunk=106)
[VT] ESC at 98 next=0x5b (chunk=106)
[VT] ESC at 0 next=0x5b (chunk=106)
[VT] ESC at 8 next=0x5b (chunk=106)
[VT] ESC at 14 next=0x5b (chunk=106)
[VT] ESC at 21 next=0x5b (chunk=106)
[VT] ESC at 37 next=0x5b (chunk=106)
[VT] ESC at 77 next=0x5b (chunk=106)
[VT] ESC at 81 next=0x5b (chunk=106)
[VT] ESC at 85 next=0x5b (chunk=106)
[VT] ESC at 92 next=0x5b (chunk=106)
[VT] ESC at 98 next=0x5b (chunk=106)
[VT] ESC at 0 next=0x5b (chunk=461)
[VT] ESC at 8 next=0x5b (chunk=461)
[VT] ESC at 14 next=0x5b (chunk=461)
[VT] ESC at 20 next=0x5b (chunk=461)
[VT] ESC at 39 next=0x5b (chunk=461)
[VT] ESC at 58 next=0x5b (chunk=461)
[VT] ESC at 62 next=0x5b (chunk=461)
[VT] ESC at 68 next=0x5b (chunk=461)
[VT] ESC at 87 next=0x5b (chunk=461)
[VT] ESC at 104 next=0x5b (chunk=461)
[VT] ESC at 108 next=0x5b (chunk=461)
[VT] ESC at 114 next=0x5b (chunk=461)
[VT] ESC at 133 next=0x5b (chunk=461)
[VT] ESC at 157 next=0x5b (chunk=461)
[VT] ESC at 161 next=0x5b (chunk=461)
[VT] ESC at 168 next=0x5b (chunk=461)
[VT] ESC at 187 next=0x5b (chunk=461)
[VT] ESC at 221 next=0x5b (chunk=461)
[VT] ESC at 225 next=0x5b (chunk=461)
[VT] ESC at 231 next=0x5b (chunk=461)
[VT] ESC at 249 next=0x5b (chunk=461)
[VT] ESC at 269 next=0x5b (chunk=461)
[VT] ESC at 273 next=0x5b (chunk=461)
[VT] ESC at 279 next=0x5b (chunk=461)
[VT] ESC at 298 next=0x5b (chunk=461)
[VT] ESC at 315 next=0x5b (chunk=461)
[VT] ESC at 319 next=0x5b (chunk=461)
[VT] ESC at 325 next=0x5b (chunk=461)
[VT] ESC at 344 next=0x5b (chunk=461)
[VT] ESC at 365 next=0x5b (chunk=461)
[VT] ESC at 369 next=0x5b (chunk=461)
[VT] ESC at 376 next=0x5b (chunk=461)
[VT] ESC at 395 next=0x5b (chunk=461)
[VT] ESC at 432 next=0x5b (chunk=461)
[VT] ESC at 436 next=0x5b (chunk=461)
[VT] ESC at 440 next=0x5b (chunk=461)
[VT] ESC at 447 next=0x5b (chunk=461)
[VT] ESC at 453 next=0x5b (chunk=461)
[VT] ESC at 0 next=0x5b (chunk=106)
[VT] ESC at 8 next=0x5b (chunk=106)
[VT] ESC at 14 next=0x5b (chunk=106)
[VT] ESC at 21 next=0x5b (chunk=106)
[VT] ESC at 37 next=0x5b (chunk=106)
[VT] ESC at 77 next=0x5b (chunk=106)
[VT] ESC at 81 next=0x5b (chunk=106)
[VT] ESC at 85 next=0x5b (chunk=106)
[VT] ESC at 92 next=0x5b (chunk=106)
[VT] ESC at 98 next=0x5b (chunk=106)
[VT] ESC at 0 next=0x5b (chunk=106)
[VT] ESC at 8 next=0x5b (chunk=106)
[VT] ESC at 14 next=0x5b (chunk=106)
[VT] ESC at 21 next=0x5b (chunk=106)
[VT] ESC at 37 next=0x5b (chunk=106)
[VT] ESC at 77 next=0x5b (chunk=106)
[VT] ESC at 81 next=0x5b (chunk=106)
[VT] ESC at 85 next=0x5b (chunk=106)
[VT] ESC at 92 next=0x5b (chunk=106)
[VT] ESC at 98 next=0x5b (chunk=106)
[VT] ESC at 0 next=0x5b (chunk=87)
[VT] ESC at 8 next=0x5b (chunk=87)
[VT] ESC at 14 next=0x5b (chunk=87)
[VT] ESC at 20 next=0x5b (chunk=87)
[VT] ESC at 39 next=0x5b (chunk=87)
[VT] ESC at 58 next=0x5b (chunk=87)
[VT] ESC at 62 next=0x5b (chunk=87)
[VT] ESC at 66 next=0x5b (chunk=87)
[VT] ESC at 73 next=0x5b (chunk=87)
[VT] ESC at 79 next=0x5b (chunk=87)
[VT] ESC at 0 next=0x5b (chunk=106)
[VT] ESC at 8 next=0x5b (chunk=106)
[VT] ESC at 14 next=0x5b (chunk=106)
[VT] ESC at 21 next=0x5b (chunk=106)
[VT] ESC at 37 next=0x5b (chunk=106)
[VT] ESC at 77 next=0x5b (chunk=106)
[VT] ESC at 81 next=0x5b (chunk=106)
[VT] ESC at 85 next=0x5b (chunk=106)
[VT] ESC at 92 next=0x5b (chunk=106)
[VT] ESC at 98 next=0x5b (chunk=106)
[VT] ESC at 0 next=0x5b (chunk=106)
[VT] ESC at 8 next=0x5b (chunk=106)
[VT] ESC at 14 next=0x5b (chunk=106)
[VT] ESC at 21 next=0x5b (chunk=106)
[VT] ESC at 37 next=0x5b (chunk=106)
[VT] ESC at 77 next=0x5b (chunk=106)
[VT] ESC at 81 next=0x5b (chunk=106)
[VT] ESC at 85 next=0x5b (chunk=106)
[VT] ESC at 92 next=0x5b (chunk=106)
[VT] ESC at 98 next=0x5b (chunk=106)
[VT] ESC at 0 next=0x5b (chunk=87)
[VT] ESC at 8 next=0x5b (chunk=87)
[VT] ESC at 14 next=0x5b (chunk=87)
[VT] ESC at 20 next=0x5b (chunk=87)
[VT] ESC at 39 next=0x5b (chunk=87)
[VT] ESC at 58 next=0x5b (chunk=87)
[VT] ESC at 62 next=0x5b (chunk=87)
[VT] ESC at 66 next=0x5b (chunk=87)
[VT] ESC at 73 next=0x5b (chunk=87)
[VT] ESC at 79 next=0x5b (chunk=87)
[VT] ESC at 0 next=0x5b (chunk=106)
[VT] ESC at 8 next=0x5b (chunk=106)
[VT] ESC at 14 next=0x5b (chunk=106)
[VT] ESC at 21 next=0x5b (chunk=106)
[VT] ESC at 37 next=0x5b (chunk=106)
[VT] ESC at 77 next=0x5b (chunk=106)
[VT] ESC at 81 next=0x5b (chunk=106)
[VT] ESC at 85 next=0x5b (chunk=106)
[VT] ESC at 92 next=0x5b (chunk=106)
[VT] ESC at 98 next=0x5b (chunk=106)
[VT] ESC at 0 next=0x5b (chunk=99)
[VT] ESC at 8 next=0x5b (chunk=99)
[VT] ESC at 14 next=0x5b (chunk=99)
[VT] ESC at 20 next=0x5b (chunk=99)
[VT] ESC at 38 next=0x5b (chunk=99)
[VT] ESC at 70 next=0x5b (chunk=99)
[VT] ESC at 74 next=0x5b (chunk=99)
[VT] ESC at 78 next=0x5b (chunk=99)
[VT] ESC at 85 next=0x5b (chunk=99)
[VT] ESC at 91 next=0x5b (chunk=99)
[VT] ESC at 0 next=0x5b (chunk=394)
[VT] ESC at 8 next=0x5b (chunk=394)
[VT] ESC at 14 next=0x5b (chunk=394)
[VT] ESC at 20 next=0x5b (chunk=394)
[VT] ESC at 39 next=0x5b (chunk=394)
[VT] ESC at 83 next=0x5b (chunk=394)
[VT] ESC at 87 next=0x5b (chunk=394)
[VT] ESC at 94 next=0x5b (chunk=394)
[VT] ESC at 112 next=0x5b (chunk=394)
[VT] ESC at 132 next=0x5b (chunk=394)
[VT] ESC at 136 next=0x5b (chunk=394)
[VT] ESC at 143 next=0x5b (chunk=394)
[VT] ESC at 162 next=0x5b (chunk=394)
[VT] ESC at 179 next=0x5b (chunk=394)
[VT] ESC at 183 next=0x5b (chunk=394)
[VT] ESC at 190 next=0x5b (chunk=394)
[VT] ESC at 209 next=0x5b (chunk=394)
[VT] ESC at 230 next=0x5b (chunk=394)
[VT] ESC at 234 next=0x5b (chunk=394)
[VT] ESC at 242 next=0x5b (chunk=394)
[VT] ESC at 261 next=0x5b (chunk=394)
[VT] ESC at 298 next=0x5b (chunk=394)
[VT] ESC at 302 next=0x5b (chunk=394)
[VT] ESC at 309 next=0x5b (chunk=394)
[VT] ESC at 325 next=0x5b (chunk=394)
[VT] ESC at 365 next=0x5b (chunk=394)
[VT] ESC at 369 next=0x5b (chunk=394)
[VT] ESC at 373 next=0x5b (chunk=394)
[VT] ESC at 380 next=0x5b (chunk=394)
[VT] ESC at 386 next=0x5b (chunk=394)
[VT] ESC at 0 next=0x5b (chunk=156)
[VT] ESC at 8 next=0x5b (chunk=156)
[VT] ESC at 14 next=0x5b (chunk=156)
[VT] ESC at 20 next=0x5b (chunk=156)
[VT] ESC at 39 next=0x5b (chunk=156)
[VT] ESC at 60 next=0x5b (chunk=156)
[VT] ESC at 64 next=0x5b (chunk=156)
[VT] ESC at 71 next=0x5b (chunk=156)
[VT] ESC at 87 next=0x5b (chunk=156)
[VT] ESC at 127 next=0x5b (chunk=156)
[VT] ESC at 131 next=0x5b (chunk=156)
[VT] ESC at 135 next=0x5b (chunk=156)
[VT] ESC at 142 next=0x5b (chunk=156)
[VT] ESC at 148 next=0x5b (chunk=156)
[VT] ESC at 0 next=0x5b (chunk=106)
[VT] ESC at 8 next=0x5b (chunk=106)
[VT] ESC at 14 next=0x5b (chunk=106)
[VT] ESC at 21 next=0x5b (chunk=106)
[VT] ESC at 37 next=0x5b (chunk=106)
[VT] ESC at 77 next=0x5b (chunk=106)
[VT] ESC at 81 next=0x5b (chunk=106)
[VT] ESC at 85 next=0x5b (chunk=106)
[VT] ESC at 92 next=0x5b (chunk=106)
[VT] ESC at 98 next=0x5b (chunk=106)
[VT] ESC at 0 next=0x5b (chunk=151)
[VT] ESC at 8 next=0x5b (chunk=151)
[VT] ESC at 14 next=0x5b (chunk=151)
[VT] ESC at 21 next=0x5b (chunk=151)
[VT] ESC at 39 next=0x5b (chunk=151)
[VT] ESC at 58 next=0x5b (chunk=151)
[VT] ESC at 62 next=0x5b (chunk=151)
[VT] ESC at 69 next=0x5b (chunk=151)
[VT] ESC at 85 next=0x5b (chunk=151)
[VT] ESC at 122 next=0x5b (chunk=151)
[VT] ESC at 126 next=0x5b (chunk=151)
[VT] ESC at 130 next=0x5b (chunk=151)
[VT] ESC at 137 next=0x5b (chunk=151)
[VT] ESC at 143 next=0x5b (chunk=151)
[VT] ESC at 0 next=0x5b (chunk=135)
[VT] ESC at 8 next=0x5b (chunk=135)
[VT] ESC at 14 next=0x5b (chunk=135)
[VT] ESC at 21 next=0x5b (chunk=135)
[VT] ESC at 40 next=0x5b (chunk=135)
[VT] ESC at 106 next=0x5b (chunk=135)
[VT] ESC at 110 next=0x5b (chunk=135)
[VT] ESC at 114 next=0x5b (chunk=135)
[VT] ESC at 121 next=0x5b (chunk=135)
[VT] ESC at 127 next=0x5b (chunk=135)
[VT] ESC at 0 next=0x5b (chunk=258)
[VT] ESC at 8 next=0x5b (chunk=258)
[VT] ESC at 14 next=0x5b (chunk=258)
[VT] ESC at 21 next=0x5b (chunk=258)
[VT] ESC at 40 next=0x5b (chunk=258)
[VT] ESC at 72 next=0x5b (chunk=258)
[VT] ESC at 76 next=0x5b (chunk=258)
[VT] ESC at 83 next=0x5b (chunk=258)
[VT] ESC at 101 next=0x5b (chunk=258)
[VT] ESC at 120 next=0x5b (chunk=258)
[VT] ESC at 124 next=0x5b (chunk=258)
[VT] ESC at 131 next=0x5b (chunk=258)
[VT] ESC at 149 next=0x5b (chunk=258)
[VT] ESC at 168 next=0x5b (chunk=258)
[VT] ESC at 172 next=0x5b (chunk=258)
[VT] ESC at 179 next=0x5b (chunk=258)
[VT] ESC at 195 next=0x5b (chunk=258)
[VT] ESC at 229 next=0x5b (chunk=258)
[VT] ESC at 233 next=0x5b (chunk=258)
[VT] ESC at 237 next=0x5b (chunk=258)
[VT] ESC at 244 next=0x5b (chunk=258)
[VT] ESC at 250 next=0x5b (chunk=258)
[VT] ESC at 0 next=0x5b (chunk=95)
[VT] ESC at 8 next=0x5b (chunk=95)
[VT] ESC at 14 next=0x5b (chunk=95)
[VT] ESC at 21 next=0x5b (chunk=95)
[VT] ESC at 40 next=0x5b (chunk=95)
[VT] ESC at 66 next=0x5b (chunk=95)
[VT] ESC at 70 next=0x5b (chunk=95)
[VT] ESC at 74 next=0x5b (chunk=95)
[VT] ESC at 81 next=0x5b (chunk=95)
[VT] ESC at 87 next=0x5b (chunk=95)
[VT] ESC at 0 next=0x5b (chunk=241)
[VT] ESC at 8 next=0x5b (chunk=241)
[VT] ESC at 14 next=0x5b (chunk=241)
[VT] ESC at 21 next=0x5b (chunk=241)
[VT] ESC at 39 next=0x5b (chunk=241)
[VT] ESC at 58 next=0x5b (chunk=241)
[VT] ESC at 62 next=0x5b (chunk=241)
[VT] ESC at 69 next=0x5b (chunk=241)
[VT] ESC at 87 next=0x5b (chunk=241)
[VT] ESC at 106 next=0x5b (chunk=241)
[VT] ESC at 110 next=0x5b (chunk=241)
[VT] ESC at 117 next=0x5b (chunk=241)
[VT] ESC at 135 next=0x5b (chunk=241)
[VT] ESC at 154 next=0x5b (chunk=241)
[VT] ESC at 158 next=0x5b (chunk=241)
[VT] ESC at 165 next=0x5b (chunk=241)
[VT] ESC at 181 next=0x5b (chunk=241)
[VT] ESC at 212 next=0x5b (chunk=241)
[VT] ESC at 216 next=0x5b (chunk=241)
[VT] ESC at 220 next=0x5b (chunk=241)
[VT] ESC at 227 next=0x5b (chunk=241)
[VT] ESC at 233 next=0x5b (chunk=241)
[VT] ESC at 0 next=0x5b (chunk=337)
[VT] ESC at 8 next=0x5b (chunk=337)
[VT] ESC at 14 next=0x5b (chunk=337)
[VT] ESC at 21 next=0x5b (chunk=337)
[VT] ESC at 40 next=0x5b (chunk=337)
[VT] ESC at 62 next=0x5b (chunk=337)
[VT] ESC at 66 next=0x5b (chunk=337)
[VT] ESC at 73 next=0x5b (chunk=337)
[VT] ESC at 90 next=0x5b (chunk=337)
[VT] ESC at 109 next=0x5b (chunk=337)
[VT] ESC at 113 next=0x5b (chunk=337)
[VT] ESC at 120 next=0x5b (chunk=337)
[VT] ESC at 138 next=0x5b (chunk=337)
[VT] ESC at 157 next=0x5b (chunk=337)
[VT] ESC at 161 next=0x5b (chunk=337)
[VT] ESC at 168 next=0x5b (chunk=337)
[VT] ESC at 186 next=0x5b (chunk=337)
[VT] ESC at 205 next=0x5b (chunk=337)
[VT] ESC at 209 next=0x5b (chunk=337)
[VT] ESC at 216 next=0x5b (chunk=337)
[VT] ESC at 234 next=0x5b (chunk=337)
[VT] ESC at 253 next=0x5b (chunk=337)
[VT] ESC at 257 next=0x5b (chunk=337)
[VT] ESC at 264 next=0x5b (chunk=337)
[VT] ESC at 280 next=0x5b (chunk=337)
[VT] ESC at 308 next=0x5b (chunk=337)
[VT] ESC at 312 next=0x5b (chunk=337)
[VT] ESC at 316 next=0x5b (chunk=337)
[VT] ESC at 323 next=0x5b (chunk=337)
[VT] ESC at 329 next=0x5b (chunk=337)
[VT] ESC at 0 next=0x5b (chunk=329)
[VT] ESC at 8 next=0x5b (chunk=329)
[VT] ESC at 14 next=0x5b (chunk=329)
[VT] ESC at 21 next=0x5b (chunk=329)
[VT] ESC at 37 next=0x5b (chunk=329)
[VT] ESC at 56 next=0x5b (chunk=329)
[VT] ESC at 60 next=0x5b (chunk=329)
[VT] ESC at 67 next=0x5b (chunk=329)
[VT] ESC at 84 next=0x5b (chunk=329)
[VT] ESC at 103 next=0x5b (chunk=329)
[VT] ESC at 107 next=0x5b (chunk=329)
[VT] ESC at 114 next=0x5b (chunk=329)
[VT] ESC at 132 next=0x5b (chunk=329)
[VT] ESC at 151 next=0x5b (chunk=329)
[VT] ESC at 155 next=0x5b (chunk=329)
[VT] ESC at 162 next=0x5b (chunk=329)
[VT] ESC at 180 next=0x5b (chunk=329)
[VT] ESC at 199 next=0x5b (chunk=329)
[VT] ESC at 203 next=0x5b (chunk=329)
[VT] ESC at 210 next=0x5b (chunk=329)
[VT] ESC at 228 next=0x5b (chunk=329)
[VT] ESC at 247 next=0x5b (chunk=329)
[VT] ESC at 251 next=0x5b (chunk=329)
[VT] ESC at 258 next=0x5b (chunk=329)
[VT] ESC at 275 next=0x5b (chunk=329)
[VT] ESC at 300 next=0x5b (chunk=329)
[VT] ESC at 304 next=0x5b (chunk=329)
[VT] ESC at 308 next=0x5b (chunk=329)
[VT] ESC at 315 next=0x5b (chunk=329)
[VT] ESC at 321 next=0x5b (chunk=329)
[VT] ESC at 0 next=0x5b (chunk=373)
[VT] ESC at 8 next=0x5b (chunk=373)
[VT] ESC at 14 next=0x5b (chunk=373)
[VT] ESC at 21 next=0x5b (chunk=373)
[VT] ESC at 37 next=0x5b (chunk=373)
[VT] ESC at 56 next=0x5b (chunk=373)
[VT] ESC at 60 next=0x5b (chunk=373)
[VT] ESC at 67 next=0x5b (chunk=373)
[VT] ESC at 83 next=0x5b (chunk=373)
[VT] ESC at 102 next=0x5b (chunk=373)
[VT] ESC at 106 next=0x5b (chunk=373)
[VT] ESC at 113 next=0x5b (chunk=373)
[VT] ESC at 130 next=0x5b (chunk=373)
[VT] ESC at 149 next=0x5b (chunk=373)
[VT] ESC at 153 next=0x5b (chunk=373)
[VT] ESC at 160 next=0x5b (chunk=373)
[VT] ESC at 178 next=0x5b (chunk=373)
[VT] ESC at 197 next=0x5b (chunk=373)
[VT] ESC at 201 next=0x5b (chunk=373)
[VT] ESC at 208 next=0x5b (chunk=373)
[VT] ESC at 226 next=0x5b (chunk=373)
[VT] ESC at 245 next=0x5b (chunk=373)
[VT] ESC at 249 next=0x5b (chunk=373)
[VT] ESC at 256 next=0x5b (chunk=373)
[VT] ESC at 274 next=0x5b (chunk=373)
[VT] ESC at 293 next=0x5b (chunk=373)
[VT] ESC at 297 next=0x5b (chunk=373)
[VT] ESC at 305 next=0x5b (chunk=373)
[VT] ESC at 322 next=0x5b (chunk=373)
[VT] ESC at 344 next=0x5b (chunk=373)
[VT] ESC at 348 next=0x5b (chunk=373)
[VT] ESC at 352 next=0x5b (chunk=373)
[VT] ESC at 359 next=0x5b (chunk=373)
[VT] ESC at 365 next=0x5b (chunk=373)
[VT] ESC at 0 next=0x5b (chunk=418)
[VT] ESC at 8 next=0x5b (chunk=418)
[VT] ESC at 14 next=0x5b (chunk=418)
[VT] ESC at 21 next=0x5b (chunk=418)
[VT] ESC at 38 next=0x5b (chunk=418)
[VT] ESC at 57 next=0x5b (chunk=418)
[VT] ESC at 61 next=0x5b (chunk=418)
[VT] ESC at 68 next=0x5b (chunk=418)
[VT] ESC at 84 next=0x5b (chunk=418)
[VT] ESC at 103 next=0x5b (chunk=418)
[VT] ESC at 107 next=0x5b (chunk=418)
[VT] ESC at 114 next=0x5b (chunk=418)
[VT] ESC at 130 next=0x5b (chunk=418)
[VT] ESC at 149 next=0x5b (chunk=418)
[VT] ESC at 153 next=0x5b (chunk=418)
[VT] ESC at 160 next=0x5b (chunk=418)
[VT] ESC at 177 next=0x5b (chunk=418)
[VT] ESC at 196 next=0x5b (chunk=418)
[VT] ESC at 200 next=0x5b (chunk=418)
[VT] ESC at 207 next=0x5b (chunk=418)
[VT] ESC at 225 next=0x5b (chunk=418)
[VT] ESC at 244 next=0x5b (chunk=418)
[VT] ESC at 248 next=0x5b (chunk=418)
[VT] ESC at 255 next=0x5b (chunk=418)
[VT] ESC at 273 next=0x5b (chunk=418)
[VT] ESC at 292 next=0x5b (chunk=418)
[VT] ESC at 296 next=0x5b (chunk=418)
[VT] ESC at 304 next=0x5b (chunk=418)
[VT] ESC at 322 next=0x5b (chunk=418)
[VT] ESC at 341 next=0x5b (chunk=418)
[VT] ESC at 345 next=0x5b (chunk=418)
[VT] ESC at 353 next=0x5b (chunk=418)
[VT] ESC at 370 next=0x5b (chunk=418)
[VT] ESC at 389 next=0x5b (chunk=418)
[VT] ESC at 393 next=0x5b (chunk=418)
[VT] ESC at 397 next=0x5b (chunk=418)
[VT] ESC at 404 next=0x5b (chunk=418)
[VT] ESC at 410 next=0x5b (chunk=418)
[VT] ESC at 0 next=0x5b (chunk=374)
[VT] ESC at 8 next=0x5b (chunk=374)
[VT] ESC at 14 next=0x5b (chunk=374)
[VT] ESC at 21 next=0x5b (chunk=374)
[VT] ESC at 38 next=0x5b (chunk=374)
[VT] ESC at 60 next=0x5b (chunk=374)
[VT] ESC at 64 next=0x5b (chunk=374)
[VT] ESC at 71 next=0x5b (chunk=374)
[VT] ESC at 87 next=0x5b (chunk=374)
[VT] ESC at 106 next=0x5b (chunk=374)
[VT] ESC at 110 next=0x5b (chunk=374)
[VT] ESC at 117 next=0x5b (chunk=374)
[VT] ESC at 133 next=0x5b (chunk=374)
[VT] ESC at 152 next=0x5b (chunk=374)
[VT] ESC at 156 next=0x5b (chunk=374)
[VT] ESC at 163 next=0x5b (chunk=374)
[VT] ESC at 180 next=0x5b (chunk=374)
[VT] ESC at 199 next=0x5b (chunk=374)
[VT] ESC at 203 next=0x5b (chunk=374)
[VT] ESC at 210 next=0x5b (chunk=374)
[VT] ESC at 228 next=0x5b (chunk=374)
[VT] ESC at 247 next=0x5b (chunk=374)
[VT] ESC at 251 next=0x5b (chunk=374)
[VT] ESC at 259 next=0x5b (chunk=374)
[VT] ESC at 277 next=0x5b (chunk=374)
[VT] ESC at 296 next=0x5b (chunk=374)
[VT] ESC at 300 next=0x5b (chunk=374)
[VT] ESC at 308 next=0x5b (chunk=374)
[VT] ESC at 326 next=0x5b (chunk=374)
[VT] ESC at 345 next=0x5b (chunk=374)
[VT] ESC at 349 next=0x5b (chunk=374)
[VT] ESC at 353 next=0x5b (chunk=374)
[VT] ESC at 360 next=0x5b (chunk=374)
[VT] ESC at 366 next=0x5b (chunk=374)
[VT] ESC at 0 next=0x5b (chunk=329)
[VT] ESC at 8 next=0x5b (chunk=329)
[VT] ESC at 14 next=0x5b (chunk=329)
[VT] ESC at 21 next=0x5b (chunk=329)
[VT] ESC at 38 next=0x5b (chunk=329)
[VT] ESC at 63 next=0x5b (chunk=329)
[VT] ESC at 67 next=0x5b (chunk=329)
[VT] ESC at 74 next=0x5b (chunk=329)
[VT] ESC at 90 next=0x5b (chunk=329)
[VT] ESC at 109 next=0x5b (chunk=329)
[VT] ESC at 113 next=0x5b (chunk=329)
[VT] ESC at 120 next=0x5b (chunk=329)
[VT] ESC at 136 next=0x5b (chunk=329)
[VT] ESC at 155 next=0x5b (chunk=329)
[VT] ESC at 159 next=0x5b (chunk=329)
[VT] ESC at 166 next=0x5b (chunk=329)
[VT] ESC at 183 next=0x5b (chunk=329)
[VT] ESC at 202 next=0x5b (chunk=329)
[VT] ESC at 206 next=0x5b (chunk=329)
[VT] ESC at 214 next=0x5b (chunk=329)
[VT] ESC at 232 next=0x5b (chunk=329)
[VT] ESC at 251 next=0x5b (chunk=329)
[VT] ESC at 255 next=0x5b (chunk=329)
[VT] ESC at 263 next=0x5b (chunk=329)
[VT] ESC at 281 next=0x5b (chunk=329)
[VT] ESC at 300 next=0x5b (chunk=329)
[VT] ESC at 304 next=0x5b (chunk=329)
[VT] ESC at 308 next=0x5b (chunk=329)
[VT] ESC at 315 next=0x5b (chunk=329)
[VT] ESC at 321 next=0x5b (chunk=329)
[VT] ESC at 0 next=0x5b (chunk=284)
[VT] ESC at 8 next=0x5b (chunk=284)
[VT] ESC at 14 next=0x5b (chunk=284)
[VT] ESC at 21 next=0x5b (chunk=284)
[VT] ESC at 38 next=0x5b (chunk=284)
[VT] ESC at 66 next=0x5b (chunk=284)
[VT] ESC at 70 next=0x5b (chunk=284)
[VT] ESC at 77 next=0x5b (chunk=284)
[VT] ESC at 93 next=0x5b (chunk=284)
[VT] ESC at 112 next=0x5b (chunk=284)
[VT] ESC at 116 next=0x5b (chunk=284)
[VT] ESC at 123 next=0x5b (chunk=284)
[VT] ESC at 139 next=0x5b (chunk=284)
[VT] ESC at 158 next=0x5b (chunk=284)
[VT] ESC at 162 next=0x5b (chunk=284)
[VT] ESC at 170 next=0x5b (chunk=284)
[VT] ESC at 187 next=0x5b (chunk=284)
[VT] ESC at 206 next=0x5b (chunk=284)
[VT] ESC at 210 next=0x5b (chunk=284)
[VT] ESC at 218 next=0x5b (chunk=284)
[VT] ESC at 236 next=0x5b (chunk=284)
[VT] ESC at 255 next=0x5b (chunk=284)
[VT] ESC at 259 next=0x5b (chunk=284)
[VT] ESC at 263 next=0x5b (chunk=284)
[VT] ESC at 270 next=0x5b (chunk=284)
[VT] ESC at 276 next=0x5b (chunk=284)
[VT] ESC at 0 next=0x5b (chunk=239)
[VT] ESC at 8 next=0x5b (chunk=239)
[VT] ESC at 14 next=0x5b (chunk=239)
[VT] ESC at 21 next=0x5b (chunk=239)
[VT] ESC at 38 next=0x5b (chunk=239)
[VT] ESC at 69 next=0x5b (chunk=239)
[VT] ESC at 73 next=0x5b (chunk=239)
[VT] ESC at 80 next=0x5b (chunk=239)
[VT] ESC at 96 next=0x5b (chunk=239)
[VT] ESC at 115 next=0x5b (chunk=239)
[VT] ESC at 119 next=0x5b (chunk=239)
[VT] ESC at 127 next=0x5b (chunk=239)
[VT] ESC at 143 next=0x5b (chunk=239)
[VT] ESC at 162 next=0x5b (chunk=239)
[VT] ESC at 166 next=0x5b (chunk=239)
[VT] ESC at 174 next=0x5b (chunk=239)
[VT] ESC at 191 next=0x5b (chunk=239)
[VT] ESC at 210 next=0x5b (chunk=239)
[VT] ESC at 214 next=0x5b (chunk=239)
[VT] ESC at 218 next=0x5b (chunk=239)
[VT] ESC at 225 next=0x5b (chunk=239)
[VT] ESC at 231 next=0x5b (chunk=239)
[VT] ESC at 0 next=0x5b (chunk=195)
[VT] ESC at 8 next=0x5b (chunk=195)
[VT] ESC at 14 next=0x5b (chunk=195)
[VT] ESC at 21 next=0x5b (chunk=195)
[VT] ESC at 38 next=0x5b (chunk=195)
[VT] ESC at 72 next=0x5b (chunk=195)
[VT] ESC at 76 next=0x5b (chunk=195)
[VT] ESC at 84 next=0x5b (chunk=195)
[VT] ESC at 100 next=0x5b (chunk=195)
[VT] ESC at 119 next=0x5b (chunk=195)
[VT] ESC at 123 next=0x5b (chunk=195)
[VT] ESC at 131 next=0x5b (chunk=195)
[VT] ESC at 147 next=0x5b (chunk=195)
[VT] ESC at 166 next=0x5b (chunk=195)
[VT] ESC at 170 next=0x5b (chunk=195)
[VT] ESC at 174 next=0x5b (chunk=195)
[VT] ESC at 181 next=0x5b (chunk=195)
[VT] ESC at 187 next=0x5b (chunk=195)
[VT] ESC at 0 next=0x5b (chunk=150)
[VT] ESC at 8 next=0x5b (chunk=150)
[VT] ESC at 14 next=0x5b (chunk=150)
[VT] ESC at 21 next=0x5b (chunk=150)
[VT] ESC at 37 next=0x5b (chunk=150)
[VT] ESC at 74 next=0x5b (chunk=150)
[VT] ESC at 78 next=0x5b (chunk=150)
[VT] ESC at 86 next=0x5b (chunk=150)
[VT] ESC at 102 next=0x5b (chunk=150)
[VT] ESC at 121 next=0x5b (chunk=150)
[VT] ESC at 125 next=0x5b (chunk=150)
[VT] ESC at 129 next=0x5b (chunk=150)
[VT] ESC at 136 next=0x5b (chunk=150)
[VT] ESC at 142 next=0x5b (chunk=150)
[VT] ESC at 0 next=0x5b (chunk=96)
[VT] ESC at 8 next=0x5b (chunk=96)
[VT] ESC at 14 next=0x5b (chunk=96)
[VT] ESC at 22 next=0x5b (chunk=96)
[VT] ESC at 41 next=0x5b (chunk=96)
[VT] ESC at 67 next=0x5b (chunk=96)
[VT] ESC at 71 next=0x5b (chunk=96)
[VT] ESC at 75 next=0x5b (chunk=96)
[VT] ESC at 82 next=0x5b (chunk=96)
[VT] ESC at 88 next=0x5b (chunk=96)
[VT] ESC at 0 next=0x5b (chunk=106)
[VT] ESC at 8 next=0x5b (chunk=106)
[VT] ESC at 14 next=0x5b (chunk=106)
[VT] ESC at 21 next=0x5b (chunk=106)
[VT] ESC at 37 next=0x5b (chunk=106)
[VT] ESC at 77 next=0x5b (chunk=106)
[VT] ESC at 81 next=0x5b (chunk=106)
[VT] ESC at 85 next=0x5b (chunk=106)
[VT] ESC at 92 next=0x5b (chunk=106)
[VT] ESC at 98 next=0x5b (chunk=106)
[VT] ESC at 0 next=0x5b (chunk=106)
[VT] ESC at 8 next=0x5b (chunk=106)
[VT] ESC at 14 next=0x5b (chunk=106)
[VT] ESC at 21 next=0x5b (chunk=106)
[VT] ESC at 37 next=0x5b (chunk=106)
[VT] ESC at 77 next=0x5b (chunk=106)
[VT] ESC at 81 next=0x5b (chunk=106)
[VT] ESC at 85 next=0x5b (chunk=106)
[VT] ESC at 92 next=0x5b (chunk=106)
[VT] ESC at 98 next=0x5b (chunk=106)
[VT] ESC at 0 next=0x5b (chunk=106)
[VT] ESC at 8 next=0x5b (chunk=106)
[VT] ESC at 14 next=0x5b (chunk=106)
[VT] ESC at 21 next=0x5b (chunk=106)
[VT] ESC at 37 next=0x5b (chunk=106)
[VT] ESC at 77 next=0x5b (chunk=106)
[VT] ESC at 81 next=0x5b (chunk=106)
[VT] ESC at 85 next=0x5b (chunk=106)
[VT] ESC at 92 next=0x5b (chunk=106)
[VT] ESC at 98 next=0x5b (chunk=106)
[VT] ESC at 0 next=0x5b (chunk=198)
[VT] ESC at 8 next=0x5b (chunk=198)
[VT] ESC at 14 next=0x5b (chunk=198)
[VT] ESC at 21 next=0x5b (chunk=198)
[VT] ESC at 37 next=0x5b (chunk=198)
[VT] ESC at 71 next=0x5b (chunk=198)
[VT] ESC at 75 next=0x5b (chunk=198)
[VT] ESC at 83 next=0x5b (chunk=198)
[VT] ESC at 101 next=0x5b (chunk=198)
[VT] ESC at 120 next=0x5b (chunk=198)
[VT] ESC at 124 next=0x5b (chunk=198)
[VT] ESC at 132 next=0x5b (chunk=198)
[VT] ESC at 150 next=0x5b (chunk=198)
[VT] ESC at 169 next=0x5b (chunk=198)
[VT] ESC at 173 next=0x5b (chunk=198)
[VT] ESC at 177 next=0x5b (chunk=198)
[VT] ESC at 184 next=0x5b (chunk=198)
[VT] ESC at 190 next=0x5b (chunk=198)
[VT] ESC at 0 next=0x5b (chunk=243)
[VT] ESC at 8 next=0x5b (chunk=243)
[VT] ESC at 14 next=0x5b (chunk=243)
[VT] ESC at 21 next=0x5b (chunk=243)
[VT] ESC at 37 next=0x5b (chunk=243)
[VT] ESC at 68 next=0x5b (chunk=243)
[VT] ESC at 72 next=0x5b (chunk=243)
[VT] ESC at 79 next=0x5b (chunk=243)
[VT] ESC at 97 next=0x5b (chunk=243)
[VT] ESC at 116 next=0x5b (chunk=243)
[VT] ESC at 120 next=0x5b (chunk=243)
[VT] ESC at 128 next=0x5b (chunk=243)
[VT] ESC at 146 next=0x5b (chunk=243)
[VT] ESC at 165 next=0x5b (chunk=243)
[VT] ESC at 169 next=0x5b (chunk=243)
[VT] ESC at 177 next=0x5b (chunk=243)
[VT] ESC at 195 next=0x5b (chunk=243)
[VT] ESC at 214 next=0x5b (chunk=243)
[VT] ESC at 218 next=0x5b (chunk=243)
[VT] ESC at 222 next=0x5b (chunk=243)
[VT] ESC at 229 next=0x5b (chunk=243)
[VT] ESC at 235 next=0x5b (chunk=243)
[VT] ESC at 0 next=0x5b (chunk=287)
[VT] ESC at 8 next=0x5b (chunk=287)
[VT] ESC at 14 next=0x5b (chunk=287)
[VT] ESC at 21 next=0x5b (chunk=287)
[VT] ESC at 37 next=0x5b (chunk=287)
[VT] ESC at 65 next=0x5b (chunk=287)
[VT] ESC at 69 next=0x5b (chunk=287)
[VT] ESC at 76 next=0x5b (chunk=287)
[VT] ESC at 94 next=0x5b (chunk=287)
[VT] ESC at 113 next=0x5b (chunk=287)
[VT] ESC at 117 next=0x5b (chunk=287)
[VT] ESC at 124 next=0x5b (chunk=287)
[VT] ESC at 142 next=0x5b (chunk=287)
[VT] ESC at 161 next=0x5b (chunk=287)
[VT] ESC at 165 next=0x5b (chunk=287)
[VT] ESC at 173 next=0x5b (chunk=287)
[VT] ESC at 191 next=0x5b (chunk=287)
[VT] ESC at 210 next=0x5b (chunk=287)
[VT] ESC at 214 next=0x5b (chunk=287)
[VT] ESC at 222 next=0x5b (chunk=287)
[VT] ESC at 239 next=0x5b (chunk=287)
[VT] ESC at 258 next=0x5b (chunk=287)
[VT] ESC at 262 next=0x5b (chunk=287)
[VT] ESC at 266 next=0x5b (chunk=287)
[VT] ESC at 273 next=0x5b (chunk=287)
[VT] ESC at 279 next=0x5b (chunk=287)
[VT] ESC at 0 next=0x5b (chunk=331)
[VT] ESC at 8 next=0x5b (chunk=331)
[VT] ESC at 14 next=0x5b (chunk=331)
[VT] ESC at 21 next=0x5b (chunk=331)
[VT] ESC at 38 next=0x5b (chunk=331)
[VT] ESC at 63 next=0x5b (chunk=331)
[VT] ESC at 67 next=0x5b (chunk=331)
[VT] ESC at 74 next=0x5b (chunk=331)
[VT] ESC at 92 next=0x5b (chunk=331)
[VT] ESC at 111 next=0x5b (chunk=331)
[VT] ESC at 115 next=0x5b (chunk=331)
[VT] ESC at 122 next=0x5b (chunk=331)
[VT] ESC at 140 next=0x5b (chunk=331)
[VT] ESC at 159 next=0x5b (chunk=331)
[VT] ESC at 163 next=0x5b (chunk=331)
[VT] ESC at 170 next=0x5b (chunk=331)
[VT] ESC at 188 next=0x5b (chunk=331)
[VT] ESC at 207 next=0x5b (chunk=331)
[VT] ESC at 211 next=0x5b (chunk=331)
[VT] ESC at 219 next=0x5b (chunk=331)
[VT] ESC at 236 next=0x5b (chunk=331)
[VT] ESC at 255 next=0x5b (chunk=331)
[VT] ESC at 259 next=0x5b (chunk=331)
[VT] ESC at 267 next=0x5b (chunk=331)
[VT] ESC at 283 next=0x5b (chunk=331)
[VT] ESC at 302 next=0x5b (chunk=331)
[VT] ESC at 306 next=0x5b (chunk=331)
[VT] ESC at 310 next=0x5b (chunk=331)
[VT] ESC at 317 next=0x5b (chunk=331)
[VT] ESC at 323 next=0x5b (chunk=331)
[VT] ESC at 0 next=0x5b (chunk=374)
[VT] ESC at 8 next=0x5b (chunk=374)
[VT] ESC at 14 next=0x5b (chunk=374)
[VT] ESC at 21 next=0x5b (chunk=374)
[VT] ESC at 38 next=0x5b (chunk=374)
[VT] ESC at 60 next=0x5b (chunk=374)
[VT] ESC at 64 next=0x5b (chunk=374)
[VT] ESC at 71 next=0x5b (chunk=374)
[VT] ESC at 89 next=0x5b (chunk=374)
[VT] ESC at 108 next=0x5b (chunk=374)
[VT] ESC at 112 next=0x5b (chunk=374)
[VT] ESC at 119 next=0x5b (chunk=374)
[VT] ESC at 137 next=0x5b (chunk=374)
[VT] ESC at 156 next=0x5b (chunk=374)
[VT] ESC at 160 next=0x5b (chunk=374)
[VT] ESC at 167 next=0x5b (chunk=374)
[VT] ESC at 185 next=0x5b (chunk=374)
[VT] ESC at 204 next=0x5b (chunk=374)
[VT] ESC at 208 next=0x5b (chunk=374)
[VT] ESC at 215 next=0x5b (chunk=374)
[VT] ESC at 232 next=0x5b (chunk=374)
[VT] ESC at 251 next=0x5b (chunk=374)
[VT] ESC at 255 next=0x5b (chunk=374)
[VT] ESC at 263 next=0x5b (chunk=374)
[VT] ESC at 279 next=0x5b (chunk=374)
[VT] ESC at 298 next=0x5b (chunk=374)
[VT] ESC at 302 next=0x5b (chunk=374)
[VT] ESC at 310 next=0x5b (chunk=374)
[VT] ESC at 326 next=0x5b (chunk=374)
[VT] ESC at 345 next=0x5b (chunk=374)
[VT] ESC at 349 next=0x5b (chunk=374)
[VT] ESC at 353 next=0x5b (chunk=374)
[VT] ESC at 360 next=0x5b (chunk=374)
[VT] ESC at 366 next=0x5b (chunk=374)
[VT] ESC at 0 next=0x5b (chunk=418)
[VT] ESC at 8 next=0x5b (chunk=418)
[VT] ESC at 14 next=0x5b (chunk=418)
[VT] ESC at 21 next=0x5b (chunk=418)
[VT] ESC at 38 next=0x5b (chunk=418)
[VT] ESC at 57 next=0x5b (chunk=418)
[VT] ESC at 61 next=0x5b (chunk=418)
[VT] ESC at 68 next=0x5b (chunk=418)
[VT] ESC at 86 next=0x5b (chunk=418)
[VT] ESC at 105 next=0x5b (chunk=418)
[VT] ESC at 109 next=0x5b (chunk=418)
[VT] ESC at 116 next=0x5b (chunk=418)
[VT] ESC at 134 next=0x5b (chunk=418)
[VT] ESC at 153 next=0x5b (chunk=418)
[VT] ESC at 157 next=0x5b (chunk=418)
[VT] ESC at 164 next=0x5b (chunk=418)
[VT] ESC at 182 next=0x5b (chunk=418)
[VT] ESC at 201 next=0x5b (chunk=418)
[VT] ESC at 205 next=0x5b (chunk=418)
[VT] ESC at 212 next=0x5b (chunk=418)
[VT] ESC at 229 next=0x5b (chunk=418)
[VT] ESC at 248 next=0x5b (chunk=418)
[VT] ESC at 252 next=0x5b (chunk=418)
[VT] ESC at 259 next=0x5b (chunk=418)
[VT] ESC at 275 next=0x5b (chunk=418)
[VT] ESC at 294 next=0x5b (chunk=418)
[VT] ESC at 298 next=0x5b (chunk=418)
[VT] ESC at 306 next=0x5b (chunk=418)
[VT] ESC at 322 next=0x5b (chunk=418)
[VT] ESC at 341 next=0x5b (chunk=418)
[VT] ESC at 345 next=0x5b (chunk=418)
[VT] ESC at 353 next=0x5b (chunk=418)
[VT] ESC at 370 next=0x5b (chunk=418)
[VT] ESC at 389 next=0x5b (chunk=418)
[VT] ESC at 393 next=0x5b (chunk=418)
[VT] ESC at 397 next=0x5b (chunk=418)
[VT] ESC at 404 next=0x5b (chunk=418)
[VT] ESC at 410 next=0x5b (chunk=418)
[VT] ESC at 0 next=0x5b (chunk=373)
[VT] ESC at 8 next=0x5b (chunk=373)
[VT] ESC at 14 next=0x5b (chunk=373)
[VT] ESC at 21 next=0x5b (chunk=373)
[VT] ESC at 39 next=0x5b (chunk=373)
[VT] ESC at 58 next=0x5b (chunk=373)
[VT] ESC at 62 next=0x5b (chunk=373)
[VT] ESC at 69 next=0x5b (chunk=373)
[VT] ESC at 87 next=0x5b (chunk=373)
[VT] ESC at 106 next=0x5b (chunk=373)
[VT] ESC at 110 next=0x5b (chunk=373)
[VT] ESC at 117 next=0x5b (chunk=373)
[VT] ESC at 135 next=0x5b (chunk=373)
[VT] ESC at 154 next=0x5b (chunk=373)
[VT] ESC at 158 next=0x5b (chunk=373)
[VT] ESC at 165 next=0x5b (chunk=373)
[VT] ESC at 182 next=0x5b (chunk=373)
[VT] ESC at 201 next=0x5b (chunk=373)
[VT] ESC at 205 next=0x5b (chunk=373)
[VT] ESC at 212 next=0x5b (chunk=373)
[VT] ESC at 228 next=0x5b (chunk=373)
[VT] ESC at 247 next=0x5b (chunk=373)
[VT] ESC at 251 next=0x5b (chunk=373)
[VT] ESC at 258 next=0x5b (chunk=373)
[VT] ESC at 274 next=0x5b (chunk=373)
[VT] ESC at 293 next=0x5b (chunk=373)
[VT] ESC at 297 next=0x5b (chunk=373)
[VT] ESC at 305 next=0x5b (chunk=373)
[VT] ESC at 322 next=0x5b (chunk=373)
[VT] ESC at 344 next=0x5b (chunk=373)
[VT] ESC at 348 next=0x5b (chunk=373)
[VT] ESC at 352 next=0x5b (chunk=373)
[VT] ESC at 359 next=0x5b (chunk=373)
[VT] ESC at 365 next=0x5b (chunk=373)
[VT] ESC at 0 next=0x5b (chunk=208)
[VT] ESC at 8 next=0x5b (chunk=208)
[VT] ESC at 14 next=0x5b (chunk=208)
[VT] ESC at 22 next=0x5b (chunk=208)
[VT] ESC at 41 next=0x5b (chunk=208)
[VT] ESC at 65 next=0x5b (chunk=208)
[VT] ESC at 69 next=0x5b (chunk=208)
[VT] ESC at 76 next=0x5b (chunk=208)
[VT] ESC at 95 next=0x5b (chunk=208)
[VT] ESC at 119 next=0x5b (chunk=208)
[VT] ESC at 123 next=0x5b (chunk=208)
[VT] ESC at 131 next=0x5b (chunk=208)
[VT] ESC at 150 next=0x5b (chunk=208)
[VT] ESC at 179 next=0x5b (chunk=208)
[VT] ESC at 183 next=0x5b (chunk=208)
[VT] ESC at 187 next=0x5b (chunk=208)
[VT] ESC at 194 next=0x5b (chunk=208)
[VT] ESC at 200 next=0x5b (chunk=208)
[VT] ESC at 0 next=0x5b (chunk=105)
[VT] ESC at 8 next=0x5b (chunk=105)
[VT] ESC at 14 next=0x5b (chunk=105)
[VT] ESC at 22 next=0x5b (chunk=105)
[VT] ESC at 41 next=0x5b (chunk=105)
[VT] ESC at 76 next=0x5b (chunk=105)
[VT] ESC at 80 next=0x5b (chunk=105)
[VT] ESC at 84 next=0x5b (chunk=105)
[VT] ESC at 91 next=0x5b (chunk=105)
[VT] ESC at 97 next=0x5b (chunk=105)
[VT] ESC at 0 next=0x5d (chunk=25)
[VT] ESC at 0 next=0x5b (chunk=4)
[VT] ESC at 0 next=0x5b (chunk=7)
[VT] ESC at 0 next=0x5b (chunk=4)
[VT] ESC at 0 next=0x5b (chunk=7)
[VT] ESC at 0 next=0x5b (chunk=5)
[VT] ESC at 0 next=0x5b (chunk=4096)
[VT] ESC at 8 next=0x5b (chunk=4096)
[VT] ESC at 14 next=0x5b (chunk=4096)
[VT] ESC at 20 next=0x5b (chunk=4096)
[VT] ESC at 39 next=0x5b (chunk=4096)
[VT] ESC at 152 next=0x5b (chunk=4096)
[VT] ESC at 158 next=0x5b (chunk=4096)
[VT] ESC at 177 next=0x5b (chunk=4096)
[VT] ESC at 195 next=0x5b (chunk=4096)
[VT] ESC at 199 next=0x5b (chunk=4096)
[VT] ESC at 205 next=0x5b (chunk=4096)
[VT] ESC at 223 next=0x5b (chunk=4096)
[VT] ESC at 242 next=0x5b (chunk=4096)
[VT] ESC at 246 next=0x5b (chunk=4096)
[VT] ESC at 252 next=0x5b (chunk=4096)
[VT] ESC at 271 next=0x5b (chunk=4096)
[VT] ESC at 379 next=0x5b (chunk=4096)
[VT] ESC at 383 next=0x5b (chunk=4096)
[VT] ESC at 390 next=0x5b (chunk=4096)
[VT] ESC at 409 next=0x5b (chunk=4096)
[VT] ESC at 427 next=0x5b (chunk=4096)
[VT] ESC at 433 next=0x5b (chunk=4096)
[VT] ESC at 452 next=0x5b (chunk=4096)
[VT] ESC at 470 next=0x5b (chunk=4096)
[VT] ESC at 474 next=0x5b (chunk=4096)
[VT] ESC at 480 next=0x5b (chunk=4096)
[VT] ESC at 498 next=0x5b (chunk=4096)
[VT] ESC at 517 next=0x5b (chunk=4096)
[VT] ESC at 521 next=0x5b (chunk=4096)
[VT] ESC at 527 next=0x5b (chunk=4096)
[VT] ESC at 546 next=0x5b (chunk=4096)
[VT] ESC at 564 next=0x5b (chunk=4096)
[VT] ESC at 568 next=0x5b (chunk=4096)
[VT] ESC at 574 next=0x5b (chunk=4096)
[VT] ESC at 593 next=0x5b (chunk=4096)
[VT] ESC at 610 next=0x5b (chunk=4096)
[VT] ESC at 614 next=0x5b (chunk=4096)
[VT] ESC at 620 next=0x5b (chunk=4096)
[VT] ESC at 639 next=0x5b (chunk=4096)
[VT] ESC at 744 next=0x5b (chunk=4096)
[VT] ESC at 748 next=0x5b (chunk=4096)
[VT] ESC at 755 next=0x5b (chunk=4096)
[VT] ESC at 774 next=0x5b (chunk=4096)
[VT] ESC at 792 next=0x5b (chunk=4096)
[VT] ESC at 798 next=0x5b (chunk=4096)
[VT] ESC at 817 next=0x5b (chunk=4096)
[VT] ESC at 835 next=0x5b (chunk=4096)
[VT] ESC at 839 next=0x5b (chunk=4096)
[VT] ESC at 845 next=0x5b (chunk=4096)
[VT] ESC at 863 next=0x5b (chunk=4096)
[VT] ESC at 882 next=0x5b (chunk=4096)
[VT] ESC at 886 next=0x5b (chunk=4096)
[VT] ESC at 892 next=0x5b (chunk=4096)
[VT] ESC at 911 next=0x5b (chunk=4096)
[VT] ESC at 1019 next=0x5b (chunk=4096)
[VT] ESC at 1023 next=0x5b (chunk=4096)
[VT] ESC at 1030 next=0x5b (chunk=4096)
[VT] ESC at 1049 next=0x5b (chunk=4096)
[VT] ESC at 1067 next=0x5b (chunk=4096)
[VT] ESC at 1073 next=0x5b (chunk=4096)
[VT] ESC at 1092 next=0x5b (chunk=4096)
[VT] ESC at 1205 next=0x5b (chunk=4096)
[VT] ESC at 1211 next=0x5b (chunk=4096)
[VT] ESC at 1230 next=0x5b (chunk=4096)
[VT] ESC at 1251 next=0x5b (chunk=4096)
[VT] ESC at 1255 next=0x5b (chunk=4096)
[VT] ESC at 1261 next=0x5b (chunk=4096)
[VT] ESC at 1279 next=0x5b (chunk=4096)
[VT] ESC at 1311 next=0x5b (chunk=4096)
[VT] ESC at 1315 next=0x5b (chunk=4096)
[VT] ESC at 1322 next=0x5b (chunk=4096)
[VT] ESC at 1341 next=0x5b (chunk=4096)
[VT] ESC at 1433 next=0x5b (chunk=4096)
[VT] ESC at 1439 next=0x5b (chunk=4096)
[VT] ESC at 1458 next=0x5b (chunk=4096)
[VT] ESC at 1571 next=0x5b (chunk=4096)
[VT] ESC at 1577 next=0x5b (chunk=4096)
[VT] ESC at 1596 next=0x5b (chunk=4096)
[VT] ESC at 1617 next=0x5b (chunk=4096)
[VT] ESC at 1621 next=0x5b (chunk=4096)
[VT] ESC at 1627 next=0x5b (chunk=4096)
[VT] ESC at 1646 next=0x5b (chunk=4096)
[VT] ESC at 1749 next=0x5b (chunk=4096)
[VT] ESC at 1753 next=0x5b (chunk=4096)
[VT] ESC at 1760 next=0x5b (chunk=4096)
[VT] ESC at 1779 next=0x5b (chunk=4096)
[VT] ESC at 1802 next=0x5b (chunk=4096)
[VT] ESC at 1808 next=0x5b (chunk=4096)
[VT] ESC at 1827 next=0x5b (chunk=4096)
[VT] ESC at 1940 next=0x5b (chunk=4096)
[VT] ESC at 1947 next=0x5b (chunk=4096)
[VT] ESC at 1966 next=0x5b (chunk=4096)
[VT] ESC at 1987 next=0x5b (chunk=4096)
[VT] ESC at 1991 next=0x5b (chunk=4096)
[VT] ESC at 1998 next=0x5b (chunk=4096)
[VT] ESC at 2016 next=0x5b (chunk=4096)
[VT] ESC at 2036 next=0x5b (chunk=4096)
[VT] ESC at 2040 next=0x5b (chunk=4096)
[VT] ESC at 2047 next=0x5b (chunk=4096)
[VT] ESC at 2066 next=0x5b (chunk=4096)
[VT] ESC at 2083 next=0x5b (chunk=4096)
[VT] ESC at 2087 next=0x5b (chunk=4096)
[VT] ESC at 2094 next=0x5b (chunk=4096)
[VT] ESC at 2113 next=0x5b (chunk=4096)
[VT] ESC at 2134 next=0x5b (chunk=4096)
[VT] ESC at 2138 next=0x5b (chunk=4096)
[VT] ESC at 2146 next=0x5b (chunk=4096)
[VT] ESC at 2165 next=0x5b (chunk=4096)
[VT] ESC at 2210 next=0x5b (chunk=4096)
[VT] ESC at 2214 next=0x5b (chunk=4096)
[VT] ESC at 2222 next=0x5b (chunk=4096)
[VT] ESC at 2241 next=0x5b (chunk=4096)
[VT] ESC at 2314 next=0x5b (chunk=4096)
[VT] ESC at 2321 next=0x5b (chunk=4096)
[VT] ESC at 2340 next=0x5b (chunk=4096)
[VT] ESC at 2453 next=0x5b (chunk=4096)
[VT] ESC at 2460 next=0x5b (chunk=4096)
[VT] ESC at 2479 next=0x5b (chunk=4096)
[VT] ESC at 2592 next=0x5b (chunk=4096)
[VT] ESC at 2599 next=0x5b (chunk=4096)
[VT] ESC at 2618 next=0x5b (chunk=4096)
[VT] ESC at 2731 next=0x5b (chunk=4096)
[VT] ESC at 2738 next=0x5b (chunk=4096)
[VT] ESC at 2757 next=0x5b (chunk=4096)
[VT] ESC at 2870 next=0x5b (chunk=4096)
[VT] ESC at 2877 next=0x5b (chunk=4096)
[VT] ESC at 2896 next=0x5b (chunk=4096)
[VT] ESC at 3009 next=0x5b (chunk=4096)
[VT] ESC at 3016 next=0x5b (chunk=4096)
[VT] ESC at 3035 next=0x5b (chunk=4096)
[VT] ESC at 3148 next=0x5b (chunk=4096)
[VT] ESC at 3155 next=0x5b (chunk=4096)
[VT] ESC at 3174 next=0x5b (chunk=4096)
[VT] ESC at 3287 next=0x5b (chunk=4096)
[VT] ESC at 3294 next=0x5b (chunk=4096)
[VT] ESC at 3313 next=0x5b (chunk=4096)
[VT] ESC at 3426 next=0x5b (chunk=4096)
[VT] ESC at 3433 next=0x5b (chunk=4096)
[VT] ESC at 3452 next=0x5b (chunk=4096)
[VT] ESC at 3565 next=0x5b (chunk=4096)
[VT] ESC at 3572 next=0x5b (chunk=4096)
[VT] ESC at 3591 next=0x5b (chunk=4096)
[VT] ESC at 3704 next=0x5b (chunk=4096)
[VT] ESC at 3711 next=0x5b (chunk=4096)
[VT] ESC at 3730 next=0x5b (chunk=4096)
[VT] ESC at 3843 next=0x5b (chunk=4096)
[VT] ESC at 3850 next=0x5b (chunk=4096)
[VT] ESC at 3869 next=0x5b (chunk=4096)
[VT] ESC at 3982 next=0x5b (chunk=4096)
[VT] ESC at 3989 next=0x5b (chunk=4096)
[VT] ESC at 4008 next=0x5b (chunk=4096)
[VT] ESC at 25 next=0x5b (chunk=4096)
[VT] ESC at 32 next=0x5b (chunk=4096)
[VT] ESC at 51 next=0x5b (chunk=4096)
[VT] ESC at 164 next=0x5b (chunk=4096)
[VT] ESC at 171 next=0x5b (chunk=4096)
[VT] ESC at 190 next=0x5b (chunk=4096)
[VT] ESC at 303 next=0x5b (chunk=4096)
[VT] ESC at 310 next=0x5b (chunk=4096)
[VT] ESC at 329 next=0x5b (chunk=4096)
[VT] ESC at 442 next=0x5b (chunk=4096)
[VT] ESC at 449 next=0x5b (chunk=4096)
[VT] ESC at 468 next=0x5b (chunk=4096)
[VT] ESC at 581 next=0x5b (chunk=4096)
[VT] ESC at 588 next=0x5b (chunk=4096)
[VT] ESC at 607 next=0x5b (chunk=4096)
[VT] ESC at 720 next=0x5b (chunk=4096)
[VT] ESC at 727 next=0x5b (chunk=4096)
[VT] ESC at 746 next=0x5b (chunk=4096)
[VT] ESC at 859 next=0x5b (chunk=4096)
[VT] ESC at 866 next=0x5b (chunk=4096)
[VT] ESC at 885 next=0x5b (chunk=4096)
[VT] ESC at 998 next=0x5b (chunk=4096)
[VT] ESC at 1005 next=0x5b (chunk=4096)
[VT] ESC at 1024 next=0x5b (chunk=4096)
[VT] ESC at 1137 next=0x5b (chunk=4096)
[VT] ESC at 1144 next=0x5b (chunk=4096)
[VT] ESC at 1163 next=0x5b (chunk=4096)
[VT] ESC at 1276 next=0x5b (chunk=4096)
[VT] ESC at 1283 next=0x5b (chunk=4096)
[VT] ESC at 1302 next=0x5b (chunk=4096)
[VT] ESC at 1415 next=0x5b (chunk=4096)
[VT] ESC at 1422 next=0x5b (chunk=4096)
[VT] ESC at 1441 next=0x5b (chunk=4096)
[VT] ESC at 1554 next=0x5b (chunk=4096)
[VT] ESC at 1561 next=0x5b (chunk=4096)
[VT] ESC at 1580 next=0x5b (chunk=4096)
[VT] ESC at 1693 next=0x5b (chunk=4096)
[VT] ESC at 1700 next=0x5b (chunk=4096)
[VT] ESC at 1719 next=0x5b (chunk=4096)
[VT] ESC at 1832 next=0x5b (chunk=4096)
[VT] ESC at 1839 next=0x5b (chunk=4096)
[VT] ESC at 1858 next=0x5b (chunk=4096)
[VT] ESC at 1971 next=0x5b (chunk=4096)
[VT] ESC at 1978 next=0x5b (chunk=4096)
[VT] ESC at 1997 next=0x5b (chunk=4096)
[VT] ESC at 2110 next=0x5b (chunk=4096)
[VT] ESC at 2117 next=0x5b (chunk=4096)
[VT] ESC at 2136 next=0x5b (chunk=4096)
[VT] ESC at 2249 next=0x5b (chunk=4096)
[VT] ESC at 2256 next=0x5b (chunk=4096)
[VT] ESC at 2275 next=0x5b (chunk=4096)
[VT] ESC at 2388 next=0x5b (chunk=4096)
[VT] ESC at 2395 next=0x5b (chunk=4096)
[VT] ESC at 2414 next=0x5b (chunk=4096)
[VT] ESC at 2527 next=0x5b (chunk=4096)
[VT] ESC at 2534 next=0x5b (chunk=4096)
[VT] ESC at 2553 next=0x5b (chunk=4096)
[VT] ESC at 2666 next=0x5b (chunk=4096)
[VT] ESC at 2673 next=0x5b (chunk=4096)
[VT] ESC at 2692 next=0x5b (chunk=4096)
[VT] ESC at 2805 next=0x5b (chunk=4096)
[VT] ESC at 2812 next=0x5b (chunk=4096)
[VT] ESC at 2831 next=0x5b (chunk=4096)
[VT] ESC at 2944 next=0x5b (chunk=4096)
[VT] ESC at 2951 next=0x5b (chunk=4096)
[VT] ESC at 2970 next=0x5b (chunk=4096)
[VT] ESC at 2988 next=0x5b (chunk=4096)
[VT] ESC at 2992 next=0x5b (chunk=4096)
[VT] ESC at 2999 next=0x5b (chunk=4096)
[VT] ESC at 3017 next=0x5b (chunk=4096)
[VT] ESC at 3036 next=0x5b (chunk=4096)
[VT] ESC at 3040 next=0x5b (chunk=4096)
[VT] ESC at 3047 next=0x5b (chunk=4096)
[VT] ESC at 3066 next=0x5b (chunk=4096)
[VT] ESC at 3174 next=0x5b (chunk=4096)
[VT] ESC at 3178 next=0x5b (chunk=4096)
[VT] ESC at 3186 next=0x5b (chunk=4096)
[VT] ESC at 3205 next=0x5b (chunk=4096)
[VT] ESC at 3223 next=0x5b (chunk=4096)
[VT] ESC at 3230 next=0x5b (chunk=4096)
[VT] ESC at 3249 next=0x5b (chunk=4096)
[VT] ESC at 3267 next=0x5b (chunk=4096)
[VT] ESC at 3271 next=0x5b (chunk=4096)
[VT] ESC at 3278 next=0x5b (chunk=4096)
[VT] ESC at 3296 next=0x5b (chunk=4096)
[VT] ESC at 3315 next=0x5b (chunk=4096)
[VT] ESC at 3319 next=0x5b (chunk=4096)
[VT] ESC at 3326 next=0x5b (chunk=4096)
[VT] ESC at 3345 next=0x5b (chunk=4096)
[VT] ESC at 3453 next=0x5b (chunk=4096)
[VT] ESC at 3457 next=0x5b (chunk=4096)
[VT] ESC at 3465 next=0x5b (chunk=4096)
[VT] ESC at 3484 next=0x5b (chunk=4096)
[VT] ESC at 3502 next=0x5b (chunk=4096)
[VT] ESC at 3509 next=0x5b (chunk=4096)
[VT] ESC at 3528 next=0x5b (chunk=4096)
[VT] ESC at 3546 next=0x5b (chunk=4096)
[VT] ESC at 3550 next=0x5b (chunk=4096)
[VT] ESC at 3557 next=0x5b (chunk=4096)
[VT] ESC at 3575 next=0x5b (chunk=4096)
[VT] ESC at 3594 next=0x5b (chunk=4096)
[VT] ESC at 3598 next=0x5b (chunk=4096)
[VT] ESC at 3605 next=0x5b (chunk=4096)
[VT] ESC at 3624 next=0x5b (chunk=4096)
[VT] ESC at 3732 next=0x5b (chunk=4096)
[VT] ESC at 3736 next=0x5b (chunk=4096)
[VT] ESC at 3744 next=0x5b (chunk=4096)
[VT] ESC at 3763 next=0x5b (chunk=4096)
[VT] ESC at 3781 next=0x5b (chunk=4096)
[VT] ESC at 3788 next=0x5b (chunk=4096)
[VT] ESC at 3807 next=0x5b (chunk=4096)
[VT] ESC at 3825 next=0x5b (chunk=4096)
[VT] ESC at 3829 next=0x5b (chunk=4096)
[VT] ESC at 3836 next=0x5b (chunk=4096)
[VT] ESC at 3854 next=0x5b (chunk=4096)
[VT] ESC at 3873 next=0x5b (chunk=4096)
[VT] ESC at 3877 next=0x5b (chunk=4096)
[VT] ESC at 3884 next=0x5b (chunk=4096)
[VT] ESC at 3903 next=0x5b (chunk=4096)
[VT] ESC at 3921 next=0x5b (chunk=4096)
[VT] ESC at 3925 next=0x5b (chunk=4096)
[VT] ESC at 3932 next=0x5b (chunk=4096)
[VT] ESC at 3950 next=0x5b (chunk=4096)
[VT] ESC at 3971 next=0x5b (chunk=4096)
[VT] ESC at 3975 next=0x5b (chunk=4096)
[VT] ESC at 3983 next=0x5b (chunk=4096)
[VT] ESC at 4002 next=0x5b (chunk=4096)
[VT] ESC at 4019 next=0x5b (chunk=4096)
[VT] ESC at 4023 next=0x5b (chunk=4096)
[VT] ESC at 4031 next=0x5b (chunk=4096)
[VT] ESC at 4050 next=0x5b (chunk=4096)
[VT] ESC at 4068 next=0x5b (chunk=4096)
[VT] ESC at 4072 next=0x5b (chunk=4096)
[VT] ESC at 4080 next=0x5b (chunk=4096)
[VT] ESC at 3 next=0x5b (chunk=1338)
[VT] ESC at 20 next=0x5b (chunk=1338)
[VT] ESC at 24 next=0x5b (chunk=1338)
[VT] ESC at 32 next=0x5b (chunk=1338)
[VT] ESC at 51 next=0x5b (chunk=1338)
[VT] ESC at 84 next=0x5b (chunk=1338)
[VT] ESC at 88 next=0x5b (chunk=1338)
[VT] ESC at 96 next=0x5b (chunk=1338)
[VT] ESC at 115 next=0x5b (chunk=1338)
[VT] ESC at 132 next=0x5b (chunk=1338)
[VT] ESC at 136 next=0x5b (chunk=1338)
[VT] ESC at 144 next=0x5b (chunk=1338)
[VT] ESC at 163 next=0x5b (chunk=1338)
[VT] ESC at 190 next=0x5b (chunk=1338)
[VT] ESC at 194 next=0x5b (chunk=1338)
[VT] ESC at 202 next=0x5b (chunk=1338)
[VT] ESC at 221 next=0x5b (chunk=1338)
[VT] ESC at 290 next=0x5b (chunk=1338)
[VT] ESC at 294 next=0x5b (chunk=1338)
[VT] ESC at 302 next=0x5b (chunk=1338)
[VT] ESC at 321 next=0x5b (chunk=1338)
[VT] ESC at 339 next=0x5b (chunk=1338)
[VT] ESC at 346 next=0x5b (chunk=1338)
[VT] ESC at 365 next=0x5b (chunk=1338)
[VT] ESC at 383 next=0x5b (chunk=1338)
[VT] ESC at 387 next=0x5b (chunk=1338)
[VT] ESC at 394 next=0x5b (chunk=1338)
[VT] ESC at 412 next=0x5b (chunk=1338)
[VT] ESC at 431 next=0x5b (chunk=1338)
[VT] ESC at 435 next=0x5b (chunk=1338)
[VT] ESC at 442 next=0x5b (chunk=1338)
[VT] ESC at 458 next=0x5b (chunk=1338)
[VT] ESC at 750 next=0x5b (chunk=1338)
[VT] ESC at 754 next=0x5b (chunk=1338)
[VT] ESC at 762 next=0x5b (chunk=1338)
[VT] ESC at 781 next=0x5b (chunk=1338)
[VT] ESC at 799 next=0x5b (chunk=1338)
[VT] ESC at 806 next=0x5b (chunk=1338)
[VT] ESC at 825 next=0x5b (chunk=1338)
[VT] ESC at 901 next=0x5b (chunk=1338)
[VT] ESC at 905 next=0x5b (chunk=1338)
[VT] ESC at 913 next=0x5b (chunk=1338)
[VT] ESC at 932 next=0x5b (chunk=1338)
[VT] ESC at 967 next=0x5b (chunk=1338)
[VT] ESC at 971 next=0x5b (chunk=1338)
[VT] ESC at 979 next=0x5b (chunk=1338)
[VT] ESC at 998 next=0x5b (chunk=1338)
[VT] ESC at 1016 next=0x5b (chunk=1338)
[VT] ESC at 1020 next=0x5b (chunk=1338)
[VT] ESC at 1028 next=0x5b (chunk=1338)
[VT] ESC at 1047 next=0x5b (chunk=1338)
[VT] ESC at 1070 next=0x5b (chunk=1338)
[VT] ESC at 1074 next=0x5b (chunk=1338)
[VT] ESC at 1082 next=0x5b (chunk=1338)
[VT] ESC at 1101 next=0x5b (chunk=1338)
[VT] ESC at 1125 next=0x5b (chunk=1338)
[VT] ESC at 1129 next=0x5b (chunk=1338)
[VT] ESC at 1137 next=0x5b (chunk=1338)
[VT] ESC at 1156 next=0x5b (chunk=1338)
[VT] ESC at 1174 next=0x5b (chunk=1338)
[VT] ESC at 1181 next=0x5b (chunk=1338)
[VT] ESC at 1200 next=0x5b (chunk=1338)
[VT] ESC at 1313 next=0x5b (chunk=1338)
[VT] ESC at 1317 next=0x5b (chunk=1338)
[VT] ESC at 1324 next=0x5b (chunk=1338)
[VT] ESC at 1330 next=0x5b (chunk=1338)
[VT] ESC at 0 next=0x5b (chunk=4)
[VT] ESC at 0 next=0x5b (chunk=7)
[VT] ESC at 0 next=0x5b (chunk=5)
[VT] ESC at 0 next=0x5b (chunk=4096)
[VT] ESC at 8 next=0x5b (chunk=4096)
[VT] ESC at 14 next=0x5b (chunk=4096)
[VT] ESC at 20 next=0x5b (chunk=4096)
[VT] ESC at 39 next=0x5b (chunk=4096)
[VT] ESC at 152 next=0x5b (chunk=4096)
[VT] ESC at 158 next=0x5b (chunk=4096)
[VT] ESC at 177 next=0x5b (chunk=4096)
[VT] ESC at 195 next=0x5b (chunk=4096)
[VT] ESC at 199 next=0x5b (chunk=4096)
[VT] ESC at 205 next=0x5b (chunk=4096)
[VT] ESC at 223 next=0x5b (chunk=4096)
[VT] ESC at 242 next=0x5b (chunk=4096)
[VT] ESC at 246 next=0x5b (chunk=4096)
[VT] ESC at 252 next=0x5b (chunk=4096)
[VT] ESC at 271 next=0x5b (chunk=4096)
[VT] ESC at 379 next=0x5b (chunk=4096)
[VT] ESC at 383 next=0x5b (chunk=4096)
[VT] ESC at 390 next=0x5b (chunk=4096)
[VT] ESC at 409 next=0x5b (chunk=4096)
[VT] ESC at 427 next=0x5b (chunk=4096)
[VT] ESC at 433 next=0x5b (chunk=4096)
[VT] ESC at 452 next=0x5b (chunk=4096)
[VT] ESC at 470 next=0x5b (chunk=4096)
[VT] ESC at 474 next=0x5b (chunk=4096)
[VT] ESC at 480 next=0x5b (chunk=4096)
[VT] ESC at 498 next=0x5b (chunk=4096)
[VT] ESC at 517 next=0x5b (chunk=4096)
[VT] ESC at 521 next=0x5b (chunk=4096)
[VT] ESC at 527 next=0x5b (chunk=4096)
[VT] ESC at 546 next=0x5b (chunk=4096)
[VT] ESC at 564 next=0x5b (chunk=4096)
[VT] ESC at 568 next=0x5b (chunk=4096)
[VT] ESC at 574 next=0x5b (chunk=4096)
[VT] ESC at 593 next=0x5b (chunk=4096)
[VT] ESC at 610 next=0x5b (chunk=4096)
[VT] ESC at 614 next=0x5b (chunk=4096)
[VT] ESC at 620 next=0x5b (chunk=4096)
[VT] ESC at 639 next=0x5b (chunk=4096)
[VT] ESC at 744 next=0x5b (chunk=4096)
[VT] ESC at 748 next=0x5b (chunk=4096)
[VT] ESC at 755 next=0x5b (chunk=4096)
[VT] ESC at 774 next=0x5b (chunk=4096)
[VT] ESC at 792 next=0x5b (chunk=4096)
[VT] ESC at 798 next=0x5b (chunk=4096)
[VT] ESC at 817 next=0x5b (chunk=4096)
[VT] ESC at 835 next=0x5b (chunk=4096)
[VT] ESC at 839 next=0x5b (chunk=4096)
[VT] ESC at 845 next=0x5b (chunk=4096)
[VT] ESC at 863 next=0x5b (chunk=4096)
[VT] ESC at 882 next=0x5b (chunk=4096)
[VT] ESC at 886 next=0x5b (chunk=4096)
[VT] ESC at 892 next=0x5b (chunk=4096)
[VT] ESC at 911 next=0x5b (chunk=4096)
[VT] ESC at 1019 next=0x5b (chunk=4096)
[VT] ESC at 1023 next=0x5b (chunk=4096)
[VT] ESC at 1030 next=0x5b (chunk=4096)
[VT] ESC at 1049 next=0x5b (chunk=4096)
[VT] ESC at 1067 next=0x5b (chunk=4096)
[VT] ESC at 1073 next=0x5b (chunk=4096)
[VT] ESC at 1092 next=0x5b (chunk=4096)
[VT] ESC at 1205 next=0x5b (chunk=4096)
[VT] ESC at 1211 next=0x5b (chunk=4096)
[VT] ESC at 1230 next=0x5b (chunk=4096)
[VT] ESC at 1251 next=0x5b (chunk=4096)
[VT] ESC at 1255 next=0x5b (chunk=4096)
[VT] ESC at 1261 next=0x5b (chunk=4096)
[VT] ESC at 1279 next=0x5b (chunk=4096)
[VT] ESC at 1311 next=0x5b (chunk=4096)
[VT] ESC at 1315 next=0x5b (chunk=4096)
[VT] ESC at 1322 next=0x5b (chunk=4096)
[VT] ESC at 1341 next=0x5b (chunk=4096)
[VT] ESC at 1433 next=0x5b (chunk=4096)
[VT] ESC at 1439 next=0x5b (chunk=4096)
[VT] ESC at 1458 next=0x5b (chunk=4096)
[VT] ESC at 1571 next=0x5b (chunk=4096)
[VT] ESC at 1577 next=0x5b (chunk=4096)
[VT] ESC at 1596 next=0x5b (chunk=4096)
[VT] ESC at 1617 next=0x5b (chunk=4096)
[VT] ESC at 1621 next=0x5b (chunk=4096)
[VT] ESC at 1627 next=0x5b (chunk=4096)
[VT] ESC at 1646 next=0x5b (chunk=4096)
[VT] ESC at 1749 next=0x5b (chunk=4096)
[VT] ESC at 1753 next=0x5b (chunk=4096)
[VT] ESC at 1760 next=0x5b (chunk=4096)
[VT] ESC at 1779 next=0x5b (chunk=4096)
[VT] ESC at 1802 next=0x5b (chunk=4096)
[VT] ESC at 1808 next=0x5b (chunk=4096)
[VT] ESC at 1827 next=0x5b (chunk=4096)
[VT] ESC at 1940 next=0x5b (chunk=4096)
[VT] ESC at 1947 next=0x5b (chunk=4096)
[VT] ESC at 1966 next=0x5b (chunk=4096)
[VT] ESC at 1987 next=0x5b (chunk=4096)
[VT] ESC at 1991 next=0x5b (chunk=4096)
[VT] ESC at 1998 next=0x5b (chunk=4096)
[VT] ESC at 2016 next=0x5b (chunk=4096)
[VT] ESC at 2036 next=0x5b (chunk=4096)
[VT] ESC at 2040 next=0x5b (chunk=4096)
[VT] ESC at 2047 next=0x5b (chunk=4096)
[VT] ESC at 2066 next=0x5b (chunk=4096)
[VT] ESC at 2083 next=0x5b (chunk=4096)
[VT] ESC at 2087 next=0x5b (chunk=4096)
[VT] ESC at 2094 next=0x5b (chunk=4096)
[VT] ESC at 2113 next=0x5b (chunk=4096)
[VT] ESC at 2134 next=0x5b (chunk=4096)
[VT] ESC at 2138 next=0x5b (chunk=4096)
[VT] ESC at 2146 next=0x5b (chunk=4096)
[VT] ESC at 2165 next=0x5b (chunk=4096)
[VT] ESC at 2210 next=0x5b (chunk=4096)
[VT] ESC at 2214 next=0x5b (chunk=4096)
[VT] ESC at 2222 next=0x5b (chunk=4096)
[VT] ESC at 2241 next=0x5b (chunk=4096)
[VT] ESC at 2314 next=0x5b (chunk=4096)
[VT] ESC at 2321 next=0x5b (chunk=4096)
[VT] ESC at 2340 next=0x5b (chunk=4096)
[VT] ESC at 2453 next=0x5b (chunk=4096)
[VT] ESC at 2460 next=0x5b (chunk=4096)
[VT] ESC at 2479 next=0x5b (chunk=4096)
[VT] ESC at 2592 next=0x5b (chunk=4096)
[VT] ESC at 2599 next=0x5b (chunk=4096)
[VT] ESC at 2618 next=0x5b (chunk=4096)
[VT] ESC at 2731 next=0x5b (chunk=4096)
[VT] ESC at 2738 next=0x5b (chunk=4096)
[VT] ESC at 2757 next=0x5b (chunk=4096)
[VT] ESC at 2870 next=0x5b (chunk=4096)
[VT] ESC at 2877 next=0x5b (chunk=4096)
[VT] ESC at 2896 next=0x5b (chunk=4096)
[VT] ESC at 3009 next=0x5b (chunk=4096)
[VT] ESC at 3016 next=0x5b (chunk=4096)
[VT] ESC at 3035 next=0x5b (chunk=4096)
[VT] ESC at 3148 next=0x5b (chunk=4096)
[VT] ESC at 3155 next=0x5b (chunk=4096)
[VT] ESC at 3174 next=0x5b (chunk=4096)
[VT] ESC at 3287 next=0x5b (chunk=4096)
[VT] ESC at 3294 next=0x5b (chunk=4096)
[VT] ESC at 3313 next=0x5b (chunk=4096)
[VT] ESC at 3426 next=0x5b (chunk=4096)
[VT] ESC at 3433 next=0x5b (chunk=4096)
[VT] ESC at 3452 next=0x5b (chunk=4096)
[VT] ESC at 3565 next=0x5b (chunk=4096)
[VT] ESC at 3572 next=0x5b (chunk=4096)
[VT] ESC at 3591 next=0x5b (chunk=4096)
[VT] ESC at 3704 next=0x5b (chunk=4096)
[VT] ESC at 3711 next=0x5b (chunk=4096)
[VT] ESC at 3730 next=0x5b (chunk=4096)
[VT] ESC at 3843 next=0x5b (chunk=4096)
[VT] ESC at 3850 next=0x5b (chunk=4096)
[VT] ESC at 3869 next=0x5b (chunk=4096)
[VT] ESC at 3982 next=0x5b (chunk=4096)
[VT] ESC at 3989 next=0x5b (chunk=4096)
[VT] ESC at 4008 next=0x5b (chunk=4096)
[VT] ESC at 25 next=0x5b (chunk=4096)
[VT] ESC at 32 next=0x5b (chunk=4096)
[VT] ESC at 51 next=0x5b (chunk=4096)
[VT] ESC at 164 next=0x5b (chunk=4096)
[VT] ESC at 171 next=0x5b (chunk=4096)
[VT] ESC at 190 next=0x5b (chunk=4096)
[VT] ESC at 303 next=0x5b (chunk=4096)
[VT] ESC at 310 next=0x5b (chunk=4096)
[VT] ESC at 329 next=0x5b (chunk=4096)
[VT] ESC at 442 next=0x5b (chunk=4096)
[VT] ESC at 449 next=0x5b (chunk=4096)
[VT] ESC at 468 next=0x5b (chunk=4096)
[VT] ESC at 581 next=0x5b (chunk=4096)
[VT] ESC at 588 next=0x5b (chunk=4096)
[VT] ESC at 607 next=0x5b (chunk=4096)
[VT] ESC at 720 next=0x5b (chunk=4096)
[VT] ESC at 727 next=0x5b (chunk=4096)
[VT] ESC at 746 next=0x5b (chunk=4096)
[VT] ESC at 859 next=0x5b (chunk=4096)
[VT] ESC at 866 next=0x5b (chunk=4096)
[VT] ESC at 885 next=0x5b (chunk=4096)
[VT] ESC at 998 next=0x5b (chunk=4096)
[VT] ESC at 1005 next=0x5b (chunk=4096)
[VT] ESC at 1024 next=0x5b (chunk=4096)
[VT] ESC at 1137 next=0x5b (chunk=4096)
[VT] ESC at 1144 next=0x5b (chunk=4096)
[VT] ESC at 1163 next=0x5b (chunk=4096)
[VT] ESC at 1276 next=0x5b (chunk=4096)
[VT] ESC at 1283 next=0x5b (chunk=4096)
[VT] ESC at 1302 next=0x5b (chunk=4096)
[VT] ESC at 1415 next=0x5b (chunk=4096)
[VT] ESC at 1422 next=0x5b (chunk=4096)
[VT] ESC at 1441 next=0x5b (chunk=4096)
[VT] ESC at 1554 next=0x5b (chunk=4096)
[VT] ESC at 1561 next=0x5b (chunk=4096)
[VT] ESC at 1580 next=0x5b (chunk=4096)
[VT] ESC at 1693 next=0x5b (chunk=4096)
[VT] ESC at 1700 next=0x5b (chunk=4096)
[VT] ESC at 1719 next=0x5b (chunk=4096)
[VT] ESC at 1832 next=0x5b (chunk=4096)
[VT] ESC at 1839 next=0x5b (chunk=4096)
[VT] ESC at 1858 next=0x5b (chunk=4096)
[VT] ESC at 1971 next=0x5b (chunk=4096)
[VT] ESC at 1978 next=0x5b (chunk=4096)
[VT] ESC at 1997 next=0x5b (chunk=4096)
[VT] ESC at 2110 next=0x5b (chunk=4096)
[VT] ESC at 2117 next=0x5b (chunk=4096)
[VT] ESC at 2136 next=0x5b (chunk=4096)
[VT] ESC at 2249 next=0x5b (chunk=4096)
[VT] ESC at 2256 next=0x5b (chunk=4096)
[VT] ESC at 2275 next=0x5b (chunk=4096)
[VT] ESC at 2388 next=0x5b (chunk=4096)
[VT] ESC at 2395 next=0x5b (chunk=4096)
[VT] ESC at 2414 next=0x5b (chunk=4096)
[VT] ESC at 2527 next=0x5b (chunk=4096)
[VT] ESC at 2534 next=0x5b (chunk=4096)
[VT] ESC at 2553 next=0x5b (chunk=4096)
[VT] ESC at 2666 next=0x5b (chunk=4096)
[VT] ESC at 2673 next=0x5b (chunk=4096)
[VT] ESC at 2692 next=0x5b (chunk=4096)
[VT] ESC at 2805 next=0x5b (chunk=4096)
[VT] ESC at 2812 next=0x5b (chunk=4096)
[VT] ESC at 2831 next=0x5b (chunk=4096)
[VT] ESC at 2944 next=0x5b (chunk=4096)
[VT] ESC at 2951 next=0x5b (chunk=4096)
[VT] ESC at 2970 next=0x5b (chunk=4096)
[VT] ESC at 3083 next=0x5b (chunk=4096)
[VT] ESC at 3090 next=0x5b (chunk=4096)
[VT] ESC at 3109 next=0x5b (chunk=4096)
[VT] ESC at 3127 next=0x5b (chunk=4096)
[VT] ESC at 3131 next=0x5b (chunk=4096)
[VT] ESC at 3138 next=0x5b (chunk=4096)
[VT] ESC at 3156 next=0x5b (chunk=4096)
[VT] ESC at 3175 next=0x5b (chunk=4096)
[VT] ESC at 3179 next=0x5b (chunk=4096)
[VT] ESC at 3186 next=0x5b (chunk=4096)
[VT] ESC at 3205 next=0x5b (chunk=4096)
[VT] ESC at 3313 next=0x5b (chunk=4096)
[VT] ESC at 3317 next=0x5b (chunk=4096)
[VT] ESC at 3325 next=0x5b (chunk=4096)
[VT] ESC at 3344 next=0x5b (chunk=4096)
[VT] ESC at 3362 next=0x5b (chunk=4096)
[VT] ESC at 3369 next=0x5b (chunk=4096)
[VT] ESC at 3388 next=0x5b (chunk=4096)
[VT] ESC at 3406 next=0x5b (chunk=4096)
[VT] ESC at 3410 next=0x5b (chunk=4096)
[VT] ESC at 3417 next=0x5b (chunk=4096)
[VT] ESC at 3435 next=0x5b (chunk=4096)
[VT] ESC at 3454 next=0x5b (chunk=4096)
[VT] ESC at 3458 next=0x5b (chunk=4096)
[VT] ESC at 3465 next=0x5b (chunk=4096)
[VT] ESC at 3484 next=0x5b (chunk=4096)
[VT] ESC at 3592 next=0x5b (chunk=4096)
[VT] ESC at 3596 next=0x5b (chunk=4096)
[VT] ESC at 3604 next=0x5b (chunk=4096)
[VT] ESC at 3623 next=0x5b (chunk=4096)
[VT] ESC at 3641 next=0x5b (chunk=4096)
[VT] ESC at 3648 next=0x5b (chunk=4096)
[VT] ESC at 3667 next=0x5b (chunk=4096)
[VT] ESC at 3685 next=0x5b (chunk=4096)
[VT] ESC at 3689 next=0x5b (chunk=4096)
[VT] ESC at 3696 next=0x5b (chunk=4096)
[VT] ESC at 3714 next=0x5b (chunk=4096)
[VT] ESC at 3733 next=0x5b (chunk=4096)
[VT] ESC at 3737 next=0x5b (chunk=4096)
[VT] ESC at 3744 next=0x5b (chunk=4096)
[VT] ESC at 3763 next=0x5b (chunk=4096)
[VT] ESC at 3871 next=0x5b (chunk=4096)
[VT] ESC at 3875 next=0x5b (chunk=4096)
[VT] ESC at 3883 next=0x5b (chunk=4096)
[VT] ESC at 3902 next=0x5b (chunk=4096)
[VT] ESC at 3920 next=0x5b (chunk=4096)
[VT] ESC at 3927 next=0x5b (chunk=4096)
[VT] ESC at 3946 next=0x5b (chunk=4096)
[VT] ESC at 3964 next=0x5b (chunk=4096)
[VT] ESC at 3968 next=0x5b (chunk=4096)
[VT] ESC at 3975 next=0x5b (chunk=4096)
[VT] ESC at 3993 next=0x5b (chunk=4096)
[VT] ESC at 4012 next=0x5b (chunk=4096)
[VT] ESC at 4016 next=0x5b (chunk=4096)
[VT] ESC at 4023 next=0x5b (chunk=4096)
[VT] ESC at 4042 next=0x5b (chunk=4096)
[VT] ESC at 4060 next=0x5b (chunk=4096)
[VT] ESC at 4064 next=0x5b (chunk=4096)
[VT] ESC at 4071 next=0x5b (chunk=4096)
[VT] ESC at 4089 next=0x5b (chunk=4096)
[VT] ESC at 14 next=0x5b (chunk=1477)
[VT] ESC at 18 next=0x5b (chunk=1477)
[VT] ESC at 26 next=0x5b (chunk=1477)
[VT] ESC at 45 next=0x5b (chunk=1477)
[VT] ESC at 62 next=0x5b (chunk=1477)
[VT] ESC at 66 next=0x5b (chunk=1477)
[VT] ESC at 74 next=0x5b (chunk=1477)
[VT] ESC at 93 next=0x5b (chunk=1477)
[VT] ESC at 111 next=0x5b (chunk=1477)
[VT] ESC at 115 next=0x5b (chunk=1477)
[VT] ESC at 123 next=0x5b (chunk=1477)
[VT] ESC at 142 next=0x5b (chunk=1477)
[VT] ESC at 159 next=0x5b (chunk=1477)
[VT] ESC at 163 next=0x5b (chunk=1477)
[VT] ESC at 171 next=0x5b (chunk=1477)
[VT] ESC at 190 next=0x5b (chunk=1477)
[VT] ESC at 223 next=0x5b (chunk=1477)
[VT] ESC at 227 next=0x5b (chunk=1477)
[VT] ESC at 235 next=0x5b (chunk=1477)
[VT] ESC at 254 next=0x5b (chunk=1477)
[VT] ESC at 271 next=0x5b (chunk=1477)
[VT] ESC at 275 next=0x5b (chunk=1477)
[VT] ESC at 283 next=0x5b (chunk=1477)
[VT] ESC at 302 next=0x5b (chunk=1477)
[VT] ESC at 329 next=0x5b (chunk=1477)
[VT] ESC at 333 next=0x5b (chunk=1477)
[VT] ESC at 341 next=0x5b (chunk=1477)
[VT] ESC at 360 next=0x5b (chunk=1477)
[VT] ESC at 429 next=0x5b (chunk=1477)
[VT] ESC at 433 next=0x5b (chunk=1477)
[VT] ESC at 441 next=0x5b (chunk=1477)
[VT] ESC at 460 next=0x5b (chunk=1477)
[VT] ESC at 478 next=0x5b (chunk=1477)
[VT] ESC at 485 next=0x5b (chunk=1477)
[VT] ESC at 504 next=0x5b (chunk=1477)
[VT] ESC at 522 next=0x5b (chunk=1477)
[VT] ESC at 526 next=0x5b (chunk=1477)
[VT] ESC at 533 next=0x5b (chunk=1477)
[VT] ESC at 551 next=0x5b (chunk=1477)
[VT] ESC at 570 next=0x5b (chunk=1477)
[VT] ESC at 574 next=0x5b (chunk=1477)
[VT] ESC at 581 next=0x5b (chunk=1477)
[VT] ESC at 597 next=0x5b (chunk=1477)
[VT] ESC at 889 next=0x5b (chunk=1477)
[VT] ESC at 893 next=0x5b (chunk=1477)
[VT] ESC at 901 next=0x5b (chunk=1477)
[VT] ESC at 920 next=0x5b (chunk=1477)
[VT] ESC at 938 next=0x5b (chunk=1477)
[VT] ESC at 945 next=0x5b (chunk=1477)
[VT] ESC at 964 next=0x5b (chunk=1477)
[VT] ESC at 1040 next=0x5b (chunk=1477)
[VT] ESC at 1044 next=0x5b (chunk=1477)
[VT] ESC at 1052 next=0x5b (chunk=1477)
[VT] ESC at 1071 next=0x5b (chunk=1477)
[VT] ESC at 1106 next=0x5b (chunk=1477)
[VT] ESC at 1110 next=0x5b (chunk=1477)
[VT] ESC at 1118 next=0x5b (chunk=1477)
[VT] ESC at 1137 next=0x5b (chunk=1477)
[VT] ESC at 1155 next=0x5b (chunk=1477)
[VT] ESC at 1159 next=0x5b (chunk=1477)
[VT] ESC at 1167 next=0x5b (chunk=1477)
[VT] ESC at 1186 next=0x5b (chunk=1477)
[VT] ESC at 1209 next=0x5b (chunk=1477)
[VT] ESC at 1213 next=0x5b (chunk=1477)
[VT] ESC at 1221 next=0x5b (chunk=1477)
[VT] ESC at 1240 next=0x5b (chunk=1477)
[VT] ESC at 1264 next=0x5b (chunk=1477)
[VT] ESC at 1268 next=0x5b (chunk=1477)
[VT] ESC at 1276 next=0x5b (chunk=1477)
[VT] ESC at 1295 next=0x5b (chunk=1477)
[VT] ESC at 1313 next=0x5b (chunk=1477)
[VT] ESC at 1320 next=0x5b (chunk=1477)
[VT] ESC at 1339 next=0x5b (chunk=1477)
[VT] ESC at 1452 next=0x5b (chunk=1477)
[VT] ESC at 1456 next=0x5b (chunk=1477)
[VT] ESC at 1463 next=0x5b (chunk=1477)
[VT] ESC at 1469 next=0x5b (chunk=1477)
[VT] ESC at 0 next=0x5b (chunk=4)
[VT] ESC at 0 next=0x5b (chunk=7)
[VT] ESC at 0 next=0x5b (chunk=4)
[VT] ESC at 0 next=0x5b (chunk=7)
[VT] ESC at 0 next=0x5b (chunk=4)
[VT] ESC at 0 next=0x5b (chunk=7)
[VT] ESC at 0 next=0x5b (chunk=5)
[VT] ESC at 0 next=0x5b (chunk=4096)
[VT] ESC at 8 next=0x5b (chunk=4096)
[VT] ESC at 14 next=0x5b (chunk=4096)
[VT] ESC at 20 next=0x5b (chunk=4096)
[VT] ESC at 39 next=0x5b (chunk=4096)
[VT] ESC at 150 next=0x5b (chunk=4096)
[VT] ESC at 156 next=0x5b (chunk=4096)
[VT] ESC at 175 next=0x5b (chunk=4096)
[VT] ESC at 193 next=0x5b (chunk=4096)
[VT] ESC at 197 next=0x5b (chunk=4096)
[VT] ESC at 203 next=0x5b (chunk=4096)
[VT] ESC at 221 next=0x5b (chunk=4096)
[VT] ESC at 240 next=0x5b (chunk=4096)
[VT] ESC at 244 next=0x5b (chunk=4096)
[VT] ESC at 250 next=0x5b (chunk=4096)
[VT] ESC at 269 next=0x5b (chunk=4096)
[VT] ESC at 375 next=0x5b (chunk=4096)
[VT] ESC at 379 next=0x5b (chunk=4096)
[VT] ESC at 386 next=0x5b (chunk=4096)
[VT] ESC at 405 next=0x5b (chunk=4096)
[VT] ESC at 423 next=0x5b (chunk=4096)
[VT] ESC at 429 next=0x5b (chunk=4096)
[VT] ESC at 448 next=0x5b (chunk=4096)
[VT] ESC at 466 next=0x5b (chunk=4096)
[VT] ESC at 470 next=0x5b (chunk=4096)
[VT] ESC at 476 next=0x5b (chunk=4096)
[VT] ESC at 494 next=0x5b (chunk=4096)
[VT] ESC at 513 next=0x5b (chunk=4096)
[VT] ESC at 517 next=0x5b (chunk=4096)
[VT] ESC at 523 next=0x5b (chunk=4096)
[VT] ESC at 542 next=0x5b (chunk=4096)
[VT] ESC at 560 next=0x5b (chunk=4096)
[VT] ESC at 564 next=0x5b (chunk=4096)
[VT] ESC at 570 next=0x5b (chunk=4096)
[VT] ESC at 589 next=0x5b (chunk=4096)
[VT] ESC at 606 next=0x5b (chunk=4096)
[VT] ESC at 610 next=0x5b (chunk=4096)
[VT] ESC at 616 next=0x5b (chunk=4096)
[VT] ESC at 635 next=0x5b (chunk=4096)
[VT] ESC at 738 next=0x5b (chunk=4096)
[VT] ESC at 742 next=0x5b (chunk=4096)
[VT] ESC at 749 next=0x5b (chunk=4096)
[VT] ESC at 768 next=0x5b (chunk=4096)
[VT] ESC at 786 next=0x5b (chunk=4096)
[VT] ESC at 792 next=0x5b (chunk=4096)
[VT] ESC at 811 next=0x5b (chunk=4096)
[VT] ESC at 829 next=0x5b (chunk=4096)
[VT] ESC at 833 next=0x5b (chunk=4096)
[VT] ESC at 839 next=0x5b (chunk=4096)
[VT] ESC at 857 next=0x5b (chunk=4096)
[VT] ESC at 876 next=0x5b (chunk=4096)
[VT] ESC at 880 next=0x5b (chunk=4096)
[VT] ESC at 886 next=0x5b (chunk=4096)
[VT] ESC at 905 next=0x5b (chunk=4096)
[VT] ESC at 1011 next=0x5b (chunk=4096)
[VT] ESC at 1015 next=0x5b (chunk=4096)
[VT] ESC at 1022 next=0x5b (chunk=4096)
[VT] ESC at 1041 next=0x5b (chunk=4096)
[VT] ESC at 1059 next=0x5b (chunk=4096)
[VT] ESC at 1065 next=0x5b (chunk=4096)
[VT] ESC at 1084 next=0x5b (chunk=4096)
[VT] ESC at 1195 next=0x5b (chunk=4096)
[VT] ESC at 1201 next=0x5b (chunk=4096)
[VT] ESC at 1220 next=0x5b (chunk=4096)
[VT] ESC at 1241 next=0x5b (chunk=4096)
[VT] ESC at 1245 next=0x5b (chunk=4096)
[VT] ESC at 1251 next=0x5b (chunk=4096)
[VT] ESC at 1269 next=0x5b (chunk=4096)
[VT] ESC at 1301 next=0x5b (chunk=4096)
[VT] ESC at 1305 next=0x5b (chunk=4096)
[VT] ESC at 1312 next=0x5b (chunk=4096)
[VT] ESC at 1331 next=0x5b (chunk=4096)
[VT] ESC at 1421 next=0x5b (chunk=4096)
[VT] ESC at 1427 next=0x5b (chunk=4096)
[VT] ESC at 1446 next=0x5b (chunk=4096)
[VT] ESC at 1557 next=0x5b (chunk=4096)
[VT] ESC at 1563 next=0x5b (chunk=4096)
[VT] ESC at 1582 next=0x5b (chunk=4096)
[VT] ESC at 1603 next=0x5b (chunk=4096)
[VT] ESC at 1607 next=0x5b (chunk=4096)
[VT] ESC at 1613 next=0x5b (chunk=4096)
[VT] ESC at 1632 next=0x5b (chunk=4096)
[VT] ESC at 1735 next=0x5b (chunk=4096)
[VT] ESC at 1739 next=0x5b (chunk=4096)
[VT] ESC at 1746 next=0x5b (chunk=4096)
[VT] ESC at 1765 next=0x5b (chunk=4096)
[VT] ESC at 1786 next=0x5b (chunk=4096)
[VT] ESC at 1792 next=0x5b (chunk=4096)
[VT] ESC at 1811 next=0x5b (chunk=4096)
[VT] ESC at 1922 next=0x5b (chunk=4096)
[VT] ESC at 1929 next=0x5b (chunk=4096)
[VT] ESC at 1948 next=0x5b (chunk=4096)
[VT] ESC at 1969 next=0x5b (chunk=4096)
[VT] ESC at 1973 next=0x5b (chunk=4096)
[VT] ESC at 1980 next=0x5b (chunk=4096)
[VT] ESC at 1998 next=0x5b (chunk=4096)
[VT] ESC at 2018 next=0x5b (chunk=4096)
[VT] ESC at 2022 next=0x5b (chunk=4096)
[VT] ESC at 2029 next=0x5b (chunk=4096)
[VT] ESC at 2048 next=0x5b (chunk=4096)
[VT] ESC at 2065 next=0x5b (chunk=4096)
[VT] ESC at 2069 next=0x5b (chunk=4096)
[VT] ESC at 2076 next=0x5b (chunk=4096)
[VT] ESC at 2095 next=0x5b (chunk=4096)
[VT] ESC at 2116 next=0x5b (chunk=4096)
[VT] ESC at 2120 next=0x5b (chunk=4096)
[VT] ESC at 2128 next=0x5b (chunk=4096)
[VT] ESC at 2147 next=0x5b (chunk=4096)
[VT] ESC at 2192 next=0x5b (chunk=4096)
[VT] ESC at 2196 next=0x5b (chunk=4096)
[VT] ESC at 2204 next=0x5b (chunk=4096)
[VT] ESC at 2223 next=0x5b (chunk=4096)
[VT] ESC at 2294 next=0x5b (chunk=4096)
[VT] ESC at 2301 next=0x5b (chunk=4096)
[VT] ESC at 2320 next=0x5b (chunk=4096)
[VT] ESC at 2431 next=0x5b (chunk=4096)
[VT] ESC at 2438 next=0x5b (chunk=4096)
[VT] ESC at 2457 next=0x5b (chunk=4096)
[VT] ESC at 2568 next=0x5b (chunk=4096)
[VT] ESC at 2575 next=0x5b (chunk=4096)
[VT] ESC at 2594 next=0x5b (chunk=4096)
[VT] ESC at 2705 next=0x5b (chunk=4096)
[VT] ESC at 2712 next=0x5b (chunk=4096)
[VT] ESC at 2731 next=0x5b (chunk=4096)
[VT] ESC at 2842 next=0x5b (chunk=4096)
[VT] ESC at 2849 next=0x5b (chunk=4096)
[VT] ESC at 2868 next=0x5b (chunk=4096)
[VT] ESC at 2979 next=0x5b (chunk=4096)
[VT] ESC at 2986 next=0x5b (chunk=4096)
[VT] ESC at 3005 next=0x5b (chunk=4096)
[VT] ESC at 3116 next=0x5b (chunk=4096)
[VT] ESC at 3123 next=0x5b (chunk=4096)
[VT] ESC at 3142 next=0x5b (chunk=4096)
[VT] ESC at 3253 next=0x5b (chunk=4096)
[VT] ESC at 3260 next=0x5b (chunk=4096)
[VT] ESC at 3279 next=0x5b (chunk=4096)
[VT] ESC at 3390 next=0x5b (chunk=4096)
[VT] ESC at 3397 next=0x5b (chunk=4096)
[VT] ESC at 3416 next=0x5b (chunk=4096)
[VT] ESC at 3527 next=0x5b (chunk=4096)
[VT] ESC at 3534 next=0x5b (chunk=4096)
[VT] ESC at 3553 next=0x5b (chunk=4096)
[VT] ESC at 3664 next=0x5b (chunk=4096)
[VT] ESC at 3671 next=0x5b (chunk=4096)
[VT] ESC at 3690 next=0x5b (chunk=4096)
[VT] ESC at 3801 next=0x5b (chunk=4096)
[VT] ESC at 3808 next=0x5b (chunk=4096)
[VT] ESC at 3827 next=0x5b (chunk=4096)
[VT] ESC at 3938 next=0x5b (chunk=4096)
[VT] ESC at 3945 next=0x5b (chunk=4096)
[VT] ESC at 3964 next=0x5b (chunk=4096)
[VT] ESC at 4075 next=0x5b (chunk=4096)
[VT] ESC at 4082 next=0x5b (chunk=4096)
[VT] ESC at 5 next=0x5b (chunk=4096)
[VT] ESC at 116 next=0x5b (chunk=4096)
[VT] ESC at 123 next=0x5b (chunk=4096)
[VT] ESC at 142 next=0x5b (chunk=4096)
[VT] ESC at 253 next=0x5b (chunk=4096)
[VT] ESC at 260 next=0x5b (chunk=4096)
[VT] ESC at 279 next=0x5b (chunk=4096)
[VT] ESC at 390 next=0x5b (chunk=4096)
[VT] ESC at 397 next=0x5b (chunk=4096)
[VT] ESC at 416 next=0x5b (chunk=4096)
[VT] ESC at 527 next=0x5b (chunk=4096)
[VT] ESC at 534 next=0x5b (chunk=4096)
[VT] ESC at 553 next=0x5b (chunk=4096)
[VT] ESC at 664 next=0x5b (chunk=4096)
[VT] ESC at 671 next=0x5b (chunk=4096)
[VT] ESC at 690 next=0x5b (chunk=4096)
[VT] ESC at 801 next=0x5b (chunk=4096)
[VT] ESC at 808 next=0x5b (chunk=4096)
[VT] ESC at 827 next=0x5b (chunk=4096)
[VT] ESC at 938 next=0x5b (chunk=4096)
[VT] ESC at 945 next=0x5b (chunk=4096)
[VT] ESC at 964 next=0x5b (chunk=4096)
[VT] ESC at 1075 next=0x5b (chunk=4096)
[VT] ESC at 1082 next=0x5b (chunk=4096)
[VT] ESC at 1101 next=0x5b (chunk=4096)
[VT] ESC at 1212 next=0x5b (chunk=4096)
[VT] ESC at 1219 next=0x5b (chunk=4096)
[VT] ESC at 1238 next=0x5b (chunk=4096)
[VT] ESC at 1349 next=0x5b (chunk=4096)
[VT] ESC at 1356 next=0x5b (chunk=4096)
[VT] ESC at 1375 next=0x5b (chunk=4096)
[VT] ESC at 1486 next=0x5b (chunk=4096)
[VT] ESC at 1493 next=0x5b (chunk=4096)
[VT] ESC at 1512 next=0x5b (chunk=4096)
[VT] ESC at 1623 next=0x5b (chunk=4096)
[VT] ESC at 1630 next=0x5b (chunk=4096)
[VT] ESC at 1649 next=0x5b (chunk=4096)
[VT] ESC at 1760 next=0x5b (chunk=4096)
[VT] ESC at 1767 next=0x5b (chunk=4096)
[VT] ESC at 1786 next=0x5b (chunk=4096)
[VT] ESC at 1897 next=0x5b (chunk=4096)
[VT] ESC at 1904 next=0x5b (chunk=4096)
[VT] ESC at 1923 next=0x5b (chunk=4096)
[VT] ESC at 2034 next=0x5b (chunk=4096)
[VT] ESC at 2041 next=0x5b (chunk=4096)
[VT] ESC at 2060 next=0x5b (chunk=4096)
[VT] ESC at 2171 next=0x5b (chunk=4096)
[VT] ESC at 2178 next=0x5b (chunk=4096)
[VT] ESC at 2197 next=0x5b (chunk=4096)
[VT] ESC at 2308 next=0x5b (chunk=4096)
[VT] ESC at 2315 next=0x5b (chunk=4096)
[VT] ESC at 2334 next=0x5b (chunk=4096)
[VT] ESC at 2445 next=0x5b (chunk=4096)
[VT] ESC at 2452 next=0x5b (chunk=4096)
[VT] ESC at 2471 next=0x5b (chunk=4096)
[VT] ESC at 2582 next=0x5b (chunk=4096)
[VT] ESC at 2589 next=0x5b (chunk=4096)
[VT] ESC at 2608 next=0x5b (chunk=4096)
[VT] ESC at 2719 next=0x5b (chunk=4096)
[VT] ESC at 2726 next=0x5b (chunk=4096)
[VT] ESC at 2745 next=0x5b (chunk=4096)
[VT] ESC at 2856 next=0x5b (chunk=4096)
[VT] ESC at 2863 next=0x5b (chunk=4096)
[VT] ESC at 2882 next=0x5b (chunk=4096)
[VT] ESC at 2900 next=0x5b (chunk=4096)
[VT] ESC at 2904 next=0x5b (chunk=4096)
[VT] ESC at 2911 next=0x5b (chunk=4096)
[VT] ESC at 2929 next=0x5b (chunk=4096)
[VT] ESC at 2948 next=0x5b (chunk=4096)
[VT] ESC at 2952 next=0x5b (chunk=4096)
[VT] ESC at 2959 next=0x5b (chunk=4096)
[VT] ESC at 2978 next=0x5b (chunk=4096)
[VT] ESC at 3084 next=0x5b (chunk=4096)
[VT] ESC at 3088 next=0x5b (chunk=4096)
[VT] ESC at 3096 next=0x5b (chunk=4096)
[VT] ESC at 3115 next=0x5b (chunk=4096)
[VT] ESC at 3133 next=0x5b (chunk=4096)
[VT] ESC at 3140 next=0x5b (chunk=4096)
[VT] ESC at 3159 next=0x5b (chunk=4096)
[VT] ESC at 3177 next=0x5b (chunk=4096)
[VT] ESC at 3181 next=0x5b (chunk=4096)
[VT] ESC at 3188 next=0x5b (chunk=4096)
[VT] ESC at 3206 next=0x5b (chunk=4096)
[VT] ESC at 3225 next=0x5b (chunk=4096)
[VT] ESC at 3229 next=0x5b (chunk=4096)
[VT] ESC at 3236 next=0x5b (chunk=4096)
[VT] ESC at 3255 next=0x5b (chunk=4096)
[VT] ESC at 3361 next=0x5b (chunk=4096)
[VT] ESC at 3365 next=0x5b (chunk=4096)
[VT] ESC at 3373 next=0x5b (chunk=4096)
[VT] ESC at 3392 next=0x5b (chunk=4096)
[VT] ESC at 3410 next=0x5b (chunk=4096)
[VT] ESC at 3417 next=0x5b (chunk=4096)
[VT] ESC at 3436 next=0x5b (chunk=4096)
[VT] ESC at 3454 next=0x5b (chunk=4096)
[VT] ESC at 3458 next=0x5b (chunk=4096)
[VT] ESC at 3465 next=0x5b (chunk=4096)
[VT] ESC at 3483 next=0x5b (chunk=4096)
[VT] ESC at 3502 next=0x5b (chunk=4096)
[VT] ESC at 3506 next=0x5b (chunk=4096)
[VT] ESC at 3513 next=0x5b (chunk=4096)
[VT] ESC at 3532 next=0x5b (chunk=4096)
[VT] ESC at 3638 next=0x5b (chunk=4096)
[VT] ESC at 3642 next=0x5b (chunk=4096)
[VT] ESC at 3650 next=0x5b (chunk=4096)
[VT] ESC at 3669 next=0x5b (chunk=4096)
[VT] ESC at 3687 next=0x5b (chunk=4096)
[VT] ESC at 3694 next=0x5b (chunk=4096)
[VT] ESC at 3713 next=0x5b (chunk=4096)
[VT] ESC at 3731 next=0x5b (chunk=4096)
[VT] ESC at 3735 next=0x5b (chunk=4096)
[VT] ESC at 3742 next=0x5b (chunk=4096)
[VT] ESC at 3760 next=0x5b (chunk=4096)
[VT] ESC at 3779 next=0x5b (chunk=4096)
[VT] ESC at 3783 next=0x5b (chunk=4096)
[VT] ESC at 3790 next=0x5b (chunk=4096)
[VT] ESC at 3809 next=0x5b (chunk=4096)
[VT] ESC at 3827 next=0x5b (chunk=4096)
[VT] ESC at 3831 next=0x5b (chunk=4096)
[VT] ESC at 3838 next=0x5b (chunk=4096)
[VT] ESC at 3856 next=0x5b (chunk=4096)
[VT] ESC at 3877 next=0x5b (chunk=4096)
[VT] ESC at 3881 next=0x5b (chunk=4096)
[VT] ESC at 3889 next=0x5b (chunk=4096)
[VT] ESC at 3908 next=0x5b (chunk=4096)
[VT] ESC at 3925 next=0x5b (chunk=4096)
[VT] ESC at 3929 next=0x5b (chunk=4096)
[VT] ESC at 3937 next=0x5b (chunk=4096)
[VT] ESC at 3956 next=0x5b (chunk=4096)
[VT] ESC at 3974 next=0x5b (chunk=4096)
[VT] ESC at 3978 next=0x5b (chunk=4096)
[VT] ESC at 3986 next=0x5b (chunk=4096)
[VT] ESC at 4005 next=0x5b (chunk=4096)
[VT] ESC at 4022 next=0x5b (chunk=4096)
[VT] ESC at 4026 next=0x5b (chunk=4096)
[VT] ESC at 4034 next=0x5b (chunk=4096)
[VT] ESC at 4053 next=0x5b (chunk=4096)
[VT] ESC at 4086 next=0x5b (chunk=4096)
[VT] ESC at 4090 next=0x5b (chunk=4096)
[VT] ESC at 2 next=0x5b (chunk=1232)
[VT] ESC at 21 next=0x5b (chunk=1232)
[VT] ESC at 38 next=0x5b (chunk=1232)
[VT] ESC at 42 next=0x5b (chunk=1232)
[VT] ESC at 50 next=0x5b (chunk=1232)
[VT] ESC at 69 next=0x5b (chunk=1232)
[VT] ESC at 96 next=0x5b (chunk=1232)
[VT] ESC at 100 next=0x5b (chunk=1232)
[VT] ESC at 108 next=0x5b (chunk=1232)
[VT] ESC at 127 next=0x5b (chunk=1232)
[VT] ESC at 194 next=0x5b (chunk=1232)
[VT] ESC at 198 next=0x5b (chunk=1232)
[VT] ESC at 206 next=0x5b (chunk=1232)
[VT] ESC at 225 next=0x5b (chunk=1232)
[VT] ESC at 243 next=0x5b (chunk=1232)
[VT] ESC at 250 next=0x5b (chunk=1232)
[VT] ESC at 269 next=0x5b (chunk=1232)
[VT] ESC at 287 next=0x5b (chunk=1232)
[VT] ESC at 291 next=0x5b (chunk=1232)
[VT] ESC at 298 next=0x5b (chunk=1232)
[VT] ESC at 316 next=0x5b (chunk=1232)
[VT] ESC at 335 next=0x5b (chunk=1232)
[VT] ESC at 339 next=0x5b (chunk=1232)
[VT] ESC at 346 next=0x5b (chunk=1232)
[VT] ESC at 362 next=0x5b (chunk=1232)
[VT] ESC at 648 next=0x5b (chunk=1232)
[VT] ESC at 652 next=0x5b (chunk=1232)
[VT] ESC at 660 next=0x5b (chunk=1232)
[VT] ESC at 679 next=0x5b (chunk=1232)
[VT] ESC at 697 next=0x5b (chunk=1232)
[VT] ESC at 704 next=0x5b (chunk=1232)
[VT] ESC at 723 next=0x5b (chunk=1232)
[VT] ESC at 797 next=0x5b (chunk=1232)
[VT] ESC at 801 next=0x5b (chunk=1232)
[VT] ESC at 809 next=0x5b (chunk=1232)
[VT] ESC at 828 next=0x5b (chunk=1232)
[VT] ESC at 863 next=0x5b (chunk=1232)
[VT] ESC at 867 next=0x5b (chunk=1232)
[VT] ESC at 875 next=0x5b (chunk=1232)
[VT] ESC at 894 next=0x5b (chunk=1232)
[VT] ESC at 912 next=0x5b (chunk=1232)
[VT] ESC at 916 next=0x5b (chunk=1232)
[VT] ESC at 924 next=0x5b (chunk=1232)
[VT] ESC at 943 next=0x5b (chunk=1232)
[VT] ESC at 966 next=0x5b (chunk=1232)
[VT] ESC at 970 next=0x5b (chunk=1232)
[VT] ESC at 978 next=0x5b (chunk=1232)
[VT] ESC at 997 next=0x5b (chunk=1232)
[VT] ESC at 1021 next=0x5b (chunk=1232)
[VT] ESC at 1025 next=0x5b (chunk=1232)
[VT] ESC at 1033 next=0x5b (chunk=1232)
[VT] ESC at 1052 next=0x5b (chunk=1232)
[VT] ESC at 1070 next=0x5b (chunk=1232)
[VT] ESC at 1077 next=0x5b (chunk=1232)
[VT] ESC at 1096 next=0x5b (chunk=1232)
[VT] ESC at 1207 next=0x5b (chunk=1232)
[VT] ESC at 1211 next=0x5b (chunk=1232)
[VT] ESC at 1218 next=0x5b (chunk=1232)
[VT] ESC at 1224 next=0x5b (chunk=1232)
[VT] ESC at 0 next=0x5b (chunk=4)
[VT] ESC at 0 next=0x5b (chunk=7)
[VT] ESC at 0 next=0x5b (chunk=4)
[VT] ESC at 0 next=0x5b (chunk=7)
[VT] ESC at 0 next=0x5b (chunk=5)
[VT] ESC at 0 next=0x5b (chunk=4096)
[VT] ESC at 8 next=0x5b (chunk=4096)
[VT] ESC at 14 next=0x5b (chunk=4096)
[VT] ESC at 20 next=0x5b (chunk=4096)
[VT] ESC at 39 next=0x5b (chunk=4096)
[VT] ESC at 152 next=0x5b (chunk=4096)
[VT] ESC at 158 next=0x5b (chunk=4096)
[VT] ESC at 177 next=0x5b (chunk=4096)
[VT] ESC at 195 next=0x5b (chunk=4096)
[VT] ESC at 199 next=0x5b (chunk=4096)
[VT] ESC at 205 next=0x5b (chunk=4096)
[VT] ESC at 223 next=0x5b (chunk=4096)
[VT] ESC at 242 next=0x5b (chunk=4096)
[VT] ESC at 246 next=0x5b (chunk=4096)
[VT] ESC at 252 next=0x5b (chunk=4096)
[VT] ESC at 271 next=0x5b (chunk=4096)
[VT] ESC at 379 next=0x5b (chunk=4096)
[VT] ESC at 383 next=0x5b (chunk=4096)
[VT] ESC at 390 next=0x5b (chunk=4096)
[VT] ESC at 409 next=0x5b (chunk=4096)
[VT] ESC at 427 next=0x5b (chunk=4096)
[VT] ESC at 433 next=0x5b (chunk=4096)
[VT] ESC at 452 next=0x5b (chunk=4096)
[VT] ESC at 470 next=0x5b (chunk=4096)
[VT] ESC at 474 next=0x5b (chunk=4096)
[VT] ESC at 480 next=0x5b (chunk=4096)
[VT] ESC at 498 next=0x5b (chunk=4096)
[VT] ESC at 517 next=0x5b (chunk=4096)
[VT] ESC at 521 next=0x5b (chunk=4096)
[VT] ESC at 527 next=0x5b (chunk=4096)
[VT] ESC at 546 next=0x5b (chunk=4096)
[VT] ESC at 564 next=0x5b (chunk=4096)
[VT] ESC at 568 next=0x5b (chunk=4096)
[VT] ESC at 574 next=0x5b (chunk=4096)
[VT] ESC at 593 next=0x5b (chunk=4096)
[VT] ESC at 610 next=0x5b (chunk=4096)
[VT] ESC at 614 next=0x5b (chunk=4096)
[VT] ESC at 620 next=0x5b (chunk=4096)
[VT] ESC at 639 next=0x5b (chunk=4096)
[VT] ESC at 744 next=0x5b (chunk=4096)
[VT] ESC at 748 next=0x5b (chunk=4096)
[VT] ESC at 755 next=0x5b (chunk=4096)
[VT] ESC at 774 next=0x5b (chunk=4096)
[VT] ESC at 792 next=0x5b (chunk=4096)
[VT] ESC at 798 next=0x5b (chunk=4096)
[VT] ESC at 817 next=0x5b (chunk=4096)
[VT] ESC at 835 next=0x5b (chunk=4096)
[VT] ESC at 839 next=0x5b (chunk=4096)
[VT] ESC at 845 next=0x5b (chunk=4096)
[VT] ESC at 863 next=0x5b (chunk=4096)
[VT] ESC at 882 next=0x5b (chunk=4096)
[VT] ESC at 886 next=0x5b (chunk=4096)
[VT] ESC at 892 next=0x5b (chunk=4096)
[VT] ESC at 911 next=0x5b (chunk=4096)
[VT] ESC at 1019 next=0x5b (chunk=4096)
[VT] ESC at 1023 next=0x5b (chunk=4096)
[VT] ESC at 1030 next=0x5b (chunk=4096)
[VT] ESC at 1049 next=0x5b (chunk=4096)
[VT] ESC at 1067 next=0x5b (chunk=4096)
[VT] ESC at 1073 next=0x5b (chunk=4096)
[VT] ESC at 1092 next=0x5b (chunk=4096)
[VT] ESC at 1205 next=0x5b (chunk=4096)
[VT] ESC at 1211 next=0x5b (chunk=4096)
[VT] ESC at 1230 next=0x5b (chunk=4096)
[VT] ESC at 1251 next=0x5b (chunk=4096)
[VT] ESC at 1255 next=0x5b (chunk=4096)
[VT] ESC at 1261 next=0x5b (chunk=4096)
[VT] ESC at 1279 next=0x5b (chunk=4096)
[VT] ESC at 1311 next=0x5b (chunk=4096)
[VT] ESC at 1315 next=0x5b (chunk=4096)
[VT] ESC at 1322 next=0x5b (chunk=4096)
[VT] ESC at 1341 next=0x5b (chunk=4096)
[VT] ESC at 1433 next=0x5b (chunk=4096)
[VT] ESC at 1439 next=0x5b (chunk=4096)
[VT] ESC at 1458 next=0x5b (chunk=4096)
[VT] ESC at 1571 next=0x5b (chunk=4096)
[VT] ESC at 1577 next=0x5b (chunk=4096)
[VT] ESC at 1596 next=0x5b (chunk=4096)
[VT] ESC at 1617 next=0x5b (chunk=4096)
[VT] ESC at 1621 next=0x5b (chunk=4096)
[VT] ESC at 1627 next=0x5b (chunk=4096)
[VT] ESC at 1646 next=0x5b (chunk=4096)
[VT] ESC at 1749 next=0x5b (chunk=4096)
[VT] ESC at 1753 next=0x5b (chunk=4096)
[VT] ESC at 1760 next=0x5b (chunk=4096)
[VT] ESC at 1779 next=0x5b (chunk=4096)
[VT] ESC at 1802 next=0x5b (chunk=4096)
[VT] ESC at 1808 next=0x5b (chunk=4096)
[VT] ESC at 1827 next=0x5b (chunk=4096)
[VT] ESC at 1940 next=0x5b (chunk=4096)
[VT] ESC at 1947 next=0x5b (chunk=4096)
[VT] ESC at 1966 next=0x5b (chunk=4096)
[VT] ESC at 1987 next=0x5b (chunk=4096)
[VT] ESC at 1991 next=0x5b (chunk=4096)
[VT] ESC at 1998 next=0x5b (chunk=4096)
[VT] ESC at 2016 next=0x5b (chunk=4096)
[VT] ESC at 2036 next=0x5b (chunk=4096)
[VT] ESC at 2040 next=0x5b (chunk=4096)
[VT] ESC at 2047 next=0x5b (chunk=4096)
[VT] ESC at 2066 next=0x5b (chunk=4096)
[VT] ESC at 2083 next=0x5b (chunk=4096)
[VT] ESC at 2087 next=0x5b (chunk=4096)
[VT] ESC at 2094 next=0x5b (chunk=4096)
[VT] ESC at 2113 next=0x5b (chunk=4096)
[VT] ESC at 2134 next=0x5b (chunk=4096)
[VT] ESC at 2138 next=0x5b (chunk=4096)
[VT] ESC at 2146 next=0x5b (chunk=4096)
[VT] ESC at 2165 next=0x5b (chunk=4096)
[VT] ESC at 2210 next=0x5b (chunk=4096)
[VT] ESC at 2214 next=0x5b (chunk=4096)
[VT] ESC at 2222 next=0x5b (chunk=4096)
[VT] ESC at 2241 next=0x5b (chunk=4096)
[VT] ESC at 2314 next=0x5b (chunk=4096)
[VT] ESC at 2321 next=0x5b (chunk=4096)
[VT] ESC at 2340 next=0x5b (chunk=4096)
[VT] ESC at 2453 next=0x5b (chunk=4096)
[VT] ESC at 2460 next=0x5b (chunk=4096)
[VT] ESC at 2479 next=0x5b (chunk=4096)
[VT] ESC at 2592 next=0x5b (chunk=4096)
[VT] ESC at 2599 next=0x5b (chunk=4096)
[VT] ESC at 2618 next=0x5b (chunk=4096)
[VT] ESC at 2731 next=0x5b (chunk=4096)
[VT] ESC at 2738 next=0x5b (chunk=4096)
[VT] ESC at 2757 next=0x5b (chunk=4096)
[VT] ESC at 2870 next=0x5b (chunk=4096)
[VT] ESC at 2877 next=0x5b (chunk=4096)
[VT] ESC at 2896 next=0x5b (chunk=4096)
[VT] ESC at 3009 next=0x5b (chunk=4096)
[VT] ESC at 3016 next=0x5b (chunk=4096)
[VT] ESC at 3035 next=0x5b (chunk=4096)
[VT] ESC at 3148 next=0x5b (chunk=4096)
[VT] ESC at 3155 next=0x5b (chunk=4096)
[VT] ESC at 3174 next=0x5b (chunk=4096)
[VT] ESC at 3287 next=0x5b (chunk=4096)
[VT] ESC at 3294 next=0x5b (chunk=4096)
[VT] ESC at 3313 next=0x5b (chunk=4096)
[VT] ESC at 3426 next=0x5b (chunk=4096)
[VT] ESC at 3433 next=0x5b (chunk=4096)
[VT] ESC at 3452 next=0x5b (chunk=4096)
[VT] ESC at 3565 next=0x5b (chunk=4096)
[VT] ESC at 3572 next=0x5b (chunk=4096)
[VT] ESC at 3591 next=0x5b (chunk=4096)
[VT] ESC at 3704 next=0x5b (chunk=4096)
[VT] ESC at 3711 next=0x5b (chunk=4096)
[VT] ESC at 3730 next=0x5b (chunk=4096)
[VT] ESC at 3843 next=0x5b (chunk=4096)
[VT] ESC at 3850 next=0x5b (chunk=4096)
[VT] ESC at 3869 next=0x5b (chunk=4096)
[VT] ESC at 3982 next=0x5b (chunk=4096)
[VT] ESC at 3989 next=0x5b (chunk=4096)
[VT] ESC at 4008 next=0x5b (chunk=4096)
[VT] ESC at 25 next=0x5b (chunk=4096)
[VT] ESC at 32 next=0x5b (chunk=4096)
[VT] ESC at 51 next=0x5b (chunk=4096)
[VT] ESC at 164 next=0x5b (chunk=4096)
[VT] ESC at 171 next=0x5b (chunk=4096)
[VT] ESC at 190 next=0x5b (chunk=4096)
[VT] ESC at 303 next=0x5b (chunk=4096)
[VT] ESC at 310 next=0x5b (chunk=4096)
[VT] ESC at 329 next=0x5b (chunk=4096)
[VT] ESC at 442 next=0x5b (chunk=4096)
[VT] ESC at 449 next=0x5b (chunk=4096)
[VT] ESC at 468 next=0x5b (chunk=4096)
[VT] ESC at 581 next=0x5b (chunk=4096)
[VT] ESC at 588 next=0x5b (chunk=4096)
[VT] ESC at 607 next=0x5b (chunk=4096)
[VT] ESC at 720 next=0x5b (chunk=4096)
[VT] ESC at 727 next=0x5b (chunk=4096)
[VT] ESC at 746 next=0x5b (chunk=4096)
[VT] ESC at 859 next=0x5b (chunk=4096)
[VT] ESC at 866 next=0x5b (chunk=4096)
[VT] ESC at 885 next=0x5b (chunk=4096)
[VT] ESC at 998 next=0x5b (chunk=4096)
[VT] ESC at 1005 next=0x5b (chunk=4096)
[VT] ESC at 1024 next=0x5b (chunk=4096)
[VT] ESC at 1137 next=0x5b (chunk=4096)
[VT] ESC at 1144 next=0x5b (chunk=4096)
[VT] ESC at 1163 next=0x5b (chunk=4096)
[VT] ESC at 1276 next=0x5b (chunk=4096)
[VT] ESC at 1283 next=0x5b (chunk=4096)
[VT] ESC at 1302 next=0x5b (chunk=4096)
[VT] ESC at 1415 next=0x5b (chunk=4096)
[VT] ESC at 1422 next=0x5b (chunk=4096)
[VT] ESC at 1441 next=0x5b (chunk=4096)
[VT] ESC at 1554 next=0x5b (chunk=4096)
[VT] ESC at 1561 next=0x5b (chunk=4096)
[VT] ESC at 1580 next=0x5b (chunk=4096)
[VT] ESC at 1693 next=0x5b (chunk=4096)
[VT] ESC at 1700 next=0x5b (chunk=4096)
[VT] ESC at 1719 next=0x5b (chunk=4096)
[VT] ESC at 1832 next=0x5b (chunk=4096)
[VT] ESC at 1839 next=0x5b (chunk=4096)
[VT] ESC at 1858 next=0x5b (chunk=4096)
[VT] ESC at 1971 next=0x5b (chunk=4096)
[VT] ESC at 1978 next=0x5b (chunk=4096)
[VT] ESC at 1997 next=0x5b (chunk=4096)
[VT] ESC at 2110 next=0x5b (chunk=4096)
[VT] ESC at 2117 next=0x5b (chunk=4096)
[VT] ESC at 2136 next=0x5b (chunk=4096)
[VT] ESC at 2249 next=0x5b (chunk=4096)
[VT] ESC at 2256 next=0x5b (chunk=4096)
[VT] ESC at 2275 next=0x5b (chunk=4096)
[VT] ESC at 2388 next=0x5b (chunk=4096)
[VT] ESC at 2395 next=0x5b (chunk=4096)
[VT] ESC at 2414 next=0x5b (chunk=4096)
[VT] ESC at 2527 next=0x5b (chunk=4096)
[VT] ESC at 2534 next=0x5b (chunk=4096)
[VT] ESC at 2553 next=0x5b (chunk=4096)
[VT] ESC at 2666 next=0x5b (chunk=4096)
[VT] ESC at 2673 next=0x5b (chunk=4096)
[VT] ESC at 2692 next=0x5b (chunk=4096)
[VT] ESC at 2805 next=0x5b (chunk=4096)
[VT] ESC at 2812 next=0x5b (chunk=4096)
[VT] ESC at 2831 next=0x5b (chunk=4096)
[VT] ESC at 2944 next=0x5b (chunk=4096)
[VT] ESC at 2951 next=0x5b (chunk=4096)
[VT] ESC at 2970 next=0x5b (chunk=4096)
[VT] ESC at 3083 next=0x5b (chunk=4096)
[VT] ESC at 3090 next=0x5b (chunk=4096)
[VT] ESC at 3109 next=0x5b (chunk=4096)
[VT] ESC at 3127 next=0x5b (chunk=4096)
[VT] ESC at 3131 next=0x5b (chunk=4096)
[VT] ESC at 3138 next=0x5b (chunk=4096)
[VT] ESC at 3156 next=0x5b (chunk=4096)
[VT] ESC at 3175 next=0x5b (chunk=4096)
[VT] ESC at 3179 next=0x5b (chunk=4096)
[VT] ESC at 3186 next=0x5b (chunk=4096)
[VT] ESC at 3205 next=0x5b (chunk=4096)
[VT] ESC at 3313 next=0x5b (chunk=4096)
[VT] ESC at 3317 next=0x5b (chunk=4096)
[VT] ESC at 3325 next=0x5b (chunk=4096)
[VT] ESC at 3344 next=0x5b (chunk=4096)
[VT] ESC at 3362 next=0x5b (chunk=4096)
[VT] ESC at 3369 next=0x5b (chunk=4096)
[VT] ESC at 3388 next=0x5b (chunk=4096)
[VT] ESC at 3406 next=0x5b (chunk=4096)
[VT] ESC at 3410 next=0x5b (chunk=4096)
[VT] ESC at 3417 next=0x5b (chunk=4096)
[VT] ESC at 3435 next=0x5b (chunk=4096)
[VT] ESC at 3454 next=0x5b (chunk=4096)
[VT] ESC at 3458 next=0x5b (chunk=4096)
[VT] ESC at 3465 next=0x5b (chunk=4096)
[VT] ESC at 3484 next=0x5b (chunk=4096)
[VT] ESC at 3592 next=0x5b (chunk=4096)
[VT] ESC at 3596 next=0x5b (chunk=4096)
[VT] ESC at 3604 next=0x5b (chunk=4096)
[VT] ESC at 3623 next=0x5b (chunk=4096)
[VT] ESC at 3641 next=0x5b (chunk=4096)
[VT] ESC at 3648 next=0x5b (chunk=4096)
[VT] ESC at 3667 next=0x5b (chunk=4096)
[VT] ESC at 3685 next=0x5b (chunk=4096)
[VT] ESC at 3689 next=0x5b (chunk=4096)
[VT] ESC at 3696 next=0x5b (chunk=4096)
[VT] ESC at 3714 next=0x5b (chunk=4096)
[VT] ESC at 3733 next=0x5b (chunk=4096)
[VT] ESC at 3737 next=0x5b (chunk=4096)
[VT] ESC at 3744 next=0x5b (chunk=4096)
[VT] ESC at 3763 next=0x5b (chunk=4096)
[VT] ESC at 3871 next=0x5b (chunk=4096)
[VT] ESC at 3875 next=0x5b (chunk=4096)
[VT] ESC at 3883 next=0x5b (chunk=4096)
[VT] ESC at 3902 next=0x5b (chunk=4096)
[VT] ESC at 3920 next=0x5b (chunk=4096)
[VT] ESC at 3927 next=0x5b (chunk=4096)
[VT] ESC at 3946 next=0x5b (chunk=4096)
[VT] ESC at 3964 next=0x5b (chunk=4096)
[VT] ESC at 3968 next=0x5b (chunk=4096)
[VT] ESC at 3975 next=0x5b (chunk=4096)
[VT] ESC at 3993 next=0x5b (chunk=4096)
[VT] ESC at 4012 next=0x5b (chunk=4096)
[VT] ESC at 4016 next=0x5b (chunk=4096)
[VT] ESC at 4023 next=0x5b (chunk=4096)
[VT] ESC at 4042 next=0x5b (chunk=4096)
[VT] ESC at 4060 next=0x5b (chunk=4096)
[VT] ESC at 4064 next=0x5b (chunk=4096)
[VT] ESC at 4071 next=0x5b (chunk=4096)
[VT] ESC at 4089 next=0x5b (chunk=4096)
[VT] ESC at 14 next=0x5b (chunk=1477)
[VT] ESC at 18 next=0x5b (chunk=1477)
[VT] ESC at 26 next=0x5b (chunk=1477)
[VT] ESC at 45 next=0x5b (chunk=1477)
[VT] ESC at 62 next=0x5b (chunk=1477)
[VT] ESC at 66 next=0x5b (chunk=1477)
[VT] ESC at 74 next=0x5b (chunk=1477)
[VT] ESC at 93 next=0x5b (chunk=1477)
[VT] ESC at 111 next=0x5b (chunk=1477)
[VT] ESC at 115 next=0x5b (chunk=1477)
[VT] ESC at 123 next=0x5b (chunk=1477)
[VT] ESC at 142 next=0x5b (chunk=1477)
[VT] ESC at 159 next=0x5b (chunk=1477)
[VT] ESC at 163 next=0x5b (chunk=1477)
[VT] ESC at 171 next=0x5b (chunk=1477)
[VT] ESC at 190 next=0x5b (chunk=1477)
[VT] ESC at 223 next=0x5b (chunk=1477)
[VT] ESC at 227 next=0x5b (chunk=1477)
[VT] ESC at 235 next=0x5b (chunk=1477)
[VT] ESC at 254 next=0x5b (chunk=1477)
[VT] ESC at 271 next=0x5b (chunk=1477)
[VT] ESC at 275 next=0x5b (chunk=1477)
[VT] ESC at 283 next=0x5b (chunk=1477)
[VT] ESC at 302 next=0x5b (chunk=1477)
[VT] ESC at 329 next=0x5b (chunk=1477)
[VT] ESC at 333 next=0x5b (chunk=1477)
[VT] ESC at 341 next=0x5b (chunk=1477)
[VT] ESC at 360 next=0x5b (chunk=1477)
[VT] ESC at 429 next=0x5b (chunk=1477)
[VT] ESC at 433 next=0x5b (chunk=1477)
[VT] ESC at 441 next=0x5b (chunk=1477)
[VT] ESC at 460 next=0x5b (chunk=1477)
[VT] ESC at 478 next=0x5b (chunk=1477)
[VT] ESC at 485 next=0x5b (chunk=1477)
[VT] ESC at 504 next=0x5b (chunk=1477)
[VT] ESC at 522 next=0x5b (chunk=1477)
[VT] ESC at 526 next=0x5b (chunk=1477)
[VT] ESC at 533 next=0x5b (chunk=1477)
[VT] ESC at 551 next=0x5b (chunk=1477)
[VT] ESC at 570 next=0x5b (chunk=1477)
[VT] ESC at 574 next=0x5b (chunk=1477)
[VT] ESC at 581 next=0x5b (chunk=1477)
[VT] ESC at 597 next=0x5b (chunk=1477)
[VT] ESC at 889 next=0x5b (chunk=1477)
[VT] ESC at 893 next=0x5b (chunk=1477)
[VT] ESC at 901 next=0x5b (chunk=1477)
[VT] ESC at 920 next=0x5b (chunk=1477)
[VT] ESC at 938 next=0x5b (chunk=1477)
[VT] ESC at 945 next=0x5b (chunk=1477)
[VT] ESC at 964 next=0x5b (chunk=1477)
[VT] ESC at 1040 next=0x5b (chunk=1477)
[VT] ESC at 1044 next=0x5b (chunk=1477)
[VT] ESC at 1052 next=0x5b (chunk=1477)
[VT] ESC at 1071 next=0x5b (chunk=1477)
[VT] ESC at 1106 next=0x5b (chunk=1477)
[VT] ESC at 1110 next=0x5b (chunk=1477)
[VT] ESC at 1118 next=0x5b (chunk=1477)
[VT] ESC at 1137 next=0x5b (chunk=1477)
[VT] ESC at 1155 next=0x5b (chunk=1477)
[VT] ESC at 1159 next=0x5b (chunk=1477)
[VT] ESC at 1167 next=0x5b (chunk=1477)
[VT] ESC at 1186 next=0x5b (chunk=1477)
[VT] ESC at 1209 next=0x5b (chunk=1477)
[VT] ESC at 1213 next=0x5b (chunk=1477)
[VT] ESC at 1221 next=0x5b (chunk=1477)
[VT] ESC at 1240 next=0x5b (chunk=1477)
[VT] ESC at 1264 next=0x5b (chunk=1477)
[VT] ESC at 1268 next=0x5b (chunk=1477)
[VT] ESC at 1276 next=0x5b (chunk=1477)
[VT] ESC at 1295 next=0x5b (chunk=1477)
[VT] ESC at 1313 next=0x5b (chunk=1477)
[VT] ESC at 1320 next=0x5b (chunk=1477)
[VT] ESC at 1339 next=0x5b (chunk=1477)
[VT] ESC at 1452 next=0x5b (chunk=1477)
[VT] ESC at 1456 next=0x5b (chunk=1477)
[VT] ESC at 1463 next=0x5b (chunk=1477)
[VT] ESC at 1469 next=0x5b (chunk=1477)
[VT] ESC at 0 next=0x5b (chunk=4)
[VT] ESC at 0 next=0x5b (chunk=7)
[VT] ESC at 0 next=0x5b (chunk=4)
[VT] ESC at 0 next=0x5b (chunk=7)
[VT] ESC at 0 next=0x5b (chunk=5)
[VT] ESC at 0 next=0x5b (chunk=4096)
[VT] ESC at 8 next=0x5b (chunk=4096)
[VT] ESC at 14 next=0x5b (chunk=4096)
[VT] ESC at 20 next=0x5b (chunk=4096)
[VT] ESC at 39 next=0x5b (chunk=4096)
[VT] ESC at 150 next=0x5b (chunk=4096)
[VT] ESC at 156 next=0x5b (chunk=4096)
[VT] ESC at 175 next=0x5b (chunk=4096)
[VT] ESC at 193 next=0x5b (chunk=4096)
[VT] ESC at 197 next=0x5b (chunk=4096)
[VT] ESC at 203 next=0x5b (chunk=4096)
[VT] ESC at 221 next=0x5b (chunk=4096)
[VT] ESC at 240 next=0x5b (chunk=4096)
[VT] ESC at 244 next=0x5b (chunk=4096)
[VT] ESC at 250 next=0x5b (chunk=4096)
[VT] ESC at 269 next=0x5b (chunk=4096)
[VT] ESC at 375 next=0x5b (chunk=4096)
[VT] ESC at 379 next=0x5b (chunk=4096)
[VT] ESC at 386 next=0x5b (chunk=4096)
[VT] ESC at 405 next=0x5b (chunk=4096)
[VT] ESC at 423 next=0x5b (chunk=4096)
[VT] ESC at 429 next=0x5b (chunk=4096)
[VT] ESC at 448 next=0x5b (chunk=4096)
[VT] ESC at 466 next=0x5b (chunk=4096)
[VT] ESC at 470 next=0x5b (chunk=4096)
[VT] ESC at 476 next=0x5b (chunk=4096)
[VT] ESC at 494 next=0x5b (chunk=4096)
[VT] ESC at 513 next=0x5b (chunk=4096)
[VT] ESC at 517 next=0x5b (chunk=4096)
[VT] ESC at 523 next=0x5b (chunk=4096)
[VT] ESC at 542 next=0x5b (chunk=4096)
[VT] ESC at 560 next=0x5b (chunk=4096)
[VT] ESC at 564 next=0x5b (chunk=4096)
[VT] ESC at 570 next=0x5b (chunk=4096)
[VT] ESC at 589 next=0x5b (chunk=4096)
[VT] ESC at 606 next=0x5b (chunk=4096)
[VT] ESC at 610 next=0x5b (chunk=4096)
[VT] ESC at 616 next=0x5b (chunk=4096)
[VT] ESC at 635 next=0x5b (chunk=4096)
[VT] ESC at 738 next=0x5b (chunk=4096)
[VT] ESC at 742 next=0x5b (chunk=4096)
[VT] ESC at 749 next=0x5b (chunk=4096)
[VT] ESC at 768 next=0x5b (chunk=4096)
[VT] ESC at 786 next=0x5b (chunk=4096)
[VT] ESC at 792 next=0x5b (chunk=4096)
[VT] ESC at 811 next=0x5b (chunk=4096)
[VT] ESC at 829 next=0x5b (chunk=4096)
[VT] ESC at 833 next=0x5b (chunk=4096)
[VT] ESC at 839 next=0x5b (chunk=4096)
[VT] ESC at 857 next=0x5b (chunk=4096)
[VT] ESC at 876 next=0x5b (chunk=4096)
[VT] ESC at 880 next=0x5b (chunk=4096)
[VT] ESC at 886 next=0x5b (chunk=4096)
[VT] ESC at 905 next=0x5b (chunk=4096)
[VT] ESC at 1011 next=0x5b (chunk=4096)
[VT] ESC at 1015 next=0x5b (chunk=4096)
[VT] ESC at 1022 next=0x5b (chunk=4096)
[VT] ESC at 1041 next=0x5b (chunk=4096)
[VT] ESC at 1059 next=0x5b (chunk=4096)
[VT] ESC at 1065 next=0x5b (chunk=4096)
[VT] ESC at 1084 next=0x5b (chunk=4096)
[VT] ESC at 1195 next=0x5b (chunk=4096)
[VT] ESC at 1201 next=0x5b (chunk=4096)
[VT] ESC at 1220 next=0x5b (chunk=4096)
[VT] ESC at 1241 next=0x5b (chunk=4096)
[VT] ESC at 1245 next=0x5b (chunk=4096)
[VT] ESC at 1251 next=0x5b (chunk=4096)
[VT] ESC at 1269 next=0x5b (chunk=4096)
[VT] ESC at 1301 next=0x5b (chunk=4096)
[VT] ESC at 1305 next=0x5b (chunk=4096)
[VT] ESC at 1312 next=0x5b (chunk=4096)
[VT] ESC at 1331 next=0x5b (chunk=4096)
[VT] ESC at 1421 next=0x5b (chunk=4096)
[VT] ESC at 1427 next=0x5b (chunk=4096)
[VT] ESC at 1446 next=0x5b (chunk=4096)
[VT] ESC at 1557 next=0x5b (chunk=4096)
[VT] ESC at 1563 next=0x5b (chunk=4096)
[VT] ESC at 1582 next=0x5b (chunk=4096)
[VT] ESC at 1603 next=0x5b (chunk=4096)
[VT] ESC at 1607 next=0x5b (chunk=4096)
[VT] ESC at 1613 next=0x5b (chunk=4096)
[VT] ESC at 1632 next=0x5b (chunk=4096)
[VT] ESC at 1735 next=0x5b (chunk=4096)
[VT] ESC at 1739 next=0x5b (chunk=4096)
[VT] ESC at 1746 next=0x5b (chunk=4096)
[VT] ESC at 1765 next=0x5b (chunk=4096)
[VT] ESC at 1786 next=0x5b (chunk=4096)
[VT] ESC at 1792 next=0x5b (chunk=4096)
[VT] ESC at 1811 next=0x5b (chunk=4096)
[VT] ESC at 1922 next=0x5b (chunk=4096)
[VT] ESC at 1929 next=0x5b (chunk=4096)
[VT] ESC at 1948 next=0x5b (chunk=4096)
[VT] ESC at 1969 next=0x5b (chunk=4096)
[VT] ESC at 1973 next=0x5b (chunk=4096)
[VT] ESC at 1980 next=0x5b (chunk=4096)
[VT] ESC at 1998 next=0x5b (chunk=4096)
[VT] ESC at 2018 next=0x5b (chunk=4096)
[VT] ESC at 2022 next=0x5b (chunk=4096)
[VT] ESC at 2029 next=0x5b (chunk=4096)
[VT] ESC at 2048 next=0x5b (chunk=4096)
[VT] ESC at 2065 next=0x5b (chunk=4096)
[VT] ESC at 2069 next=0x5b (chunk=4096)
[VT] ESC at 2076 next=0x5b (chunk=4096)
[VT] ESC at 2095 next=0x5b (chunk=4096)
[VT] ESC at 2116 next=0x5b (chunk=4096)
[VT] ESC at 2120 next=0x5b (chunk=4096)
[VT] ESC at 2128 next=0x5b (chunk=4096)
[VT] ESC at 2147 next=0x5b (chunk=4096)
[VT] ESC at 2192 next=0x5b (chunk=4096)
[VT] ESC at 2196 next=0x5b (chunk=4096)
[VT] ESC at 2204 next=0x5b (chunk=4096)
[VT] ESC at 2223 next=0x5b (chunk=4096)
[VT] ESC at 2294 next=0x5b (chunk=4096)
[VT] ESC at 2301 next=0x5b (chunk=4096)
[VT] ESC at 2320 next=0x5b (chunk=4096)
[VT] ESC at 2431 next=0x5b (chunk=4096)
[VT] ESC at 2438 next=0x5b (chunk=4096)
[VT] ESC at 2457 next=0x5b (chunk=4096)
[VT] ESC at 2568 next=0x5b (chunk=4096)
[VT] ESC at 2575 next=0x5b (chunk=4096)
[VT] ESC at 2594 next=0x5b (chunk=4096)
[VT] ESC at 2705 next=0x5b (chunk=4096)
[VT] ESC at 2712 next=0x5b (chunk=4096)
[VT] ESC at 2731 next=0x5b (chunk=4096)
[VT] ESC at 2842 next=0x5b (chunk=4096)
[VT] ESC at 2849 next=0x5b (chunk=4096)
[VT] ESC at 2868 next=0x5b (chunk=4096)
[VT] ESC at 2979 next=0x5b (chunk=4096)
[VT] ESC at 2986 next=0x5b (chunk=4096)
[VT] ESC at 3005 next=0x5b (chunk=4096)
[VT] ESC at 3116 next=0x5b (chunk=4096)
[VT] ESC at 3123 next=0x5b (chunk=4096)
[VT] ESC at 3142 next=0x5b (chunk=4096)
[VT] ESC at 3253 next=0x5b (chunk=4096)
[VT] ESC at 3260 next=0x5b (chunk=4096)
[VT] ESC at 3279 next=0x5b (chunk=4096)
[VT] ESC at 3390 next=0x5b (chunk=4096)
[VT] ESC at 3397 next=0x5b (chunk=4096)
[VT] ESC at 3416 next=0x5b (chunk=4096)
[VT] ESC at 3527 next=0x5b (chunk=4096)
[VT] ESC at 3534 next=0x5b (chunk=4096)
[VT] ESC at 3553 next=0x5b (chunk=4096)
[VT] ESC at 3664 next=0x5b (chunk=4096)
[VT] ESC at 3671 next=0x5b (chunk=4096)
[VT] ESC at 3690 next=0x5b (chunk=4096)
[VT] ESC at 3801 next=0x5b (chunk=4096)
[VT] ESC at 3808 next=0x5b (chunk=4096)
[VT] ESC at 3827 next=0x5b (chunk=4096)
[VT] ESC at 3938 next=0x5b (chunk=4096)
[VT] ESC at 3945 next=0x5b (chunk=4096)
[VT] ESC at 3964 next=0x5b (chunk=4096)
[VT] ESC at 4075 next=0x5b (chunk=4096)
[VT] ESC at 4082 next=0x5b (chunk=4096)
[VT] ESC at 5 next=0x5b (chunk=4096)
[VT] ESC at 116 next=0x5b (chunk=4096)
[VT] ESC at 123 next=0x5b (chunk=4096)
[VT] ESC at 142 next=0x5b (chunk=4096)
[VT] ESC at 253 next=0x5b (chunk=4096)
[VT] ESC at 260 next=0x5b (chunk=4096)
[VT] ESC at 279 next=0x5b (chunk=4096)
[VT] ESC at 390 next=0x5b (chunk=4096)
[VT] ESC at 397 next=0x5b (chunk=4096)
[VT] ESC at 416 next=0x5b (chunk=4096)
[VT] ESC at 527 next=0x5b (chunk=4096)
[VT] ESC at 534 next=0x5b (chunk=4096)
[VT] ESC at 553 next=0x5b (chunk=4096)
[VT] ESC at 664 next=0x5b (chunk=4096)
[VT] ESC at 671 next=0x5b (chunk=4096)
[VT] ESC at 690 next=0x5b (chunk=4096)
[VT] ESC at 801 next=0x5b (chunk=4096)
[VT] ESC at 808 next=0x5b (chunk=4096)
[VT] ESC at 827 next=0x5b (chunk=4096)
[VT] ESC at 938 next=0x5b (chunk=4096)
[VT] ESC at 945 next=0x5b (chunk=4096)
[VT] ESC at 964 next=0x5b (chunk=4096)
[VT] ESC at 1075 next=0x5b (chunk=4096)
[VT] ESC at 1082 next=0x5b (chunk=4096)
[VT] ESC at 1101 next=0x5b (chunk=4096)
[VT] ESC at 1212 next=0x5b (chunk=4096)
[VT] ESC at 1219 next=0x5b (chunk=4096)
[VT] ESC at 1238 next=0x5b (chunk=4096)
[VT] ESC at 1349 next=0x5b (chunk=4096)
[VT] ESC at 1356 next=0x5b (chunk=4096)
[VT] ESC at 1375 next=0x5b (chunk=4096)
[VT] ESC at 1486 next=0x5b (chunk=4096)
[VT] ESC at 1493 next=0x5b (chunk=4096)
[VT] ESC at 1512 next=0x5b (chunk=4096)
[VT] ESC at 1623 next=0x5b (chunk=4096)
[VT] ESC at 1630 next=0x5b (chunk=4096)
[VT] ESC at 1649 next=0x5b (chunk=4096)
[VT] ESC at 1760 next=0x5b (chunk=4096)
[VT] ESC at 1767 next=0x5b (chunk=4096)
[VT] ESC at 1786 next=0x5b (chunk=4096)
[VT] ESC at 1897 next=0x5b (chunk=4096)
[VT] ESC at 1904 next=0x5b (chunk=4096)
[VT] ESC at 1923 next=0x5b (chunk=4096)
[VT] ESC at 2034 next=0x5b (chunk=4096)
[VT] ESC at 2041 next=0x5b (chunk=4096)
[VT] ESC at 2060 next=0x5b (chunk=4096)
[VT] ESC at 2171 next=0x5b (chunk=4096)
[VT] ESC at 2178 next=0x5b (chunk=4096)
[VT] ESC at 2197 next=0x5b (chunk=4096)
[VT] ESC at 2308 next=0x5b (chunk=4096)
[VT] ESC at 2315 next=0x5b (chunk=4096)
[VT] ESC at 2334 next=0x5b (chunk=4096)
[VT] ESC at 2445 next=0x5b (chunk=4096)
[VT] ESC at 2452 next=0x5b (chunk=4096)
[VT] ESC at 2471 next=0x5b (chunk=4096)
[VT] ESC at 2582 next=0x5b (chunk=4096)
[VT] ESC at 2589 next=0x5b (chunk=4096)
[VT] ESC at 2608 next=0x5b (chunk=4096)
[VT] ESC at 2719 next=0x5b (chunk=4096)
[VT] ESC at 2726 next=0x5b (chunk=4096)
[VT] ESC at 2745 next=0x5b (chunk=4096)
[VT] ESC at 2856 next=0x5b (chunk=4096)
[VT] ESC at 2863 next=0x5b (chunk=4096)
[VT] ESC at 2882 next=0x5b (chunk=4096)
[VT] ESC at 2900 next=0x5b (chunk=4096)
[VT] ESC at 2904 next=0x5b (chunk=4096)
[VT] ESC at 2911 next=0x5b (chunk=4096)
[VT] ESC at 2929 next=0x5b (chunk=4096)
[VT] ESC at 2948 next=0x5b (chunk=4096)
[VT] ESC at 2952 next=0x5b (chunk=4096)
[VT] ESC at 2959 next=0x5b (chunk=4096)
[VT] ESC at 2978 next=0x5b (chunk=4096)
[VT] ESC at 3084 next=0x5b (chunk=4096)
[VT] ESC at 3088 next=0x5b (chunk=4096)
[VT] ESC at 3096 next=0x5b (chunk=4096)
[VT] ESC at 3115 next=0x5b (chunk=4096)
[VT] ESC at 3133 next=0x5b (chunk=4096)
[VT] ESC at 3140 next=0x5b (chunk=4096)
[VT] ESC at 3159 next=0x5b (chunk=4096)
[VT] ESC at 3177 next=0x5b (chunk=4096)
[VT] ESC at 3181 next=0x5b (chunk=4096)
[VT] ESC at 3188 next=0x5b (chunk=4096)
[VT] ESC at 3206 next=0x5b (chunk=4096)
[VT] ESC at 3225 next=0x5b (chunk=4096)
[VT] ESC at 3229 next=0x5b (chunk=4096)
[VT] ESC at 3236 next=0x5b (chunk=4096)
[VT] ESC at 3255 next=0x5b (chunk=4096)
[VT] ESC at 3361 next=0x5b (chunk=4096)
[VT] ESC at 3365 next=0x5b (chunk=4096)
[VT] ESC at 3373 next=0x5b (chunk=4096)
[VT] ESC at 3392 next=0x5b (chunk=4096)
[VT] ESC at 3410 next=0x5b (chunk=4096)
[VT] ESC at 3417 next=0x5b (chunk=4096)
[VT] ESC at 3436 next=0x5b (chunk=4096)
[VT] ESC at 3454 next=0x5b (chunk=4096)
[VT] ESC at 3458 next=0x5b (chunk=4096)
[VT] ESC at 3465 next=0x5b (chunk=4096)
[VT] ESC at 3483 next=0x5b (chunk=4096)
[VT] ESC at 3502 next=0x5b (chunk=4096)
[VT] ESC at 3506 next=0x5b (chunk=4096)
[VT] ESC at 3513 next=0x5b (chunk=4096)
[VT] ESC at 3532 next=0x5b (chunk=4096)
[VT] ESC at 3638 next=0x5b (chunk=4096)
[VT] ESC at 3642 next=0x5b (chunk=4096)
[VT] ESC at 3650 next=0x5b (chunk=4096)
[VT] ESC at 3669 next=0x5b (chunk=4096)
[VT] ESC at 3687 next=0x5b (chunk=4096)
[VT] ESC at 3694 next=0x5b (chunk=4096)
[VT] ESC at 3713 next=0x5b (chunk=4096)
[VT] ESC at 3731 next=0x5b (chunk=4096)
[VT] ESC at 3735 next=0x5b (chunk=4096)
[VT] ESC at 3742 next=0x5b (chunk=4096)
[VT] ESC at 3760 next=0x5b (chunk=4096)
[VT] ESC at 3779 next=0x5b (chunk=4096)
[VT] ESC at 3783 next=0x5b (chunk=4096)
[VT] ESC at 3790 next=0x5b (chunk=4096)
[VT] ESC at 3809 next=0x5b (chunk=4096)
[VT] ESC at 3827 next=0x5b (chunk=4096)
[VT] ESC at 3831 next=0x5b (chunk=4096)
[VT] ESC at 3838 next=0x5b (chunk=4096)
[VT] ESC at 3856 next=0x5b (chunk=4096)
[VT] ESC at 3877 next=0x5b (chunk=4096)
[VT] ESC at 3881 next=0x5b (chunk=4096)
[VT] ESC at 3889 next=0x5b (chunk=4096)
[VT] ESC at 3908 next=0x5b (chunk=4096)
[VT] ESC at 3925 next=0x5b (chunk=4096)
[VT] ESC at 3929 next=0x5b (chunk=4096)
[VT] ESC at 3937 next=0x5b (chunk=4096)
[VT] ESC at 3956 next=0x5b (chunk=4096)
[VT] ESC at 3974 next=0x5b (chunk=4096)
[VT] ESC at 3978 next=0x5b (chunk=4096)
[VT] ESC at 3986 next=0x5b (chunk=4096)
[VT] ESC at 4005 next=0x5b (chunk=4096)
[VT] ESC at 4022 next=0x5b (chunk=4096)
[VT] ESC at 4026 next=0x5b (chunk=4096)
[VT] ESC at 4034 next=0x5b (chunk=4096)
[VT] ESC at 4053 next=0x5b (chunk=4096)
[VT] ESC at 4086 next=0x5b (chunk=4096)
[VT] ESC at 4090 next=0x5b (chunk=4096)
[VT] ESC at 2 next=0x5b (chunk=1232)
[VT] ESC at 21 next=0x5b (chunk=1232)
[VT] ESC at 38 next=0x5b (chunk=1232)
[VT] ESC at 42 next=0x5b (chunk=1232)
[VT] ESC at 50 next=0x5b (chunk=1232)
[VT] ESC at 69 next=0x5b (chunk=1232)
[VT] ESC at 96 next=0x5b (chunk=1232)
[VT] ESC at 100 next=0x5b (chunk=1232)
[VT] ESC at 108 next=0x5b (chunk=1232)
[VT] ESC at 127 next=0x5b (chunk=1232)
[VT] ESC at 194 next=0x5b (chunk=1232)
[VT] ESC at 198 next=0x5b (chunk=1232)
[VT] ESC at 206 next=0x5b (chunk=1232)
[VT] ESC at 225 next=0x5b (chunk=1232)
[VT] ESC at 243 next=0x5b (chunk=1232)
[VT] ESC at 250 next=0x5b (chunk=1232)
[VT] ESC at 269 next=0x5b (chunk=1232)
[VT] ESC at 287 next=0x5b (chunk=1232)
[VT] ESC at 291 next=0x5b (chunk=1232)
[VT] ESC at 298 next=0x5b (chunk=1232)
[VT] ESC at 316 next=0x5b (chunk=1232)
[VT] ESC at 335 next=0x5b (chunk=1232)
[VT] ESC at 339 next=0x5b (chunk=1232)
[VT] ESC at 346 next=0x5b (chunk=1232)
[VT] ESC at 362 next=0x5b (chunk=1232)
[VT] ESC at 648 next=0x5b (chunk=1232)
[VT] ESC at 652 next=0x5b (chunk=1232)
[VT] ESC at 660 next=0x5b (chunk=1232)
[VT] ESC at 679 next=0x5b (chunk=1232)
[VT] ESC at 697 next=0x5b (chunk=1232)
[VT] ESC at 704 next=0x5b (chunk=1232)
[VT] ESC at 723 next=0x5b (chunk=1232)
[VT] ESC at 797 next=0x5b (chunk=1232)
[VT] ESC at 801 next=0x5b (chunk=1232)
[VT] ESC at 809 next=0x5b (chunk=1232)
[VT] ESC at 828 next=0x5b (chunk=1232)
[VT] ESC at 863 next=0x5b (chunk=1232)
[VT] ESC at 867 next=0x5b (chunk=1232)
[VT] ESC at 875 next=0x5b (chunk=1232)
[VT] ESC at 894 next=0x5b (chunk=1232)
[VT] ESC at 912 next=0x5b (chunk=1232)
[VT] ESC at 916 next=0x5b (chunk=1232)
[VT] ESC at 924 next=0x5b (chunk=1232)
[VT] ESC at 943 next=0x5b (chunk=1232)
[VT] ESC at 966 next=0x5b (chunk=1232)
[VT] ESC at 970 next=0x5b (chunk=1232)
[VT] ESC at 978 next=0x5b (chunk=1232)
[VT] ESC at 997 next=0x5b (chunk=1232)
[VT] ESC at 1021 next=0x5b (chunk=1232)
[VT] ESC at 1025 next=0x5b (chunk=1232)
[VT] ESC at 1033 next=0x5b (chunk=1232)
[VT] ESC at 1052 next=0x5b (chunk=1232)
[VT] ESC at 1070 next=0x5b (chunk=1232)
[VT] ESC at 1077 next=0x5b (chunk=1232)
[VT] ESC at 1096 next=0x5b (chunk=1232)
[VT] ESC at 1207 next=0x5b (chunk=1232)
[VT] ESC at 1211 next=0x5b (chunk=1232)
[VT] ESC at 1218 next=0x5b (chunk=1232)
[VT] ESC at 1224 next=0x5b (chunk=1232)
[VT] ESC at 0 next=0x5b (chunk=4)
[VT] ESC at 0 next=0x5b (chunk=7)
[VT] ESC at 0 next=0x5b (chunk=5)
[VT] ESC at 0 next=0x5b (chunk=4096)
[VT] ESC at 8 next=0x5b (chunk=4096)
[VT] ESC at 14 next=0x5b (chunk=4096)
[VT] ESC at 20 next=0x5b (chunk=4096)
[VT] ESC at 39 next=0x5b (chunk=4096)
[VT] ESC at 150 next=0x5b (chunk=4096)
[VT] ESC at 156 next=0x5b (chunk=4096)
[VT] ESC at 175 next=0x5b (chunk=4096)
[VT] ESC at 193 next=0x5b (chunk=4096)
[VT] ESC at 197 next=0x5b (chunk=4096)
[VT] ESC at 203 next=0x5b (chunk=4096)
[VT] ESC at 221 next=0x5b (chunk=4096)
[VT] ESC at 240 next=0x5b (chunk=4096)
[VT] ESC at 244 next=0x5b (chunk=4096)
[VT] ESC at 250 next=0x5b (chunk=4096)
[VT] ESC at 269 next=0x5b (chunk=4096)
[VT] ESC at 375 next=0x5b (chunk=4096)
[VT] ESC at 379 next=0x5b (chunk=4096)
[VT] ESC at 386 next=0x5b (chunk=4096)
[VT] ESC at 405 next=0x5b (chunk=4096)
[VT] ESC at 423 next=0x5b (chunk=4096)
[VT] ESC at 429 next=0x5b (chunk=4096)
[VT] ESC at 448 next=0x5b (chunk=4096)
[VT] ESC at 466 next=0x5b (chunk=4096)
[VT] ESC at 470 next=0x5b (chunk=4096)
[VT] ESC at 476 next=0x5b (chunk=4096)
[VT] ESC at 494 next=0x5b (chunk=4096)
[VT] ESC at 513 next=0x5b (chunk=4096)
[VT] ESC at 517 next=0x5b (chunk=4096)
[VT] ESC at 523 next=0x5b (chunk=4096)
[VT] ESC at 542 next=0x5b (chunk=4096)
[VT] ESC at 560 next=0x5b (chunk=4096)
[VT] ESC at 564 next=0x5b (chunk=4096)
[VT] ESC at 570 next=0x5b (chunk=4096)
[VT] ESC at 589 next=0x5b (chunk=4096)
[VT] ESC at 606 next=0x5b (chunk=4096)
[VT] ESC at 610 next=0x5b (chunk=4096)
[VT] ESC at 616 next=0x5b (chunk=4096)
[VT] ESC at 635 next=0x5b (chunk=4096)
[VT] ESC at 738 next=0x5b (chunk=4096)
[VT] ESC at 742 next=0x5b (chunk=4096)
[VT] ESC at 749 next=0x5b (chunk=4096)
[VT] ESC at 768 next=0x5b (chunk=4096)
[VT] ESC at 786 next=0x5b (chunk=4096)
[VT] ESC at 792 next=0x5b (chunk=4096)
[VT] ESC at 811 next=0x5b (chunk=4096)
[VT] ESC at 829 next=0x5b (chunk=4096)
[VT] ESC at 833 next=0x5b (chunk=4096)
[VT] ESC at 839 next=0x5b (chunk=4096)
[VT] ESC at 857 next=0x5b (chunk=4096)
[VT] ESC at 876 next=0x5b (chunk=4096)
[VT] ESC at 880 next=0x5b (chunk=4096)
[VT] ESC at 886 next=0x5b (chunk=4096)
[VT] ESC at 905 next=0x5b (chunk=4096)
[VT] ESC at 1011 next=0x5b (chunk=4096)
[VT] ESC at 1015 next=0x5b (chunk=4096)
[VT] ESC at 1022 next=0x5b (chunk=4096)
[VT] ESC at 1041 next=0x5b (chunk=4096)
[VT] ESC at 1059 next=0x5b (chunk=4096)
[VT] ESC at 1065 next=0x5b (chunk=4096)
[VT] ESC at 1084 next=0x5b (chunk=4096)
[VT] ESC at 1195 next=0x5b (chunk=4096)
[VT] ESC at 1201 next=0x5b (chunk=4096)
[VT] ESC at 1220 next=0x5b (chunk=4096)
[VT] ESC at 1241 next=0x5b (chunk=4096)
[VT] ESC at 1245 next=0x5b (chunk=4096)
[VT] ESC at 1251 next=0x5b (chunk=4096)
[VT] ESC at 1269 next=0x5b (chunk=4096)
[VT] ESC at 1301 next=0x5b (chunk=4096)
[VT] ESC at 1305 next=0x5b (chunk=4096)
[VT] ESC at 1312 next=0x5b (chunk=4096)
[VT] ESC at 1331 next=0x5b (chunk=4096)
[VT] ESC at 1421 next=0x5b (chunk=4096)
[VT] ESC at 1427 next=0x5b (chunk=4096)
[VT] ESC at 1446 next=0x5b (chunk=4096)
[VT] ESC at 1557 next=0x5b (chunk=4096)
[VT] ESC at 1563 next=0x5b (chunk=4096)
[VT] ESC at 1582 next=0x5b (chunk=4096)
[VT] ESC at 1603 next=0x5b (chunk=4096)
[VT] ESC at 1607 next=0x5b (chunk=4096)
[VT] ESC at 1613 next=0x5b (chunk=4096)
[VT] ESC at 1632 next=0x5b (chunk=4096)
[VT] ESC at 1735 next=0x5b (chunk=4096)
[VT] ESC at 1739 next=0x5b (chunk=4096)
[VT] ESC at 1746 next=0x5b (chunk=4096)
[VT] ESC at 1765 next=0x5b (chunk=4096)
[VT] ESC at 1786 next=0x5b (chunk=4096)
[VT] ESC at 1792 next=0x5b (chunk=4096)
[VT] ESC at 1811 next=0x5b (chunk=4096)
[VT] ESC at 1922 next=0x5b (chunk=4096)
[VT] ESC at 1929 next=0x5b (chunk=4096)
[VT] ESC at 1948 next=0x5b (chunk=4096)
[VT] ESC at 1969 next=0x5b (chunk=4096)
[VT] ESC at 1973 next=0x5b (chunk=4096)
[VT] ESC at 1980 next=0x5b (chunk=4096)
[VT] ESC at 1998 next=0x5b (chunk=4096)
[VT] ESC at 2018 next=0x5b (chunk=4096)
[VT] ESC at 2022 next=0x5b (chunk=4096)
[VT] ESC at 2029 next=0x5b (chunk=4096)
[VT] ESC at 2048 next=0x5b (chunk=4096)
[VT] ESC at 2065 next=0x5b (chunk=4096)
[VT] ESC at 2069 next=0x5b (chunk=4096)
[VT] ESC at 2076 next=0x5b (chunk=4096)
[VT] ESC at 2095 next=0x5b (chunk=4096)
[VT] ESC at 2116 next=0x5b (chunk=4096)
[VT] ESC at 2120 next=0x5b (chunk=4096)
[VT] ESC at 2128 next=0x5b (chunk=4096)
[VT] ESC at 2147 next=0x5b (chunk=4096)
[VT] ESC at 2192 next=0x5b (chunk=4096)
[VT] ESC at 2196 next=0x5b (chunk=4096)
[VT] ESC at 2204 next=0x5b (chunk=4096)
[VT] ESC at 2223 next=0x5b (chunk=4096)
[VT] ESC at 2294 next=0x5b (chunk=4096)
[VT] ESC at 2301 next=0x5b (chunk=4096)
[VT] ESC at 2320 next=0x5b (chunk=4096)
[VT] ESC at 2431 next=0x5b (chunk=4096)
[VT] ESC at 2438 next=0x5b (chunk=4096)
[VT] ESC at 2457 next=0x5b (chunk=4096)
[VT] ESC at 2568 next=0x5b (chunk=4096)
[VT] ESC at 2575 next=0x5b (chunk=4096)
[VT] ESC at 2594 next=0x5b (chunk=4096)
[VT] ESC at 2705 next=0x5b (chunk=4096)
[VT] ESC at 2712 next=0x5b (chunk=4096)
[VT] ESC at 2731 next=0x5b (chunk=4096)
[VT] ESC at 2842 next=0x5b (chunk=4096)
[VT] ESC at 2849 next=0x5b (chunk=4096)
[VT] ESC at 2868 next=0x5b (chunk=4096)
[VT] ESC at 2979 next=0x5b (chunk=4096)
[VT] ESC at 2986 next=0x5b (chunk=4096)
[VT] ESC at 3005 next=0x5b (chunk=4096)
[VT] ESC at 3116 next=0x5b (chunk=4096)
[VT] ESC at 3123 next=0x5b (chunk=4096)
[VT] ESC at 3142 next=0x5b (chunk=4096)
[VT] ESC at 3253 next=0x5b (chunk=4096)
[VT] ESC at 3260 next=0x5b (chunk=4096)
[VT] ESC at 3279 next=0x5b (chunk=4096)
[VT] ESC at 3390 next=0x5b (chunk=4096)
[VT] ESC at 3397 next=0x5b (chunk=4096)
[VT] ESC at 3416 next=0x5b (chunk=4096)
[VT] ESC at 3527 next=0x5b (chunk=4096)
[VT] ESC at 3534 next=0x5b (chunk=4096)
[VT] ESC at 3553 next=0x5b (chunk=4096)
[VT] ESC at 3664 next=0x5b (chunk=4096)
[VT] ESC at 3671 next=0x5b (chunk=4096)
[VT] ESC at 3690 next=0x5b (chunk=4096)
[VT] ESC at 3801 next=0x5b (chunk=4096)
[VT] ESC at 3808 next=0x5b (chunk=4096)
[VT] ESC at 3827 next=0x5b (chunk=4096)
[VT] ESC at 3938 next=0x5b (chunk=4096)
[VT] ESC at 3945 next=0x5b (chunk=4096)
[VT] ESC at 3964 next=0x5b (chunk=4096)
[VT] ESC at 4075 next=0x5b (chunk=4096)
[VT] ESC at 4082 next=0x5b (chunk=4096)
[VT] ESC at 5 next=0x5b (chunk=4096)
[VT] ESC at 116 next=0x5b (chunk=4096)
[VT] ESC at 123 next=0x5b (chunk=4096)
[VT] ESC at 142 next=0x5b (chunk=4096)
[VT] ESC at 253 next=0x5b (chunk=4096)
[VT] ESC at 260 next=0x5b (chunk=4096)
[VT] ESC at 279 next=0x5b (chunk=4096)
[VT] ESC at 390 next=0x5b (chunk=4096)
[VT] ESC at 397 next=0x5b (chunk=4096)
[VT] ESC at 416 next=0x5b (chunk=4096)
[VT] ESC at 527 next=0x5b (chunk=4096)
[VT] ESC at 534 next=0x5b (chunk=4096)
[VT] ESC at 553 next=0x5b (chunk=4096)
[VT] ESC at 664 next=0x5b (chunk=4096)
[VT] ESC at 671 next=0x5b (chunk=4096)
[VT] ESC at 690 next=0x5b (chunk=4096)
[VT] ESC at 801 next=0x5b (chunk=4096)
[VT] ESC at 808 next=0x5b (chunk=4096)
[VT] ESC at 827 next=0x5b (chunk=4096)
[VT] ESC at 938 next=0x5b (chunk=4096)
[VT] ESC at 945 next=0x5b (chunk=4096)
[VT] ESC at 964 next=0x5b (chunk=4096)
[VT] ESC at 1075 next=0x5b (chunk=4096)
[VT] ESC at 1082 next=0x5b (chunk=4096)
[VT] ESC at 1101 next=0x5b (chunk=4096)
[VT] ESC at 1212 next=0x5b (chunk=4096)
[VT] ESC at 1219 next=0x5b (chunk=4096)
[VT] ESC at 1238 next=0x5b (chunk=4096)
[VT] ESC at 1349 next=0x5b (chunk=4096)
[VT] ESC at 1356 next=0x5b (chunk=4096)
[VT] ESC at 1375 next=0x5b (chunk=4096)
[VT] ESC at 1486 next=0x5b (chunk=4096)
[VT] ESC at 1493 next=0x5b (chunk=4096)
[VT] ESC at 1512 next=0x5b (chunk=4096)
[VT] ESC at 1623 next=0x5b (chunk=4096)
[VT] ESC at 1630 next=0x5b (chunk=4096)
[VT] ESC at 1649 next=0x5b (chunk=4096)
[VT] ESC at 1760 next=0x5b (chunk=4096)
[VT] ESC at 1767 next=0x5b (chunk=4096)
[VT] ESC at 1786 next=0x5b (chunk=4096)
[VT] ESC at 1897 next=0x5b (chunk=4096)
[VT] ESC at 1904 next=0x5b (chunk=4096)
[VT] ESC at 1923 next=0x5b (chunk=4096)
[VT] ESC at 2034 next=0x5b (chunk=4096)
[VT] ESC at 2041 next=0x5b (chunk=4096)
[VT] ESC at 2060 next=0x5b (chunk=4096)
[VT] ESC at 2171 next=0x5b (chunk=4096)
[VT] ESC at 2178 next=0x5b (chunk=4096)
[VT] ESC at 2197 next=0x5b (chunk=4096)
[VT] ESC at 2308 next=0x5b (chunk=4096)
[VT] ESC at 2315 next=0x5b (chunk=4096)
[VT] ESC at 2334 next=0x5b (chunk=4096)
[VT] ESC at 2445 next=0x5b (chunk=4096)
[VT] ESC at 2452 next=0x5b (chunk=4096)
[VT] ESC at 2471 next=0x5b (chunk=4096)
[VT] ESC at 2582 next=0x5b (chunk=4096)
[VT] ESC at 2589 next=0x5b (chunk=4096)
[VT] ESC at 2608 next=0x5b (chunk=4096)
[VT] ESC at 2719 next=0x5b (chunk=4096)
[VT] ESC at 2726 next=0x5b (chunk=4096)
[VT] ESC at 2745 next=0x5b (chunk=4096)
[VT] ESC at 2856 next=0x5b (chunk=4096)
[VT] ESC at 2863 next=0x5b (chunk=4096)
[VT] ESC at 2882 next=0x5b (chunk=4096)
[VT] ESC at 2993 next=0x5b (chunk=4096)
[VT] ESC at 3000 next=0x5b (chunk=4096)
[VT] ESC at 3019 next=0x5b (chunk=4096)
[VT] ESC at 3037 next=0x5b (chunk=4096)
[VT] ESC at 3041 next=0x5b (chunk=4096)
[VT] ESC at 3048 next=0x5b (chunk=4096)
[VT] ESC at 3066 next=0x5b (chunk=4096)
[VT] ESC at 3085 next=0x5b (chunk=4096)
[VT] ESC at 3089 next=0x5b (chunk=4096)
[VT] ESC at 3096 next=0x5b (chunk=4096)
[VT] ESC at 3115 next=0x5b (chunk=4096)
[VT] ESC at 3221 next=0x5b (chunk=4096)
[VT] ESC at 3225 next=0x5b (chunk=4096)
[VT] ESC at 3233 next=0x5b (chunk=4096)
[VT] ESC at 3252 next=0x5b (chunk=4096)
[VT] ESC at 3270 next=0x5b (chunk=4096)
[VT] ESC at 3277 next=0x5b (chunk=4096)
[VT] ESC at 3296 next=0x5b (chunk=4096)
[VT] ESC at 3314 next=0x5b (chunk=4096)
[VT] ESC at 3318 next=0x5b (chunk=4096)
[VT] ESC at 3325 next=0x5b (chunk=4096)
[VT] ESC at 3343 next=0x5b (chunk=4096)
[VT] ESC at 3362 next=0x5b (chunk=4096)
[VT] ESC at 3366 next=0x5b (chunk=4096)
[VT] ESC at 3373 next=0x5b (chunk=4096)
[VT] ESC at 3392 next=0x5b (chunk=4096)
[VT] ESC at 3498 next=0x5b (chunk=4096)
[VT] ESC at 3502 next=0x5b (chunk=4096)
[VT] ESC at 3510 next=0x5b (chunk=4096)
[VT] ESC at 3529 next=0x5b (chunk=4096)
[VT] ESC at 3547 next=0x5b (chunk=4096)
[VT] ESC at 3554 next=0x5b (chunk=4096)
[VT] ESC at 3573 next=0x5b (chunk=4096)
[VT] ESC at 3591 next=0x5b (chunk=4096)
[VT] ESC at 3595 next=0x5b (chunk=4096)
[VT] ESC at 3602 next=0x5b (chunk=4096)
[VT] ESC at 3620 next=0x5b (chunk=4096)
[VT] ESC at 3639 next=0x5b (chunk=4096)
[VT] ESC at 3643 next=0x5b (chunk=4096)
[VT] ESC at 3650 next=0x5b (chunk=4096)
[VT] ESC at 3669 next=0x5b (chunk=4096)
[VT] ESC at 3775 next=0x5b (chunk=4096)
[VT] ESC at 3779 next=0x5b (chunk=4096)
[VT] ESC at 3787 next=0x5b (chunk=4096)
[VT] ESC at 3806 next=0x5b (chunk=4096)
[VT] ESC at 3824 next=0x5b (chunk=4096)
[VT] ESC at 3831 next=0x5b (chunk=4096)
[VT] ESC at 3850 next=0x5b (chunk=4096)
[VT] ESC at 3868 next=0x5b (chunk=4096)
[VT] ESC at 3872 next=0x5b (chunk=4096)
[VT] ESC at 3879 next=0x5b (chunk=4096)
[VT] ESC at 3897 next=0x5b (chunk=4096)
[VT] ESC at 3916 next=0x5b (chunk=4096)
[VT] ESC at 3920 next=0x5b (chunk=4096)
[VT] ESC at 3927 next=0x5b (chunk=4096)
[VT] ESC at 3946 next=0x5b (chunk=4096)
[VT] ESC at 3964 next=0x5b (chunk=4096)
[VT] ESC at 3968 next=0x5b (chunk=4096)
[VT] ESC at 3975 next=0x5b (chunk=4096)
[VT] ESC at 3993 next=0x5b (chunk=4096)
[VT] ESC at 4014 next=0x5b (chunk=4096)
[VT] ESC at 4018 next=0x5b (chunk=4096)
[VT] ESC at 4026 next=0x5b (chunk=4096)
[VT] ESC at 4045 next=0x5b (chunk=4096)
[VT] ESC at 4062 next=0x5b (chunk=4096)
[VT] ESC at 4066 next=0x5b (chunk=4096)
[VT] ESC at 4074 next=0x5b (chunk=4096)
[VT] ESC at 4093 next=0x5b (chunk=4096)
[VT] ESC at 15 next=0x5b (chunk=1369)
[VT] ESC at 19 next=0x5b (chunk=1369)
[VT] ESC at 27 next=0x5b (chunk=1369)
[VT] ESC at 46 next=0x5b (chunk=1369)
[VT] ESC at 63 next=0x5b (chunk=1369)
[VT] ESC at 67 next=0x5b (chunk=1369)
[VT] ESC at 75 next=0x5b (chunk=1369)
[VT] ESC at 94 next=0x5b (chunk=1369)
[VT] ESC at 127 next=0x5b (chunk=1369)
[VT] ESC at 131 next=0x5b (chunk=1369)
[VT] ESC at 139 next=0x5b (chunk=1369)
[VT] ESC at 158 next=0x5b (chunk=1369)
[VT] ESC at 175 next=0x5b (chunk=1369)
[VT] ESC at 179 next=0x5b (chunk=1369)
[VT] ESC at 187 next=0x5b (chunk=1369)
[VT] ESC at 206 next=0x5b (chunk=1369)
[VT] ESC at 233 next=0x5b (chunk=1369)
[VT] ESC at 237 next=0x5b (chunk=1369)
[VT] ESC at 245 next=0x5b (chunk=1369)
[VT] ESC at 264 next=0x5b (chunk=1369)
[VT] ESC at 331 next=0x5b (chunk=1369)
[VT] ESC at 335 next=0x5b (chunk=1369)
[VT] ESC at 343 next=0x5b (chunk=1369)
[VT] ESC at 362 next=0x5b (chunk=1369)
[VT] ESC at 380 next=0x5b (chunk=1369)
[VT] ESC at 387 next=0x5b (chunk=1369)
[VT] ESC at 406 next=0x5b (chunk=1369)
[VT] ESC at 424 next=0x5b (chunk=1369)
[VT] ESC at 428 next=0x5b (chunk=1369)
[VT] ESC at 435 next=0x5b (chunk=1369)
[VT] ESC at 453 next=0x5b (chunk=1369)
[VT] ESC at 472 next=0x5b (chunk=1369)
[VT] ESC at 476 next=0x5b (chunk=1369)
[VT] ESC at 483 next=0x5b (chunk=1369)
[VT] ESC at 499 next=0x5b (chunk=1369)
[VT] ESC at 785 next=0x5b (chunk=1369)
[VT] ESC at 789 next=0x5b (chunk=1369)
[VT] ESC at 797 next=0x5b (chunk=1369)
[VT] ESC at 816 next=0x5b (chunk=1369)
[VT] ESC at 834 next=0x5b (chunk=1369)
[VT] ESC at 841 next=0x5b (chunk=1369)
[VT] ESC at 860 next=0x5b (chunk=1369)
[VT] ESC at 934 next=0x5b (chunk=1369)
[VT] ESC at 938 next=0x5b (chunk=1369)
[VT] ESC at 946 next=0x5b (chunk=1369)
[VT] ESC at 965 next=0x5b (chunk=1369)
[VT] ESC at 1000 next=0x5b (chunk=1369)
[VT] ESC at 1004 next=0x5b (chunk=1369)
[VT] ESC at 1012 next=0x5b (chunk=1369)
[VT] ESC at 1031 next=0x5b (chunk=1369)
[VT] ESC at 1049 next=0x5b (chunk=1369)
[VT] ESC at 1053 next=0x5b (chunk=1369)
[VT] ESC at 1061 next=0x5b (chunk=1369)
[VT] ESC at 1080 next=0x5b (chunk=1369)
[VT] ESC at 1103 next=0x5b (chunk=1369)
[VT] ESC at 1107 next=0x5b (chunk=1369)
[VT] ESC at 1115 next=0x5b (chunk=1369)
[VT] ESC at 1134 next=0x5b (chunk=1369)
[VT] ESC at 1158 next=0x5b (chunk=1369)
[VT] ESC at 1162 next=0x5b (chunk=1369)
[VT] ESC at 1170 next=0x5b (chunk=1369)
[VT] ESC at 1189 next=0x5b (chunk=1369)
[VT] ESC at 1207 next=0x5b (chunk=1369)
[VT] ESC at 1214 next=0x5b (chunk=1369)
[VT] ESC at 1233 next=0x5b (chunk=1369)
[VT] ESC at 1344 next=0x5b (chunk=1369)
[VT] ESC at 1348 next=0x5b (chunk=1369)
[VT] ESC at 1355 next=0x5b (chunk=1369)
[VT] ESC at 1361 next=0x5b (chunk=1369)
[VT] ESC at 0 next=0x5b (chunk=4)
[VT] ESC at 0 next=0x5b (chunk=7)
[VT] ESC at 0 next=0x5b (chunk=5)
[VT] ESC at 0 next=0x5b (chunk=4096)
[VT] ESC at 8 next=0x5b (chunk=4096)
[VT] ESC at 14 next=0x5b (chunk=4096)
[VT] ESC at 20 next=0x5b (chunk=4096)
[VT] ESC at 39 next=0x5b (chunk=4096)
[VT] ESC at 150 next=0x5b (chunk=4096)
[VT] ESC at 156 next=0x5b (chunk=4096)
[VT] ESC at 175 next=0x5b (chunk=4096)
[VT] ESC at 193 next=0x5b (chunk=4096)
[VT] ESC at 197 next=0x5b (chunk=4096)
[VT] ESC at 203 next=0x5b (chunk=4096)
[VT] ESC at 221 next=0x5b (chunk=4096)
[VT] ESC at 240 next=0x5b (chunk=4096)
[VT] ESC at 244 next=0x5b (chunk=4096)
[VT] ESC at 250 next=0x5b (chunk=4096)
[VT] ESC at 269 next=0x5b (chunk=4096)
[VT] ESC at 375 next=0x5b (chunk=4096)
[VT] ESC at 379 next=0x5b (chunk=4096)
[VT] ESC at 386 next=0x5b (chunk=4096)
[VT] ESC at 405 next=0x5b (chunk=4096)
[VT] ESC at 423 next=0x5b (chunk=4096)
[VT] ESC at 429 next=0x5b (chunk=4096)
[VT] ESC at 448 next=0x5b (chunk=4096)
[VT] ESC at 466 next=0x5b (chunk=4096)
[VT] ESC at 470 next=0x5b (chunk=4096)
[VT] ESC at 476 next=0x5b (chunk=4096)
[VT] ESC at 494 next=0x5b (chunk=4096)
[VT] ESC at 513 next=0x5b (chunk=4096)
[VT] ESC at 517 next=0x5b (chunk=4096)
[VT] ESC at 523 next=0x5b (chunk=4096)
[VT] ESC at 542 next=0x5b (chunk=4096)
[VT] ESC at 560 next=0x5b (chunk=4096)
[VT] ESC at 564 next=0x5b (chunk=4096)
[VT] ESC at 570 next=0x5b (chunk=4096)
[VT] ESC at 589 next=0x5b (chunk=4096)
[VT] ESC at 606 next=0x5b (chunk=4096)
[VT] ESC at 610 next=0x5b (chunk=4096)
[VT] ESC at 616 next=0x5b (chunk=4096)
[VT] ESC at 635 next=0x5b (chunk=4096)
[VT] ESC at 738 next=0x5b (chunk=4096)
[VT] ESC at 742 next=0x5b (chunk=4096)
[VT] ESC at 749 next=0x5b (chunk=4096)
[VT] ESC at 768 next=0x5b (chunk=4096)
[VT] ESC at 786 next=0x5b (chunk=4096)
[VT] ESC at 792 next=0x5b (chunk=4096)
[VT] ESC at 811 next=0x5b (chunk=4096)
[VT] ESC at 829 next=0x5b (chunk=4096)
[VT] ESC at 833 next=0x5b (chunk=4096)
[VT] ESC at 839 next=0x5b (chunk=4096)
[VT] ESC at 857 next=0x5b (chunk=4096)
[VT] ESC at 876 next=0x5b (chunk=4096)
[VT] ESC at 880 next=0x5b (chunk=4096)
[VT] ESC at 886 next=0x5b (chunk=4096)
[VT] ESC at 905 next=0x5b (chunk=4096)
[VT] ESC at 1011 next=0x5b (chunk=4096)
[VT] ESC at 1015 next=0x5b (chunk=4096)
[VT] ESC at 1022 next=0x5b (chunk=4096)
[VT] ESC at 1041 next=0x5b (chunk=4096)
[VT] ESC at 1059 next=0x5b (chunk=4096)
[VT] ESC at 1065 next=0x5b (chunk=4096)
[VT] ESC at 1084 next=0x5b (chunk=4096)
[VT] ESC at 1195 next=0x5b (chunk=4096)
[VT] ESC at 1201 next=0x5b (chunk=4096)
[VT] ESC at 1220 next=0x5b (chunk=4096)
[VT] ESC at 1241 next=0x5b (chunk=4096)
[VT] ESC at 1245 next=0x5b (chunk=4096)
[VT] ESC at 1251 next=0x5b (chunk=4096)
[VT] ESC at 1269 next=0x5b (chunk=4096)
[VT] ESC at 1301 next=0x5b (chunk=4096)
[VT] ESC at 1305 next=0x5b (chunk=4096)
[VT] ESC at 1312 next=0x5b (chunk=4096)
[VT] ESC at 1331 next=0x5b (chunk=4096)
[VT] ESC at 1421 next=0x5b (chunk=4096)
[VT] ESC at 1427 next=0x5b (chunk=4096)
[VT] ESC at 1446 next=0x5b (chunk=4096)
[VT] ESC at 1557 next=0x5b (chunk=4096)
[VT] ESC at 1563 next=0x5b (chunk=4096)
[VT] ESC at 1582 next=0x5b (chunk=4096)
[VT] ESC at 1603 next=0x5b (chunk=4096)
[VT] ESC at 1607 next=0x5b (chunk=4096)
[VT] ESC at 1613 next=0x5b (chunk=4096)
[VT] ESC at 1632 next=0x5b (chunk=4096)
[VT] ESC at 1735 next=0x5b (chunk=4096)
[VT] ESC at 1739 next=0x5b (chunk=4096)
[VT] ESC at 1746 next=0x5b (chunk=4096)
[VT] ESC at 1765 next=0x5b (chunk=4096)
[VT] ESC at 1786 next=0x5b (chunk=4096)
[VT] ESC at 1792 next=0x5b (chunk=4096)
[VT] ESC at 1811 next=0x5b (chunk=4096)
[VT] ESC at 1922 next=0x5b (chunk=4096)
[VT] ESC at 1929 next=0x5b (chunk=4096)
[VT] ESC at 1948 next=0x5b (chunk=4096)
[VT] ESC at 1969 next=0x5b (chunk=4096)
[VT] ESC at 1973 next=0x5b (chunk=4096)
[VT] ESC at 1980 next=0x5b (chunk=4096)
[VT] ESC at 1998 next=0x5b (chunk=4096)
[VT] ESC at 2018 next=0x5b (chunk=4096)
[VT] ESC at 2022 next=0x5b (chunk=4096)
[VT] ESC at 2029 next=0x5b (chunk=4096)
[VT] ESC at 2048 next=0x5b (chunk=4096)
[VT] ESC at 2065 next=0x5b (chunk=4096)
[VT] ESC at 2069 next=0x5b (chunk=4096)
[VT] ESC at 2076 next=0x5b (chunk=4096)
[VT] ESC at 2095 next=0x5b (chunk=4096)
[VT] ESC at 2116 next=0x5b (chunk=4096)
[VT] ESC at 2120 next=0x5b (chunk=4096)
[VT] ESC at 2128 next=0x5b (chunk=4096)
[VT] ESC at 2147 next=0x5b (chunk=4096)
[VT] ESC at 2192 next=0x5b (chunk=4096)
[VT] ESC at 2196 next=0x5b (chunk=4096)
[VT] ESC at 2204 next=0x5b (chunk=4096)
[VT] ESC at 2223 next=0x5b (chunk=4096)
[VT] ESC at 2294 next=0x5b (chunk=4096)
[VT] ESC at 2301 next=0x5b (chunk=4096)
[VT] ESC at 2320 next=0x5b (chunk=4096)
[VT] ESC at 2431 next=0x5b (chunk=4096)
[VT] ESC at 2438 next=0x5b (chunk=4096)
[VT] ESC at 2457 next=0x5b (chunk=4096)
[VT] ESC at 2568 next=0x5b (chunk=4096)
[VT] ESC at 2575 next=0x5b (chunk=4096)
[VT] ESC at 2594 next=0x5b (chunk=4096)
[VT] ESC at 2705 next=0x5b (chunk=4096)
[VT] ESC at 2712 next=0x5b (chunk=4096)
[VT] ESC at 2731 next=0x5b (chunk=4096)
[VT] ESC at 2842 next=0x5b (chunk=4096)
[VT] ESC at 2849 next=0x5b (chunk=4096)
[VT] ESC at 2868 next=0x5b (chunk=4096)
[VT] ESC at 2979 next=0x5b (chunk=4096)
[VT] ESC at 2986 next=0x5b (chunk=4096)
[VT] ESC at 3005 next=0x5b (chunk=4096)
[VT] ESC at 3116 next=0x5b (chunk=4096)
[VT] ESC at 3123 next=0x5b (chunk=4096)
[VT] ESC at 3142 next=0x5b (chunk=4096)
[VT] ESC at 3253 next=0x5b (chunk=4096)
[VT] ESC at 3260 next=0x5b (chunk=4096)
[VT] ESC at 3279 next=0x5b (chunk=4096)
[VT] ESC at 3390 next=0x5b (chunk=4096)
[VT] ESC at 3397 next=0x5b (chunk=4096)
[VT] ESC at 3416 next=0x5b (chunk=4096)
[VT] ESC at 3527 next=0x5b (chunk=4096)
[VT] ESC at 3534 next=0x5b (chunk=4096)
[VT] ESC at 3553 next=0x5b (chunk=4096)
[VT] ESC at 3664 next=0x5b (chunk=4096)
[VT] ESC at 3671 next=0x5b (chunk=4096)
[VT] ESC at 3690 next=0x5b (chunk=4096)
[VT] ESC at 3801 next=0x5b (chunk=4096)
[VT] ESC at 3808 next=0x5b (chunk=4096)
[VT] ESC at 3827 next=0x5b (chunk=4096)
[VT] ESC at 3938 next=0x5b (chunk=4096)
[VT] ESC at 3945 next=0x5b (chunk=4096)
[VT] ESC at 3964 next=0x5b (chunk=4096)
[VT] ESC at 4075 next=0x5b (chunk=4096)
[VT] ESC at 4082 next=0x5b (chunk=4096)
[VT] ESC at 5 next=0x5b (chunk=4096)
[VT] ESC at 116 next=0x5b (chunk=4096)
[VT] ESC at 123 next=0x5b (chunk=4096)
[VT] ESC at 142 next=0x5b (chunk=4096)
[VT] ESC at 253 next=0x5b (chunk=4096)
[VT] ESC at 260 next=0x5b (chunk=4096)
[VT] ESC at 279 next=0x5b (chunk=4096)
[VT] ESC at 390 next=0x5b (chunk=4096)
[VT] ESC at 397 next=0x5b (chunk=4096)
[VT] ESC at 416 next=0x5b (chunk=4096)
[VT] ESC at 527 next=0x5b (chunk=4096)
[VT] ESC at 534 next=0x5b (chunk=4096)
[VT] ESC at 553 next=0x5b (chunk=4096)
[VT] ESC at 664 next=0x5b (chunk=4096)
[VT] ESC at 671 next=0x5b (chunk=4096)
[VT] ESC at 690 next=0x5b (chunk=4096)
[VT] ESC at 801 next=0x5b (chunk=4096)
[VT] ESC at 808 next=0x5b (chunk=4096)
[VT] ESC at 827 next=0x5b (chunk=4096)
[VT] ESC at 938 next=0x5b (chunk=4096)
[VT] ESC at 945 next=0x5b (chunk=4096)
[VT] ESC at 964 next=0x5b (chunk=4096)
[VT] ESC at 1075 next=0x5b (chunk=4096)
[VT] ESC at 1082 next=0x5b (chunk=4096)
[VT] ESC at 1101 next=0x5b (chunk=4096)
[VT] ESC at 1212 next=0x5b (chunk=4096)
[VT] ESC at 1219 next=0x5b (chunk=4096)
[VT] ESC at 1238 next=0x5b (chunk=4096)
[VT] ESC at 1349 next=0x5b (chunk=4096)
[VT] ESC at 1356 next=0x5b (chunk=4096)
[VT] ESC at 1375 next=0x5b (chunk=4096)
[VT] ESC at 1486 next=0x5b (chunk=4096)
[VT] ESC at 1493 next=0x5b (chunk=4096)
[VT] ESC at 1512 next=0x5b (chunk=4096)
[VT] ESC at 1623 next=0x5b (chunk=4096)
[VT] ESC at 1630 next=0x5b (chunk=4096)
[VT] ESC at 1649 next=0x5b (chunk=4096)
[VT] ESC at 1760 next=0x5b (chunk=4096)
[VT] ESC at 1767 next=0x5b (chunk=4096)
[VT] ESC at 1786 next=0x5b (chunk=4096)
[VT] ESC at 1897 next=0x5b (chunk=4096)
[VT] ESC at 1904 next=0x5b (chunk=4096)
[VT] ESC at 1923 next=0x5b (chunk=4096)
[VT] ESC at 2034 next=0x5b (chunk=4096)
[VT] ESC at 2041 next=0x5b (chunk=4096)
[VT] ESC at 2060 next=0x5b (chunk=4096)
[VT] ESC at 2171 next=0x5b (chunk=4096)
[VT] ESC at 2178 next=0x5b (chunk=4096)
[VT] ESC at 2197 next=0x5b (chunk=4096)
[VT] ESC at 2308 next=0x5b (chunk=4096)
[VT] ESC at 2315 next=0x5b (chunk=4096)
[VT] ESC at 2334 next=0x5b (chunk=4096)
[VT] ESC at 2445 next=0x5b (chunk=4096)
[VT] ESC at 2452 next=0x5b (chunk=4096)
[VT] ESC at 2471 next=0x5b (chunk=4096)
[VT] ESC at 2582 next=0x5b (chunk=4096)
[VT] ESC at 2589 next=0x5b (chunk=4096)
[VT] ESC at 2608 next=0x5b (chunk=4096)
[VT] ESC at 2719 next=0x5b (chunk=4096)
[VT] ESC at 2726 next=0x5b (chunk=4096)
[VT] ESC at 2745 next=0x5b (chunk=4096)
[VT] ESC at 2856 next=0x5b (chunk=4096)
[VT] ESC at 2863 next=0x5b (chunk=4096)
[VT] ESC at 2882 next=0x5b (chunk=4096)
[VT] ESC at 2900 next=0x5b (chunk=4096)
[VT] ESC at 2904 next=0x5b (chunk=4096)
[VT] ESC at 2911 next=0x5b (chunk=4096)
[VT] ESC at 2929 next=0x5b (chunk=4096)
[VT] ESC at 2948 next=0x5b (chunk=4096)
[VT] ESC at 2952 next=0x5b (chunk=4096)
[VT] ESC at 2959 next=0x5b (chunk=4096)
[VT] ESC at 2978 next=0x5b (chunk=4096)
[VT] ESC at 3084 next=0x5b (chunk=4096)
[VT] ESC at 3088 next=0x5b (chunk=4096)
[VT] ESC at 3096 next=0x5b (chunk=4096)
[VT] ESC at 3115 next=0x5b (chunk=4096)
[VT] ESC at 3133 next=0x5b (chunk=4096)
[VT] ESC at 3140 next=0x5b (chunk=4096)
[VT] ESC at 3159 next=0x5b (chunk=4096)
[VT] ESC at 3177 next=0x5b (chunk=4096)
[VT] ESC at 3181 next=0x5b (chunk=4096)
[VT] ESC at 3188 next=0x5b (chunk=4096)
[VT] ESC at 3206 next=0x5b (chunk=4096)
[VT] ESC at 3225 next=0x5b (chunk=4096)
[VT] ESC at 3229 next=0x5b (chunk=4096)
[VT] ESC at 3236 next=0x5b (chunk=4096)
[VT] ESC at 3255 next=0x5b (chunk=4096)
[VT] ESC at 3361 next=0x5b (chunk=4096)
[VT] ESC at 3365 next=0x5b (chunk=4096)
[VT] ESC at 3373 next=0x5b (chunk=4096)
[VT] ESC at 3392 next=0x5b (chunk=4096)
[VT] ESC at 3410 next=0x5b (chunk=4096)
[VT] ESC at 3417 next=0x5b (chunk=4096)
[VT] ESC at 3436 next=0x5b (chunk=4096)
[VT] ESC at 3454 next=0x5b (chunk=4096)
[VT] ESC at 3458 next=0x5b (chunk=4096)
[VT] ESC at 3465 next=0x5b (chunk=4096)
[VT] ESC at 3483 next=0x5b (chunk=4096)
[VT] ESC at 3502 next=0x5b (chunk=4096)
[VT] ESC at 3506 next=0x5b (chunk=4096)
[VT] ESC at 3513 next=0x5b (chunk=4096)
[VT] ESC at 3532 next=0x5b (chunk=4096)
[VT] ESC at 3638 next=0x5b (chunk=4096)
[VT] ESC at 3642 next=0x5b (chunk=4096)
[VT] ESC at 3650 next=0x5b (chunk=4096)
[VT] ESC at 3669 next=0x5b (chunk=4096)
[VT] ESC at 3687 next=0x5b (chunk=4096)
[VT] ESC at 3694 next=0x5b (chunk=4096)
[VT] ESC at 3713 next=0x5b (chunk=4096)
[VT] ESC at 3731 next=0x5b (chunk=4096)
[VT] ESC at 3735 next=0x5b (chunk=4096)
[VT] ESC at 3742 next=0x5b (chunk=4096)
[VT] ESC at 3760 next=0x5b (chunk=4096)
[VT] ESC at 3779 next=0x5b (chunk=4096)
[VT] ESC at 3783 next=0x5b (chunk=4096)
[VT] ESC at 3790 next=0x5b (chunk=4096)
[VT] ESC at 3809 next=0x5b (chunk=4096)
[VT] ESC at 3827 next=0x5b (chunk=4096)
[VT] ESC at 3831 next=0x5b (chunk=4096)
[VT] ESC at 3838 next=0x5b (chunk=4096)
[VT] ESC at 3856 next=0x5b (chunk=4096)
[VT] ESC at 3877 next=0x5b (chunk=4096)
[VT] ESC at 3881 next=0x5b (chunk=4096)
[VT] ESC at 3889 next=0x5b (chunk=4096)
[VT] ESC at 3908 next=0x5b (chunk=4096)
[VT] ESC at 3925 next=0x5b (chunk=4096)
[VT] ESC at 3929 next=0x5b (chunk=4096)
[VT] ESC at 3937 next=0x5b (chunk=4096)
[VT] ESC at 3956 next=0x5b (chunk=4096)
[VT] ESC at 3974 next=0x5b (chunk=4096)
[VT] ESC at 3978 next=0x5b (chunk=4096)
[VT] ESC at 3986 next=0x5b (chunk=4096)
[VT] ESC at 4005 next=0x5b (chunk=4096)
[VT] ESC at 4022 next=0x5b (chunk=4096)
[VT] ESC at 4026 next=0x5b (chunk=4096)
[VT] ESC at 4034 next=0x5b (chunk=4096)
[VT] ESC at 4053 next=0x5b (chunk=4096)
[VT] ESC at 4086 next=0x5b (chunk=4096)
[VT] ESC at 4090 next=0x5b (chunk=4096)
[VT] ESC at 2 next=0x5b (chunk=1232)
[VT] ESC at 21 next=0x5b (chunk=1232)
[VT] ESC at 38 next=0x5b (chunk=1232)
[VT] ESC at 42 next=0x5b (chunk=1232)
[VT] ESC at 50 next=0x5b (chunk=1232)
[VT] ESC at 69 next=0x5b (chunk=1232)
[VT] ESC at 96 next=0x5b (chunk=1232)
[VT] ESC at 100 next=0x5b (chunk=1232)
[VT] ESC at 108 next=0x5b (chunk=1232)
[VT] ESC at 127 next=0x5b (chunk=1232)
[VT] ESC at 194 next=0x5b (chunk=1232)
[VT] ESC at 198 next=0x5b (chunk=1232)
[VT] ESC at 206 next=0x5b (chunk=1232)
[VT] ESC at 225 next=0x5b (chunk=1232)
[VT] ESC at 243 next=0x5b (chunk=1232)
[VT] ESC at 250 next=0x5b (chunk=1232)
[VT] ESC at 269 next=0x5b (chunk=1232)
[VT] ESC at 287 next=0x5b (chunk=1232)
[VT] ESC at 291 next=0x5b (chunk=1232)
[VT] ESC at 298 next=0x5b (chunk=1232)
[VT] ESC at 316 next=0x5b (chunk=1232)
[VT] ESC at 335 next=0x5b (chunk=1232)
[VT] ESC at 339 next=0x5b (chunk=1232)
[VT] ESC at 346 next=0x5b (chunk=1232)
[VT] ESC at 362 next=0x5b (chunk=1232)
[VT] ESC at 648 next=0x5b (chunk=1232)
[VT] ESC at 652 next=0x5b (chunk=1232)
[VT] ESC at 660 next=0x5b (chunk=1232)
[VT] ESC at 679 next=0x5b (chunk=1232)
[VT] ESC at 697 next=0x5b (chunk=1232)
[VT] ESC at 704 next=0x5b (chunk=1232)
[VT] ESC at 723 next=0x5b (chunk=1232)
[VT] ESC at 797 next=0x5b (chunk=1232)
[VT] ESC at 801 next=0x5b (chunk=1232)
[VT] ESC at 809 next=0x5b (chunk=1232)
[VT] ESC at 828 next=0x5b (chunk=1232)
[VT] ESC at 863 next=0x5b (chunk=1232)
[VT] ESC at 867 next=0x5b (chunk=1232)
[VT] ESC at 875 next=0x5b (chunk=1232)
[VT] ESC at 894 next=0x5b (chunk=1232)
[VT] ESC at 912 next=0x5b (chunk=1232)
[VT] ESC at 916 next=0x5b (chunk=1232)
[VT] ESC at 924 next=0x5b (chunk=1232)
[VT] ESC at 943 next=0x5b (chunk=1232)
[VT] ESC at 966 next=0x5b (chunk=1232)
[VT] ESC at 970 next=0x5b (chunk=1232)
[VT] ESC at 978 next=0x5b (chunk=1232)
[VT] ESC at 997 next=0x5b (chunk=1232)
[VT] ESC at 1021 next=0x5b (chunk=1232)
[VT] ESC at 1025 next=0x5b (chunk=1232)
[VT] ESC at 1033 next=0x5b (chunk=1232)
[VT] ESC at 1052 next=0x5b (chunk=1232)
[VT] ESC at 1070 next=0x5b (chunk=1232)
[VT] ESC at 1077 next=0x5b (chunk=1232)
[VT] ESC at 1096 next=0x5b (chunk=1232)
[VT] ESC at 1207 next=0x5b (chunk=1232)
[VT] ESC at 1211 next=0x5b (chunk=1232)
[VT] ESC at 1218 next=0x5b (chunk=1232)
[VT] ESC at 1224 next=0x5b (chunk=1232)
[VT] ESC at 0 next=0x5b (chunk=4)
[VT] ESC at 0 next=0x5b (chunk=7)
[VT] ESC at 0 next=0x5b (chunk=5)
[VT] ESC at 0 next=0x5b (chunk=4096)
[VT] ESC at 8 next=0x5b (chunk=4096)
[VT] ESC at 14 next=0x5b (chunk=4096)
[VT] ESC at 20 next=0x5b (chunk=4096)
[VT] ESC at 39 next=0x5b (chunk=4096)
[VT] ESC at 150 next=0x5b (chunk=4096)
[VT] ESC at 156 next=0x5b (chunk=4096)
[VT] ESC at 175 next=0x5b (chunk=4096)
[VT] ESC at 193 next=0x5b (chunk=4096)
[VT] ESC at 197 next=0x5b (chunk=4096)
[VT] ESC at 203 next=0x5b (chunk=4096)
[VT] ESC at 221 next=0x5b (chunk=4096)
[VT] ESC at 240 next=0x5b (chunk=4096)
[VT] ESC at 244 next=0x5b (chunk=4096)
[VT] ESC at 250 next=0x5b (chunk=4096)
[VT] ESC at 269 next=0x5b (chunk=4096)
[VT] ESC at 375 next=0x5b (chunk=4096)
[VT] ESC at 379 next=0x5b (chunk=4096)
[VT] ESC at 386 next=0x5b (chunk=4096)
[VT] ESC at 405 next=0x5b (chunk=4096)
[VT] ESC at 423 next=0x5b (chunk=4096)
[VT] ESC at 429 next=0x5b (chunk=4096)
[VT] ESC at 448 next=0x5b (chunk=4096)
[VT] ESC at 466 next=0x5b (chunk=4096)
[VT] ESC at 470 next=0x5b (chunk=4096)
[VT] ESC at 476 next=0x5b (chunk=4096)
[VT] ESC at 494 next=0x5b (chunk=4096)
[VT] ESC at 513 next=0x5b (chunk=4096)
[VT] ESC at 517 next=0x5b (chunk=4096)
[VT] ESC at 523 next=0x5b (chunk=4096)
[VT] ESC at 542 next=0x5b (chunk=4096)
[VT] ESC at 560 next=0x5b (chunk=4096)
[VT] ESC at 564 next=0x5b (chunk=4096)
[VT] ESC at 570 next=0x5b (chunk=4096)
[VT] ESC at 589 next=0x5b (chunk=4096)
[VT] ESC at 606 next=0x5b (chunk=4096)
[VT] ESC at 610 next=0x5b (chunk=4096)
[VT] ESC at 616 next=0x5b (chunk=4096)
[VT] ESC at 635 next=0x5b (chunk=4096)
[VT] ESC at 738 next=0x5b (chunk=4096)
[VT] ESC at 742 next=0x5b (chunk=4096)
[VT] ESC at 749 next=0x5b (chunk=4096)
[VT] ESC at 768 next=0x5b (chunk=4096)
[VT] ESC at 786 next=0x5b (chunk=4096)
[VT] ESC at 792 next=0x5b (chunk=4096)
[VT] ESC at 811 next=0x5b (chunk=4096)
[VT] ESC at 829 next=0x5b (chunk=4096)
[VT] ESC at 833 next=0x5b (chunk=4096)
[VT] ESC at 839 next=0x5b (chunk=4096)
[VT] ESC at 857 next=0x5b (chunk=4096)
[VT] ESC at 876 next=0x5b (chunk=4096)
[VT] ESC at 880 next=0x5b (chunk=4096)
[VT] ESC at 886 next=0x5b (chunk=4096)
[VT] ESC at 905 next=0x5b (chunk=4096)
[VT] ESC at 1011 next=0x5b (chunk=4096)
[VT] ESC at 1015 next=0x5b (chunk=4096)
[VT] ESC at 1022 next=0x5b (chunk=4096)
[VT] ESC at 1041 next=0x5b (chunk=4096)
[VT] ESC at 1059 next=0x5b (chunk=4096)
[VT] ESC at 1065 next=0x5b (chunk=4096)
[VT] ESC at 1084 next=0x5b (chunk=4096)
[VT] ESC at 1195 next=0x5b (chunk=4096)
[VT] ESC at 1201 next=0x5b (chunk=4096)
[VT] ESC at 1220 next=0x5b (chunk=4096)
[VT] ESC at 1241 next=0x5b (chunk=4096)
[VT] ESC at 1245 next=0x5b (chunk=4096)
[VT] ESC at 1251 next=0x5b (chunk=4096)
[VT] ESC at 1269 next=0x5b (chunk=4096)
[VT] ESC at 1301 next=0x5b (chunk=4096)
[VT] ESC at 1305 next=0x5b (chunk=4096)
[VT] ESC at 1312 next=0x5b (chunk=4096)
[VT] ESC at 1331 next=0x5b (chunk=4096)
[VT] ESC at 1421 next=0x5b (chunk=4096)
[VT] ESC at 1427 next=0x5b (chunk=4096)
[VT] ESC at 1446 next=0x5b (chunk=4096)
[VT] ESC at 1557 next=0x5b (chunk=4096)
[VT] ESC at 1563 next=0x5b (chunk=4096)
[VT] ESC at 1582 next=0x5b (chunk=4096)
[VT] ESC at 1603 next=0x5b (chunk=4096)
[VT] ESC at 1607 next=0x5b (chunk=4096)
[VT] ESC at 1613 next=0x5b (chunk=4096)
[VT] ESC at 1632 next=0x5b (chunk=4096)
[VT] ESC at 1735 next=0x5b (chunk=4096)
[VT] ESC at 1739 next=0x5b (chunk=4096)
[VT] ESC at 1746 next=0x5b (chunk=4096)
[VT] ESC at 1765 next=0x5b (chunk=4096)
[VT] ESC at 1786 next=0x5b (chunk=4096)
[VT] ESC at 1792 next=0x5b (chunk=4096)
[VT] ESC at 1811 next=0x5b (chunk=4096)
[VT] ESC at 1922 next=0x5b (chunk=4096)
[VT] ESC at 1929 next=0x5b (chunk=4096)
[VT] ESC at 1948 next=0x5b (chunk=4096)
[VT] ESC at 1969 next=0x5b (chunk=4096)
[VT] ESC at 1973 next=0x5b (chunk=4096)
[VT] ESC at 1980 next=0x5b (chunk=4096)
[VT] ESC at 1998 next=0x5b (chunk=4096)
[VT] ESC at 2018 next=0x5b (chunk=4096)
[VT] ESC at 2022 next=0x5b (chunk=4096)
[VT] ESC at 2029 next=0x5b (chunk=4096)
[VT] ESC at 2048 next=0x5b (chunk=4096)
[VT] ESC at 2065 next=0x5b (chunk=4096)
[VT] ESC at 2069 next=0x5b (chunk=4096)
[VT] ESC at 2076 next=0x5b (chunk=4096)
[VT] ESC at 2095 next=0x5b (chunk=4096)
[VT] ESC at 2116 next=0x5b (chunk=4096)
[VT] ESC at 2120 next=0x5b (chunk=4096)
[VT] ESC at 2128 next=0x5b (chunk=4096)
[VT] ESC at 2147 next=0x5b (chunk=4096)
[VT] ESC at 2192 next=0x5b (chunk=4096)
[VT] ESC at 2196 next=0x5b (chunk=4096)
[VT] ESC at 2204 next=0x5b (chunk=4096)
[VT] ESC at 2223 next=0x5b (chunk=4096)
[VT] ESC at 2294 next=0x5b (chunk=4096)
[VT] ESC at 2301 next=0x5b (chunk=4096)
[VT] ESC at 2320 next=0x5b (chunk=4096)
[VT] ESC at 2431 next=0x5b (chunk=4096)
[VT] ESC at 2438 next=0x5b (chunk=4096)
[VT] ESC at 2457 next=0x5b (chunk=4096)
[VT] ESC at 2568 next=0x5b (chunk=4096)
[VT] ESC at 2575 next=0x5b (chunk=4096)
[VT] ESC at 2594 next=0x5b (chunk=4096)
[VT] ESC at 2705 next=0x5b (chunk=4096)
[VT] ESC at 2712 next=0x5b (chunk=4096)
[VT] ESC at 2731 next=0x5b (chunk=4096)
[VT] ESC at 2842 next=0x5b (chunk=4096)
[VT] ESC at 2849 next=0x5b (chunk=4096)
[VT] ESC at 2868 next=0x5b (chunk=4096)
[VT] ESC at 2979 next=0x5b (chunk=4096)
[VT] ESC at 2986 next=0x5b (chunk=4096)
[VT] ESC at 3005 next=0x5b (chunk=4096)
[VT] ESC at 3116 next=0x5b (chunk=4096)
[VT] ESC at 3123 next=0x5b (chunk=4096)
[VT] ESC at 3142 next=0x5b (chunk=4096)
[VT] ESC at 3253 next=0x5b (chunk=4096)
[VT] ESC at 3260 next=0x5b (chunk=4096)
[VT] ESC at 3279 next=0x5b (chunk=4096)
[VT] ESC at 3390 next=0x5b (chunk=4096)
[VT] ESC at 3397 next=0x5b (chunk=4096)
[VT] ESC at 3416 next=0x5b (chunk=4096)
[VT] ESC at 3527 next=0x5b (chunk=4096)
[VT] ESC at 3534 next=0x5b (chunk=4096)
[VT] ESC at 3553 next=0x5b (chunk=4096)
[VT] ESC at 3664 next=0x5b (chunk=4096)
[VT] ESC at 3671 next=0x5b (chunk=4096)
[VT] ESC at 3690 next=0x5b (chunk=4096)
[VT] ESC at 3801 next=0x5b (chunk=4096)
[VT] ESC at 3808 next=0x5b (chunk=4096)
[VT] ESC at 3827 next=0x5b (chunk=4096)
[VT] ESC at 3938 next=0x5b (chunk=4096)
[VT] ESC at 3945 next=0x5b (chunk=4096)
[VT] ESC at 3964 next=0x5b (chunk=4096)
[VT] ESC at 4075 next=0x5b (chunk=4096)
[VT] ESC at 4082 next=0x5b (chunk=4096)
[VT] ESC at 5 next=0x5b (chunk=4096)
[VT] ESC at 116 next=0x5b (chunk=4096)
[VT] ESC at 123 next=0x5b (chunk=4096)
[VT] ESC at 142 next=0x5b (chunk=4096)
[VT] ESC at 253 next=0x5b (chunk=4096)
[VT] ESC at 260 next=0x5b (chunk=4096)
[VT] ESC at 279 next=0x5b (chunk=4096)
[VT] ESC at 390 next=0x5b (chunk=4096)
[VT] ESC at 397 next=0x5b (chunk=4096)
[VT] ESC at 416 next=0x5b (chunk=4096)
[VT] ESC at 527 next=0x5b (chunk=4096)
[VT] ESC at 534 next=0x5b (chunk=4096)
[VT] ESC at 553 next=0x5b (chunk=4096)
[VT] ESC at 664 next=0x5b (chunk=4096)
[VT] ESC at 671 next=0x5b (chunk=4096)
[VT] ESC at 690 next=0x5b (chunk=4096)
[VT] ESC at 801 next=0x5b (chunk=4096)
[VT] ESC at 808 next=0x5b (chunk=4096)
[VT] ESC at 827 next=0x5b (chunk=4096)
[VT] ESC at 938 next=0x5b (chunk=4096)
[VT] ESC at 945 next=0x5b (chunk=4096)
[VT] ESC at 964 next=0x5b (chunk=4096)
[VT] ESC at 1075 next=0x5b (chunk=4096)
[VT] ESC at 1082 next=0x5b (chunk=4096)
[VT] ESC at 1101 next=0x5b (chunk=4096)
[VT] ESC at 1212 next=0x5b (chunk=4096)
[VT] ESC at 1219 next=0x5b (chunk=4096)
[VT] ESC at 1238 next=0x5b (chunk=4096)
[VT] ESC at 1349 next=0x5b (chunk=4096)
[VT] ESC at 1356 next=0x5b (chunk=4096)
[VT] ESC at 1375 next=0x5b (chunk=4096)
[VT] ESC at 1486 next=0x5b (chunk=4096)
[VT] ESC at 1493 next=0x5b (chunk=4096)
[VT] ESC at 1512 next=0x5b (chunk=4096)
[VT] ESC at 1623 next=0x5b (chunk=4096)
[VT] ESC at 1630 next=0x5b (chunk=4096)
[VT] ESC at 1649 next=0x5b (chunk=4096)
[VT] ESC at 1760 next=0x5b (chunk=4096)
[VT] ESC at 1767 next=0x5b (chunk=4096)
[VT] ESC at 1786 next=0x5b (chunk=4096)
[VT] ESC at 1897 next=0x5b (chunk=4096)
[VT] ESC at 1904 next=0x5b (chunk=4096)
[VT] ESC at 1923 next=0x5b (chunk=4096)
[VT] ESC at 2034 next=0x5b (chunk=4096)
[VT] ESC at 2041 next=0x5b (chunk=4096)
[VT] ESC at 2060 next=0x5b (chunk=4096)
[VT] ESC at 2171 next=0x5b (chunk=4096)
[VT] ESC at 2178 next=0x5b (chunk=4096)
[VT] ESC at 2197 next=0x5b (chunk=4096)
[VT] ESC at 2308 next=0x5b (chunk=4096)
[VT] ESC at 2315 next=0x5b (chunk=4096)
[VT] ESC at 2334 next=0x5b (chunk=4096)
[VT] ESC at 2445 next=0x5b (chunk=4096)
[VT] ESC at 2452 next=0x5b (chunk=4096)
[VT] ESC at 2471 next=0x5b (chunk=4096)
[VT] ESC at 2582 next=0x5b (chunk=4096)
[VT] ESC at 2589 next=0x5b (chunk=4096)
[VT] ESC at 2608 next=0x5b (chunk=4096)
[VT] ESC at 2719 next=0x5b (chunk=4096)
[VT] ESC at 2726 next=0x5b (chunk=4096)
[VT] ESC at 2745 next=0x5b (chunk=4096)
[VT] ESC at 2856 next=0x5b (chunk=4096)
[VT] ESC at 2863 next=0x5b (chunk=4096)
[VT] ESC at 2882 next=0x5b (chunk=4096)
[VT] ESC at 2993 next=0x5b (chunk=4096)
[VT] ESC at 3000 next=0x5b (chunk=4096)
[VT] ESC at 3019 next=0x5b (chunk=4096)
[VT] ESC at 3037 next=0x5b (chunk=4096)
[VT] ESC at 3041 next=0x5b (chunk=4096)
[VT] ESC at 3048 next=0x5b (chunk=4096)
[VT] ESC at 3066 next=0x5b (chunk=4096)
[VT] ESC at 3085 next=0x5b (chunk=4096)
[VT] ESC at 3089 next=0x5b (chunk=4096)
[VT] ESC at 3096 next=0x5b (chunk=4096)
[VT] ESC at 3115 next=0x5b (chunk=4096)
[VT] ESC at 3221 next=0x5b (chunk=4096)
[VT] ESC at 3225 next=0x5b (chunk=4096)
[VT] ESC at 3233 next=0x5b (chunk=4096)
[VT] ESC at 3252 next=0x5b (chunk=4096)
[VT] ESC at 3270 next=0x5b (chunk=4096)
[VT] ESC at 3277 next=0x5b (chunk=4096)
[VT] ESC at 3296 next=0x5b (chunk=4096)
[VT] ESC at 3314 next=0x5b (chunk=4096)
[VT] ESC at 3318 next=0x5b (chunk=4096)
[VT] ESC at 3325 next=0x5b (chunk=4096)
[VT] ESC at 3343 next=0x5b (chunk=4096)
[VT] ESC at 3362 next=0x5b (chunk=4096)
[VT] ESC at 3366 next=0x5b (chunk=4096)
[VT] ESC at 3373 next=0x5b (chunk=4096)
[VT] ESC at 3392 next=0x5b (chunk=4096)
[VT] ESC at 3498 next=0x5b (chunk=4096)
[VT] ESC at 3502 next=0x5b (chunk=4096)
[VT] ESC at 3510 next=0x5b (chunk=4096)
[VT] ESC at 3529 next=0x5b (chunk=4096)
[VT] ESC at 3547 next=0x5b (chunk=4096)
[VT] ESC at 3554 next=0x5b (chunk=4096)
[VT] ESC at 3573 next=0x5b (chunk=4096)
[VT] ESC at 3591 next=0x5b (chunk=4096)
[VT] ESC at 3595 next=0x5b (chunk=4096)
[VT] ESC at 3602 next=0x5b (chunk=4096)
[VT] ESC at 3620 next=0x5b (chunk=4096)
[VT] ESC at 3639 next=0x5b (chunk=4096)
[VT] ESC at 3643 next=0x5b (chunk=4096)
[VT] ESC at 3650 next=0x5b (chunk=4096)
[VT] ESC at 3669 next=0x5b (chunk=4096)
[VT] ESC at 3775 next=0x5b (chunk=4096)
[VT] ESC at 3779 next=0x5b (chunk=4096)
[VT] ESC at 3787 next=0x5b (chunk=4096)
[VT] ESC at 3806 next=0x5b (chunk=4096)
[VT] ESC at 3824 next=0x5b (chunk=4096)
[VT] ESC at 3831 next=0x5b (chunk=4096)
[VT] ESC at 3850 next=0x5b (chunk=4096)
[VT] ESC at 3868 next=0x5b (chunk=4096)
[VT] ESC at 3872 next=0x5b (chunk=4096)
[VT] ESC at 3879 next=0x5b (chunk=4096)
[VT] ESC at 3897 next=0x5b (chunk=4096)
[VT] ESC at 3916 next=0x5b (chunk=4096)
[VT] ESC at 3920 next=0x5b (chunk=4096)
[VT] ESC at 3927 next=0x5b (chunk=4096)
[VT] ESC at 3946 next=0x5b (chunk=4096)
[VT] ESC at 3964 next=0x5b (chunk=4096)
[VT] ESC at 3968 next=0x5b (chunk=4096)
[VT] ESC at 3975 next=0x5b (chunk=4096)
[VT] ESC at 3993 next=0x5b (chunk=4096)
[VT] ESC at 4014 next=0x5b (chunk=4096)
[VT] ESC at 4018 next=0x5b (chunk=4096)
[VT] ESC at 4026 next=0x5b (chunk=4096)
[VT] ESC at 4045 next=0x5b (chunk=4096)
[VT] ESC at 4062 next=0x5b (chunk=4096)
[VT] ESC at 4066 next=0x5b (chunk=4096)
[VT] ESC at 4074 next=0x5b (chunk=4096)
[VT] ESC at 4093 next=0x5b (chunk=4096)
[VT] ESC at 15 next=0x5b (chunk=1369)
[VT] ESC at 19 next=0x5b (chunk=1369)
[VT] ESC at 27 next=0x5b (chunk=1369)
[VT] ESC at 46 next=0x5b (chunk=1369)
[VT] ESC at 63 next=0x5b (chunk=1369)
[VT] ESC at 67 next=0x5b (chunk=1369)
[VT] ESC at 75 next=0x5b (chunk=1369)
[VT] ESC at 94 next=0x5b (chunk=1369)
[VT] ESC at 127 next=0x5b (chunk=1369)
[VT] ESC at 131 next=0x5b (chunk=1369)
[VT] ESC at 139 next=0x5b (chunk=1369)
[VT] ESC at 158 next=0x5b (chunk=1369)
[VT] ESC at 175 next=0x5b (chunk=1369)
[VT] ESC at 179 next=0x5b (chunk=1369)
[VT] ESC at 187 next=0x5b (chunk=1369)
[VT] ESC at 206 next=0x5b (chunk=1369)
[VT] ESC at 233 next=0x5b (chunk=1369)
[VT] ESC at 237 next=0x5b (chunk=1369)
[VT] ESC at 245 next=0x5b (chunk=1369)
[VT] ESC at 264 next=0x5b (chunk=1369)
[VT] ESC at 331 next=0x5b (chunk=1369)
[VT] ESC at 335 next=0x5b (chunk=1369)
[VT] ESC at 343 next=0x5b (chunk=1369)
[VT] ESC at 362 next=0x5b (chunk=1369)
[VT] ESC at 380 next=0x5b (chunk=1369)
[VT] ESC at 387 next=0x5b (chunk=1369)
[VT] ESC at 406 next=0x5b (chunk=1369)
[VT] ESC at 424 next=0x5b (chunk=1369)
[VT] ESC at 428 next=0x5b (chunk=1369)
[VT] ESC at 435 next=0x5b (chunk=1369)
[VT] ESC at 453 next=0x5b (chunk=1369)
[VT] ESC at 472 next=0x5b (chunk=1369)
[VT] ESC at 476 next=0x5b (chunk=1369)
[VT] ESC at 483 next=0x5b (chunk=1369)
[VT] ESC at 499 next=0x5b (chunk=1369)
[VT] ESC at 785 next=0x5b (chunk=1369)
[VT] ESC at 789 next=0x5b (chunk=1369)
[VT] ESC at 797 next=0x5b (chunk=1369)
[VT] ESC at 816 next=0x5b (chunk=1369)
[VT] ESC at 834 next=0x5b (chunk=1369)
[VT] ESC at 841 next=0x5b (chunk=1369)
[VT] ESC at 860 next=0x5b (chunk=1369)
[VT] ESC at 934 next=0x5b (chunk=1369)
[VT] ESC at 938 next=0x5b (chunk=1369)
[VT] ESC at 946 next=0x5b (chunk=1369)
[VT] ESC at 965 next=0x5b (chunk=1369)
[VT] ESC at 1000 next=0x5b (chunk=1369)
[VT] ESC at 1004 next=0x5b (chunk=1369)
[VT] ESC at 1012 next=0x5b (chunk=1369)
[VT] ESC at 1031 next=0x5b (chunk=1369)
[VT] ESC at 1049 next=0x5b (chunk=1369)
[VT] ESC at 1053 next=0x5b (chunk=1369)
[VT] ESC at 1061 next=0x5b (chunk=1369)
[VT] ESC at 1080 next=0x5b (chunk=1369)
[VT] ESC at 1103 next=0x5b (chunk=1369)
[VT] ESC at 1107 next=0x5b (chunk=1369)
[VT] ESC at 1115 next=0x5b (chunk=1369)
[VT] ESC at 1134 next=0x5b (chunk=1369)
[VT] ESC at 1158 next=0x5b (chunk=1369)
[VT] ESC at 1162 next=0x5b (chunk=1369)
[VT] ESC at 1170 next=0x5b (chunk=1369)
[VT] ESC at 1189 next=0x5b (chunk=1369)
[VT] ESC at 1207 next=0x5b (chunk=1369)
[VT] ESC at 1214 next=0x5b (chunk=1369)
[VT] ESC at 1233 next=0x5b (chunk=1369)
[VT] ESC at 1344 next=0x5b (chunk=1369)
[VT] ESC at 1348 next=0x5b (chunk=1369)
[VT] ESC at 1355 next=0x5b (chunk=1369)
[VT] ESC at 1361 next=0x5b (chunk=1369)
[VT] ESC at 0 next=0x5b (chunk=273)
[VT] ESC at 8 next=0x5b (chunk=273)
[VT] ESC at 14 next=0x5b (chunk=273)
[VT] ESC at 21 next=0x5b (chunk=273)
[VT] ESC at 39 next=0x5b (chunk=273)
[VT] ESC at 58 next=0x5b (chunk=273)
[VT] ESC at 62 next=0x5b (chunk=273)
[VT] ESC at 69 next=0x5b (chunk=273)
[VT] ESC at 88 next=0x5b (chunk=273)
[VT] ESC at 194 next=0x5b (chunk=273)
[VT] ESC at 198 next=0x5b (chunk=273)
[VT] ESC at 205 next=0x5b (chunk=273)
[VT] ESC at 224 next=0x5b (chunk=273)
[VT] ESC at 244 next=0x5b (chunk=273)
[VT] ESC at 248 next=0x5b (chunk=273)
[VT] ESC at 252 next=0x5b (chunk=273)
[VT] ESC at 259 next=0x5b (chunk=273)
[VT] ESC at 265 next=0x5b (chunk=273)
